{
"type": "FeatureCollection",
"name": "EstadoRJ_otimizado",
"crs": { "type": "name", "properties": { "name": "urn:ogc:def:crs:OGC:1.3:CRS84" } },
"features": [
{ "type": "Feature", "properties": { "CD_UF": "33", "NM_UF": "Rio de Janeiro", "SIGLA_UF": "RJ", "NM_REGIAO": "Sudeste\n", "AREA_KM2": 43750.425 }, "geometry": { "type": "MultiPolygon", "coordinates": [ [ [ [ -42.001418679, -22.889856121 ], [ -42.013814179999898, -22.883397674 ], [ -42.027719127, -22.897062236 ], [ -42.037597191, -22.924594897 ], [ -42.033250637, -22.945885190999899 ], [ -42.0227006699999, -22.9463930329999 ], [ -42.024697289, -22.959129165 ], [ -42.001893854999899, -22.949868366 ], [ -42.009468049, -22.960010113 ], [ -41.994848308, -22.961768553 ], [ -42.019897571999898, -22.971357086999902 ], [ -42.019736477, -22.9791394609999 ], [ -42.007918364, -22.983290757 ], [ -42.012936163999903, -22.997491398 ], [ -42.019714, -22.984127848999901 ], [ -42.035229312, -22.979009392 ], [ -42.037884307999903, -22.967178205 ], [ -42.073911709999898, -22.955523521 ], [ -42.361293316999898, -22.935465537 ], [ -42.604746546999898, -22.93383962 ], [ -42.674455887, -22.943724743 ], [ -42.689960911, -22.962103367999902 ], [ -42.702631684, -22.9565952089999 ], [ -42.733105829, -22.95646131 ], [ -42.917700247, -22.9749445909999 ], [ -43.004686407999898, -22.969718554999901 ], [ -43.025017159, -22.980669688 ], [ -43.039656400999903, -22.974492568999899 ], [ -43.051714565999902, -22.981818264 ], [ -43.04574471, -22.972485648 ], [ -43.051944836, -22.963631886 ], [ -43.110429696, -22.9536495679999 ], [ -43.1203729429999, -22.945448518 ], [ -43.117446824, -22.936735681 ], [ -43.128998033, -22.939155658999901 ], [ -43.13530092, -22.937975056 ], [ -43.121417791999903, -22.9222635849999 ], [ -43.111907226, -22.935342252999899 ], [ -43.098624791, -22.931574559 ], [ -43.095782067999899, -22.915547088 ], [ -43.1110183179999, -22.915331866 ], [ -43.116796356, -22.904364066 ], [ -43.130968868, -22.9113095659999 ], [ -43.130420414999897, -22.908519014 ], [ -43.137573915, -22.903308269 ], [ -43.1245721619999, -22.8945738799999 ], [ -43.134562629, -22.881574206 ], [ -43.128248638999899, -22.87643056 ], [ -43.114446847, -22.881309467999898 ], [ -43.116417603999899, -22.875297722 ], [ -43.1252015869999, -22.872323642 ], [ -43.11383918, -22.864540325 ], [ -43.111711489999898, -22.877508772999899 ], [ -43.097123214, -22.828117144 ], [ -43.065079276999903, -22.8029318809999 ], [ -43.078943841999902, -22.799131697999901 ], [ -43.081532314999897, -22.789385632999899 ], [ -43.068378449, -22.778647712999899 ], [ -43.068770287999897, -22.7698929979999 ], [ -43.029402255, -22.747618229 ], [ -43.026237238, -22.743482222 ], [ -43.026059005, -22.725398119 ], [ -43.035552955, -22.711369648999899 ], [ -43.030074023999902, -22.704801919 ], [ -43.037207042, -22.700775371 ], [ -43.032568134, -22.693760504 ], [ -43.051349645, -22.692736968 ], [ -43.054688867, -22.684707844999899 ], [ -43.067057957, -22.688817656 ], [ -43.084640878, -22.6769585659999 ], [ -43.115739596, -22.696376492999899 ], [ -43.127733759, -22.715018106999899 ], [ -43.1517940109999, -22.708001501999899 ], [ -43.213010042, -22.726562558 ], [ -43.219322986999899, -22.738989868 ], [ -43.2646402519999, -22.759955306999899 ], [ -43.278629963999897, -22.780486309 ], [ -43.266889807, -22.823484225999898 ], [ -43.2432360399999, -22.842255694999899 ], [ -43.236529638, -22.862028194999901 ], [ -43.232437510999901, -22.869207198 ], [ -43.2247297649999, -22.875301145 ], [ -43.217017007, -22.875799447 ], [ -43.209918785999903, -22.866999101 ], [ -43.201385748, -22.871460886 ], [ -43.215972408, -22.8863438499999 ], [ -43.210843739, -22.8976064239999 ], [ -43.179066196, -22.8922805559999 ], [ -43.173346635, -22.902080707 ], [ -43.161537812999903, -22.905277928 ], [ -43.161642039, -22.9167896229999 ], [ -43.172709940999901, -22.916606726999898 ], [ -43.168634093, -22.938715913 ], [ -43.180377887, -22.94793455 ], [ -43.169995217999897, -22.952310576999899 ], [ -43.152178491, -22.938572967 ], [ -43.150235009, -22.950928642 ], [ -43.1644409479999, -22.954723483999899 ], [ -43.159595999, -22.9644145299999 ], [ -43.185295902999897, -22.974224870999901 ], [ -43.189264992999902, -22.983634843999901 ], [ -43.183523691999902, -22.986014907 ], [ -43.190115600999903, -22.990696446 ], [ -43.226668049999901, -22.988536951 ], [ -43.240781456, -23.000415086 ], [ -43.274726912999903, -23.002276971999901 ], [ -43.286432676999901, -23.016449786 ], [ -43.357604809999899, -23.011121429 ], [ -43.445596383999899, -23.0229183 ], [ -43.498245241999903, -23.037133395999899 ], [ -43.508535184, -23.047573828999901 ], [ -43.534386641, -23.050291659 ], [ -43.548931810999903, -23.060707565 ], [ -43.55183269, -23.076182620999901 ], [ -43.564614079, -23.0755286529999 ], [ -43.572456364999901, -23.073139265999899 ], [ -43.567723279999903, -23.071457726999899 ], [ -43.569088984, -23.066293447 ], [ -43.561598577, -23.058151113999902 ], [ -43.562373013, -23.053156352 ], [ -43.564414309, -23.051316912999901 ], [ -43.578074532, -23.04560808 ], [ -43.577171289, -23.0436499529999 ], [ -43.579220238999902, -23.040215197999899 ], [ -43.580768469, -23.0386232829999 ], [ -43.622915885999902, -23.007870206 ], [ -43.643225512999898, -23.001117249999901 ], [ -43.647939823999899, -23.000899489999899 ], [ -43.653200394, -23.002775058999902 ], [ -43.674279060999901, -22.9803094399999 ], [ -43.689475409999901, -22.991902712999899 ], [ -43.710963745, -22.97057898 ], [ -43.719635301, -22.973022222999901 ], [ -43.7246528639999, -22.960703145 ], [ -43.796785539, -22.916540848999901 ], [ -43.801436633, -22.924511632 ], [ -43.810222446999902, -22.917569004 ], [ -43.83203528, -22.931190592999901 ], [ -43.849357418999901, -22.931633559 ], [ -43.854347133, -22.918756297 ], [ -43.839026023, -22.911771911999899 ], [ -43.83737754, -22.903953788 ], [ -43.856766004999898, -22.901869496 ], [ -43.910271791, -22.931016563999901 ], [ -43.950917178999902, -22.9269528099999 ], [ -44.005856944, -22.942136025 ], [ -44.030524477, -22.964268860999901 ], [ -44.032629073, -22.981059796 ], [ -44.042940284999901, -22.984531284 ], [ -44.055920269, -22.980828808999899 ], [ -44.039832397999902, -22.950787579999901 ], [ -44.053774749999903, -22.942293359 ], [ -44.079318070999904, -22.956700635999901 ], [ -44.075649899, -22.972979117 ], [ -44.082580322999902, -22.992990533999901 ], [ -44.0961004279999, -22.995611202 ], [ -44.095940894, -23.004857575 ], [ -44.1136295539999, -23.023384743 ], [ -44.152606311999897, -23.041017758999899 ], [ -44.160224335999899, -23.031782661 ], [ -44.170980057, -23.032988574999901 ], [ -44.176816501, -23.037820840999899 ], [ -44.172227071999899, -23.047348659 ], [ -44.182456769999902, -23.045449846999901 ], [ -44.1856796329999, -23.052942035999902 ], [ -44.195153546, -23.054250963 ], [ -44.193880922999902, -23.041060813999898 ], [ -44.201378145, -23.038312699 ], [ -44.237644422, -23.0565345599999 ], [ -44.250433422, -23.048628 ], [ -44.221187156, -23.014024622 ], [ -44.249355131999899, -22.997834215 ], [ -44.261176409, -23.007237405999899 ], [ -44.273366627, -23.004022544999899 ], [ -44.278002436999898, -23.01705414 ], [ -44.284470354999897, -23.014582209 ], [ -44.293815587, -23.025329192999902 ], [ -44.306458799, -23.023648357 ], [ -44.297072422, -23.009802443 ], [ -44.301293152, -23.002188632 ], [ -44.347392108, -23.030386227999902 ], [ -44.358498233, -23.023688483999901 ], [ -44.362922211999901, -23.010223368 ], [ -44.353624124, -22.997003866999901 ], [ -44.339330355, -22.990363509 ], [ -44.327676094, -22.995050728 ], [ -44.329454145999897, -22.983359624999899 ], [ -44.317526611999902, -22.985390730999899 ], [ -44.29987133, -22.958667138 ], [ -44.318944271, -22.956469168999899 ], [ -44.333010267, -22.967719974 ], [ -44.338217772999897, -22.957675847 ], [ -44.328586486999903, -22.954134422 ], [ -44.334062848, -22.946818288 ], [ -44.319798229999897, -22.93600276 ], [ -44.325943674, -22.937014854 ], [ -44.322848361999903, -22.931501002999902 ], [ -44.329433606999899, -22.932565672 ], [ -44.331119468999901, -22.925811666999898 ], [ -44.339930889999899, -22.92218602 ], [ -44.353372136, -22.931194333 ], [ -44.360684729999903, -22.9235233009999 ], [ -44.366768948, -22.9301656549999 ], [ -44.359973835999902, -22.931917663 ], [ -44.373972237, -22.942825750999901 ], [ -44.370312262, -22.948401471999901 ], [ -44.366735993, -22.948282076999899 ], [ -44.364389998, -22.940502369999901 ], [ -44.349483189999901, -22.9457888069999 ], [ -44.3592512829999, -22.9574822599999 ], [ -44.373790421, -22.959745714999901 ], [ -44.3768605019999, -22.969861599999899 ], [ -44.385197085999899, -22.972078023999899 ], [ -44.377828816, -22.958079332 ], [ -44.395851724999901, -22.954426843 ], [ -44.395836741, -22.947743283 ], [ -44.397218003, -22.955504565999899 ], [ -44.397913200999902, -22.9500400219999 ], [ -44.414293025999903, -22.954095675 ], [ -44.407870508, -22.950736118999899 ], [ -44.409287741, -22.943351853 ], [ -44.412243561, -22.940871217999899 ], [ -44.425496998, -22.9621814979999 ], [ -44.434685583, -22.963337833 ], [ -44.437670204, -22.973403007999899 ], [ -44.430934233, -22.978403079 ], [ -44.441182169999898, -22.992153569 ], [ -44.424847379, -22.997607208 ], [ -44.443532088, -23.006431726999899 ], [ -44.440504088, -23.020455715 ], [ -44.4305686659999, -23.020081181 ], [ -44.441359680999902, -23.026596122999901 ], [ -44.460043207, -23.0181217099999 ], [ -44.458633043, -23.008730644 ], [ -44.469847484999903, -23.012426677999901 ], [ -44.462183072999899, -23.007739423 ], [ -44.477530628, -23.005810744 ], [ -44.503463650999898, -23.029824054 ], [ -44.530538544, -23.02712772 ], [ -44.596299025999897, -23.063958667 ], [ -44.589551018, -23.05044385 ], [ -44.596198707, -23.045067393999901 ], [ -44.668552646, -23.054168567 ], [ -44.691019493999903, -23.08275616 ], [ -44.687333794, -23.090662457999901 ], [ -44.698980836, -23.120379208 ], [ -44.688269737, -23.126447011 ], [ -44.699083806, -23.130666521 ], [ -44.693017917, -23.146425474 ], [ -44.707507688, -23.163486581 ], [ -44.698311149999903, -23.174498737 ], [ -44.716136747999897, -23.182411362 ], [ -44.7065090299999, -23.185512692 ], [ -44.721050235, -23.198000981 ], [ -44.710297113, -23.2110200619999 ], [ -44.713611872999898, -23.233631838999901 ], [ -44.694845772999898, -23.232637194999899 ], [ -44.668254524, -23.205405314 ], [ -44.659051811, -23.208077986 ], [ -44.654357268, -23.190544159 ], [ -44.643454597999899, -23.185224758999901 ], [ -44.643715782999898, -23.196421372 ], [ -44.6160234439999, -23.203820225 ], [ -44.62717535, -23.213110711999899 ], [ -44.625118660999902, -23.222368403 ], [ -44.640974979, -23.219233752 ], [ -44.636515962, -23.211433284 ], [ -44.636972066999903, -23.210581105 ], [ -44.651370594999896, -23.222157418999899 ], [ -44.662709956999898, -23.214001152 ], [ -44.663977953, -23.228012819999901 ], [ -44.654751808, -23.227086798999899 ], [ -44.666726449, -23.235082417999902 ], [ -44.672990964999897, -23.2305748809999 ], [ -44.678352146, -23.238210506 ], [ -44.672109836999901, -23.239794882999899 ], [ -44.683223046, -23.240455813 ], [ -44.678967423, -23.245923118 ], [ -44.69237056, -23.2524730129999 ], [ -44.66945414, -23.244260459 ], [ -44.667603267999901, -23.245489156 ], [ -44.670351092, -23.2482303039999 ], [ -44.669244221, -23.250267843 ], [ -44.651964356, -23.23501935 ], [ -44.631676243999898, -23.240343434 ], [ -44.613408052999901, -23.233570678 ], [ -44.657272529999901, -23.292163221 ], [ -44.648029506999897, -23.3019046389999 ], [ -44.637497585999903, -23.301203085999902 ], [ -44.646241056999898, -23.289847929 ], [ -44.630399467, -23.2819104189999 ], [ -44.620952202, -23.258283142 ], [ -44.597109599, -23.244230651999899 ], [ -44.599243218, -23.236492537999901 ], [ -44.560258908, -23.226378087999901 ], [ -44.578501204, -23.246677303999899 ], [ -44.583415805999898, -23.268042513 ], [ -44.547805024, -23.274310618999898 ], [ -44.537993168, -23.26673341 ], [ -44.502861405, -23.293135988 ], [ -44.509511524999901, -23.301045777999899 ], [ -44.528870347999899, -23.286764314 ], [ -44.5403404629999, -23.304725527999899 ], [ -44.555763086999903, -23.303567114 ], [ -44.566295827, -23.3229945799999 ], [ -44.563271019, -23.332969895 ], [ -44.585355635, -23.359558422 ], [ -44.606900485, -23.366705017 ], [ -44.606808268, -23.347926890999901 ], [ -44.618173757, -23.351626003 ], [ -44.624134190999897, -23.339081151 ], [ -44.63435147, -23.352250511 ], [ -44.628871150999899, -23.337409006 ], [ -44.640085509999899, -23.330999881 ], [ -44.655023399999898, -23.3429162629999 ], [ -44.663049643, -23.339148969 ], [ -44.659788777, -23.347445455 ], [ -44.672355169999904, -23.345020991 ], [ -44.675244695999901, -23.33588994 ], [ -44.681564113, -23.338763279 ], [ -44.683947124, -23.342567383999899 ], [ -44.681059214, -23.347168204 ], [ -44.686200035999903, -23.352021873 ], [ -44.703344714, -23.3405081249999 ], [ -44.720019916999902, -23.347919309 ], [ -44.721401360999899, -23.357568693 ], [ -44.730547011999903, -23.356364621 ], [ -44.724246326, -23.367557269 ], [ -44.735755352, -23.365637163 ], [ -44.759944001, -23.341227521 ], [ -44.777749588999903, -23.337749502999898 ], [ -44.778111982, -23.315597705999899 ], [ -44.787421385, -23.299106885 ], [ -44.807149798999902, -23.283485517 ], [ -44.8267208, -23.291621355 ], [ -44.823758905, -23.280692337999898 ], [ -44.839993088, -23.263389624 ], [ -44.836056391999897, -23.256172348 ], [ -44.871992798999898, -23.248955072999902 ], [ -44.889320551, -23.22659492 ], [ -44.87273247, -23.182502192999898 ], [ -44.822727176999898, -23.160076943 ], [ -44.825481475999901, -23.1437409719999 ], [ -44.8160574999999, -23.140315562 ], [ -44.810599789, -23.115534603 ], [ -44.8164344589999, -23.107831527 ], [ -44.808813331, -23.0994728709999 ], [ -44.817925906, -23.085722061 ], [ -44.814795507, -23.067677196 ], [ -44.806994093999897, -23.0630553509999 ], [ -44.811894561, -23.054516409 ], [ -44.802208353, -23.048780076 ], [ -44.795865608, -23.0253102799999 ], [ -44.792817156999902, -23.0098385699999 ], [ -44.80263587, -22.999661977999899 ], [ -44.792901405999899, -22.993413212 ], [ -44.791898182, -22.981875897999899 ], [ -44.755259533, -22.9803124909999 ], [ -44.743820657999898, -22.947205612999898 ], [ -44.713434414999902, -22.929875375999899 ], [ -44.687734766999903, -22.93677001 ], [ -44.673332434, -22.917957805 ], [ -44.658994048, -22.927931210999901 ], [ -44.607310766, -22.885236958999901 ], [ -44.599778731999898, -22.890768518 ], [ -44.575729534999901, -22.878017521999901 ], [ -44.555953404, -22.8880917279999 ], [ -44.543651558, -22.884945075 ], [ -44.538895983, -22.873696858999899 ], [ -44.495412635, -22.846956253 ], [ -44.478720832, -22.850868155999901 ], [ -44.480134158999903, -22.8665044809999 ], [ -44.466191579999901, -22.885371268 ], [ -44.437644631, -22.873100005 ], [ -44.418195323, -22.848112311 ], [ -44.374223269, -22.858086229 ], [ -44.325273962, -22.837761235999899 ], [ -44.322434351, -22.84966667 ], [ -44.29652163, -22.827876578 ], [ -44.285657484, -22.828243206 ], [ -44.283364789, -22.836156704 ], [ -44.27225261, -22.832107509 ], [ -44.261311459999902, -22.806259213 ], [ -44.246379171999898, -22.803966147 ], [ -44.240140686, -22.792657985999899 ], [ -44.2565232379999, -22.787490623999901 ], [ -44.257105387, -22.766282988999901 ], [ -44.238777532, -22.7557247619999 ], [ -44.242499891, -22.748650856 ], [ -44.227046522, -22.7337389899999 ], [ -44.198960308, -22.7352873409999 ], [ -44.203706858, -22.71741752 ], [ -44.176061085, -22.705657948 ], [ -44.176812985, -22.692621394 ], [ -44.161365164, -22.678258448999902 ], [ -44.171449752999898, -22.659428447 ], [ -44.190126752, -22.648583983 ], [ -44.184276293, -22.6372991379999 ], [ -44.204367767999898, -22.626343751 ], [ -44.207425939, -22.612021667 ], [ -44.219364036999899, -22.6175366269999 ], [ -44.226369057999896, -22.604560026999899 ], [ -44.253388189, -22.612470884999901 ], [ -44.268735611, -22.598774252999899 ], [ -44.285690584, -22.609730979999899 ], [ -44.295429693, -22.598462556 ], [ -44.344990274999901, -22.587848741 ], [ -44.356023692999898, -22.614899292 ], [ -44.3627448619999, -22.605910299 ], [ -44.359861609999903, -22.593054086999899 ], [ -44.370420539999898, -22.5897464879999 ], [ -44.359808366, -22.581173882 ], [ -44.382397778, -22.573494187999898 ], [ -44.392370137999897, -22.572493997 ], [ -44.409650535, -22.588430307 ], [ -44.398151395, -22.602902435 ], [ -44.406619657, -22.608848413 ], [ -44.431474505, -22.598651764 ], [ -44.464876736999898, -22.615969573 ], [ -44.484903825999901, -22.603901834999899 ], [ -44.508588432, -22.640947013999899 ], [ -44.515599965, -22.630106559999899 ], [ -44.532271782, -22.630727716 ], [ -44.535004866999898, -22.638107045 ], [ -44.53781249, -22.633038414999898 ], [ -44.526303900999899, -22.619291592 ], [ -44.537537845, -22.61819409 ], [ -44.550278977999902, -22.603761208 ], [ -44.564086764, -22.611992722 ], [ -44.574057033, -22.601733571 ], [ -44.583656655, -22.626213226999901 ], [ -44.602076008, -22.607771538999899 ], [ -44.610797354999903, -22.617384265999899 ], [ -44.622987208, -22.605123427 ], [ -44.6402485529999, -22.608057922999901 ], [ -44.646116541, -22.603386613999898 ], [ -44.644427612999898, -22.555598615999902 ], [ -44.661532700999899, -22.550936129 ], [ -44.677426102, -22.5615001419999 ], [ -44.671007247, -22.536664736 ], [ -44.698865719, -22.5114658369999 ], [ -44.716220807, -22.514236191 ], [ -44.711253674, -22.496259762 ], [ -44.724968945999898, -22.483793771 ], [ -44.717695991, -22.467359087 ], [ -44.733942822, -22.43289577 ], [ -44.755333665, -22.415269200999901 ], [ -44.809305396, -22.406288901 ], [ -44.80214942, -22.392349523 ], [ -44.744696056999899, -22.375590151 ], [ -44.725447222999897, -22.358925239 ], [ -44.707953093999897, -22.368828085 ], [ -44.666039141999903, -22.372623726 ], [ -44.660700587, -22.380524223 ], [ -44.622018576, -22.331947758999899 ], [ -44.588708784999902, -22.320254334 ], [ -44.563619192, -22.333177455999898 ], [ -44.545738495, -22.323621918 ], [ -44.545700843, -22.332086267 ], [ -44.532579303, -22.330704088999902 ], [ -44.513575476, -22.308628574 ], [ -44.459913062999902, -22.279989316 ], [ -44.457107349, -22.2575871089999 ], [ -44.437198088999899, -22.257773434999901 ], [ -44.433209464999898, -22.251408333 ], [ -44.394796668, -22.258906945 ], [ -44.387588977, -22.272504823 ], [ -44.362022485999901, -22.251973215 ], [ -44.336889889, -22.2585598319999 ], [ -44.3238959769999, -22.253738842 ], [ -44.322348928999901, -22.26112733 ], [ -44.291509622, -22.24306137 ], [ -44.263506145, -22.243435925 ], [ -44.260575279, -22.267868033 ], [ -44.249836198, -22.260401325 ], [ -44.247139478999898, -22.267456937 ], [ -44.235242187, -22.266394802 ], [ -44.213109776, -22.246055606 ], [ -44.201240072, -22.251200753 ], [ -44.177288233, -22.226563534 ], [ -44.163649002999897, -22.233054492 ], [ -44.148414423, -22.212588802 ], [ -44.141683956, -22.220386579 ], [ -44.121392399999898, -22.208952338 ], [ -44.12328394, -22.187691871 ], [ -44.103837580999901, -22.184085777 ], [ -44.100419535, -22.173134756 ], [ -44.0896455, -22.175269651999901 ], [ -44.08721194, -22.184594613999899 ], [ -44.069458012, -22.162814249 ], [ -44.041494192, -22.1608231549999 ], [ -44.026583104999901, -22.1510004209999 ], [ -44.004371337, -22.162637263 ], [ -43.964881291, -22.139352516 ], [ -43.953487805, -22.142328097 ], [ -43.942603152999901, -22.132494301 ], [ -43.879651375, -22.114021367 ], [ -43.879197847999897, -22.09951956 ], [ -43.842370494, -22.0996410979999 ], [ -43.765705447, -22.062175472 ], [ -43.755799751, -22.076240347 ], [ -43.760440108, -22.081422721 ], [ -43.734137342999901, -22.097086963 ], [ -43.719821775, -22.080648406 ], [ -43.691315935, -22.070858857 ], [ -43.681294092, -22.071776972999899 ], [ -43.672090808999897, -22.090349461999899 ], [ -43.665907354, -22.074708307 ], [ -43.64642781, -22.064852388 ], [ -43.620709502999901, -22.075261388999898 ], [ -43.620366593, -22.08412176 ], [ -43.612888926, -22.082296589999899 ], [ -43.6114730359999, -22.071599987 ], [ -43.603265301, -22.072573411 ], [ -43.599339154999903, -22.059149048999899 ], [ -43.585666236, -22.05153418 ], [ -43.584029113, -22.07112434 ], [ -43.561142586, -22.088435799 ], [ -43.512360763999901, -22.05918883 ], [ -43.503822802999899, -22.07520227 ], [ -43.448247513999902, -22.067086842 ], [ -43.410987216, -22.0489648289999 ], [ -43.348310321, -22.002114683999899 ], [ -43.339656896, -22.0104320619999 ], [ -43.319945059, -22.00555544 ], [ -43.316927495999899, -22.016607021 ], [ -43.302243306, -22.021008435999899 ], [ -43.245467, -22.006574107999899 ], [ -43.221511628, -22.033760915 ], [ -43.201337549, -22.025832691999899 ], [ -43.202947729999899, -22.037437168999901 ], [ -43.169574359, -22.021810478 ], [ -43.153638971, -22.032979477 ], [ -43.128535698, -22.0293117639999 ], [ -43.1333747259999, -22.058409675 ], [ -43.154735756, -22.0775422409999 ], [ -43.1355584, -22.10988423 ], [ -43.116828835, -22.085140759999899 ], [ -43.078145752999902, -22.083055777 ], [ -43.07504046, -22.093391967999899 ], [ -43.063107262, -22.087979885 ], [ -43.033161161, -22.0659048589999 ], [ -43.039152142, -22.044594499 ], [ -43.007877403, -22.031507905999899 ], [ -42.989804295999903, -22.034228272999901 ], [ -42.968985459, -22.014895039 ], [ -42.900034943, -21.98483742 ], [ -42.87846974, -21.965773500999902 ], [ -42.881427470999903, -21.959266186 ], [ -42.787790311, -21.9295697969999 ], [ -42.684964373999897, -21.879198142999901 ], [ -42.39562742, -21.761640691 ], [ -42.373579521, -21.745848808999899 ], [ -42.333462062, -21.745848808999899 ], [ -42.2694290109999, -21.716983066999902 ], [ -42.272704521, -21.703713487999899 ], [ -42.26493482, -21.693863706999899 ], [ -42.273757961999898, -21.67740808 ], [ -42.2833664139999, -21.680952767999901 ], [ -42.282571076, -21.670398877 ], [ -42.301341009999902, -21.654922064999901 ], [ -42.340131487, -21.6619738589999 ], [ -42.34802583, -21.641801997 ], [ -42.355643782, -21.647792287999899 ], [ -42.369601498, -21.640094308 ], [ -42.355477560999901, -21.6250455109999 ], [ -42.369119436999902, -21.619455779 ], [ -42.346256347999898, -21.582975108 ], [ -42.3247720049999, -21.569443555 ], [ -42.330433667, -21.559842865 ], [ -42.309412914999903, -21.551486091999902 ], [ -42.3025260759999, -21.538914572 ], [ -42.306304724, -21.529084656 ], [ -42.297188245, -21.523535495 ], [ -42.285601067, -21.528120159 ], [ -42.273861947999897, -21.503895429999901 ], [ -42.254615402, -21.486978146 ], [ -42.271250629, -21.475027640999901 ], [ -42.27098301, -21.4660521069999 ], [ -42.292124921, -21.459238114999899 ], [ -42.275366249999898, -21.428308468999901 ], [ -42.275311701, -21.404179385 ], [ -42.2675292979999, -21.399651772 ], [ -42.255088819, -21.409766695 ], [ -42.237519226, -21.402162463 ], [ -42.237276167999902, -21.392822103 ], [ -42.251975366999901, -21.387197054999898 ], [ -42.230024234, -21.366494530999901 ], [ -42.229365029999897, -21.35150234 ], [ -42.236829734, -21.345199090999898 ], [ -42.224234322, -21.337813087 ], [ -42.237972355, -21.31945245 ], [ -42.229302248, -21.308202029 ], [ -42.228636766, -21.282059868 ], [ -42.189724875, -21.250505955999898 ], [ -42.195036473999899, -21.239125498 ], [ -42.188092559, -21.230390804 ], [ -42.202934074, -21.220446234 ], [ -42.194433477, -21.201737387 ], [ -42.208074387, -21.178224714 ], [ -42.193987729999897, -21.1642318 ], [ -42.191570646999899, -21.147117599 ], [ -42.170647615999897, -21.128644411 ], [ -42.164026885999903, -21.1010601139999 ], [ -42.140215489, -21.103471993 ], [ -42.133309539, -21.080707468999901 ], [ -42.120100339, -21.077216824999901 ], [ -42.120175677, -21.0679502949999 ], [ -42.104681234999902, -21.055092671999901 ], [ -42.101065029, -21.034173920999901 ], [ -42.079920264, -21.035103084 ], [ -42.084809368, -21.022989922 ], [ -42.141363268, -20.9926409239999 ], [ -42.150949977, -20.974028954999898 ], [ -42.138036693999901, -20.960048924 ], [ -42.115298089, -20.959010247 ], [ -42.114315556, -20.950251673 ], [ -42.093794666999898, -20.935625977 ], [ -42.065862675999902, -20.938994659999899 ], [ -42.02305955, -20.925129333 ], [ -41.976152268, -20.935792440999901 ], [ -41.979818699, -20.922883977 ], [ -41.966689268, -20.916951506 ], [ -41.967309843, -20.898572720999901 ], [ -41.949755425, -20.872971994999901 ], [ -41.954376394, -20.865267694 ], [ -41.936028044999901, -20.8552443049999 ], [ -41.926707009, -20.838789835999901 ], [ -41.935620996, -20.827705325999901 ], [ -41.928609926, -20.794144828 ], [ -41.901990317, -20.796625723 ], [ -41.880318460999902, -20.780596409999902 ], [ -41.874738201, -20.765934253999902 ], [ -41.8528668, -20.763386301 ], [ -41.848187569999901, -20.774372318 ], [ -41.824384532, -20.788296982 ], [ -41.827899606, -20.797112921999901 ], [ -41.805791940999903, -20.797519812 ], [ -41.8127090629999, -20.803001518 ], [ -41.813918429, -20.805454158 ], [ -41.781683735999898, -20.797610232 ], [ -41.755103299, -20.806816059 ], [ -41.751597197, -20.816475685999901 ], [ -41.745830958999903, -20.812778328 ], [ -41.736308895, -20.835913072 ], [ -41.745889793999901, -20.852436562 ], [ -41.741467125, -20.872585956 ], [ -41.727371041, -20.863754389999901 ], [ -41.711786144, -20.8689977669999 ], [ -41.726340939999901, -20.892389471999898 ], [ -41.718483611999901, -20.8991449379999 ], [ -41.722367913, -20.9232527899999 ], [ -41.737431709, -20.930841515999902 ], [ -41.730951709, -20.9469726479999 ], [ -41.717405540999899, -20.953044879999901 ], [ -41.710014079, -20.9910336639999 ], [ -41.721421475999897, -21.002013328 ], [ -41.714545337999901, -21.015408346 ], [ -41.725201474, -21.033078006 ], [ -41.716188917, -21.047051016999902 ], [ -41.723235390999903, -21.0556378479999 ], [ -41.729347858, -21.049627066 ], [ -41.732767526, -21.066053145999899 ], [ -41.721563218, -21.073299226 ], [ -41.736279278, -21.101430211 ], [ -41.705184216, -21.1094739 ], [ -41.718353167, -21.116419499 ], [ -41.717065162, -21.125279049 ], [ -41.704943468, -21.127794872 ], [ -41.705726524999903, -21.120822835 ], [ -41.694157928, -21.115372242 ], [ -41.677661838999903, -21.124088383 ], [ -41.678400543, -21.133502926999899 ], [ -41.663153075, -21.124701553 ], [ -41.66536439, -21.131983899 ], [ -41.654085316, -21.142167566999898 ], [ -41.628037635999902, -21.144678827999901 ], [ -41.612589517999901, -21.157000943 ], [ -41.586747919999901, -21.149474288 ], [ -41.583895047999903, -21.1647618269999 ], [ -41.564623119, -21.183744858 ], [ -41.556088579999901, -21.1723935589999 ], [ -41.548288323999898, -21.183299473 ], [ -41.530436811, -21.1800252909999 ], [ -41.517075261999899, -21.18771721 ], [ -41.5115500799999, -21.175836264999901 ], [ -41.498260754999897, -21.185129162 ], [ -41.486524258, -21.179892879 ], [ -41.471690028999902, -21.202742607999902 ], [ -41.446170702, -21.215481408 ], [ -41.435248996, -21.2157018999999 ], [ -41.416477772, -21.200120462 ], [ -41.376648568999897, -21.195796263 ], [ -41.37235227, -21.203543461 ], [ -41.336834763, -21.2072055699999 ], [ -41.3257852529999, -21.218559307 ], [ -41.316183861, -21.213545651999901 ], [ -41.316938342999897, -21.222003152 ], [ -41.309916793, -21.219496325 ], [ -41.297297473999897, -21.235072725999899 ], [ -41.26082679, -21.236788563999902 ], [ -41.256494603, -21.225252291999901 ], [ -41.241368457, -21.220360328 ], [ -41.205408873, -21.244333384 ], [ -41.193118119, -21.241327624999901 ], [ -41.190599123, -21.248750754 ], [ -41.182956950999902, -21.236070589999901 ], [ -41.175819794999903, -21.244728877999901 ], [ -41.155891720999897, -21.245081534 ], [ -41.141168385999897, -21.23905201 ], [ -41.13630076, -21.226858607999901 ], [ -41.120067229, -21.230229439 ], [ -41.092017536999897, -21.218194234999899 ], [ -41.059319262, -21.234646809 ], [ -41.041333595, -21.254947334999901 ], [ -41.024905224, -21.245802699 ], [ -41.004740410999901, -21.251099871999902 ], [ -40.995795224999902, -21.286189792999899 ], [ -40.984953455, -21.287481656999901 ], [ -40.979161119, -21.279976989 ], [ -40.980788893, -21.289088289999899 ], [ -40.9599005379999, -21.3020849239999 ], [ -40.9613986909999, -21.360776685 ], [ -40.982627481, -21.391610882 ], [ -40.997756568999897, -21.39982774 ], [ -41.023109046999899, -21.445264598999898 ], [ -41.057330696, -21.478893065 ], [ -41.073268502, -21.516778729 ], [ -41.047673997999901, -21.586633526999901 ], [ -41.064949161, -21.552718199 ], [ -41.045986142999901, -21.606602707 ], [ -41.05023262, -21.615691554 ], [ -41.026898541, -21.623397548 ], [ -41.012308356999903, -21.620984264 ], [ -41.023898689, -21.732602856 ], [ -40.993969718, -21.848705811999899 ], [ -40.974956124999899, -21.9651830409999 ], [ -40.985457986, -22.002527019 ], [ -40.998641577999898, -22.016969463 ], [ -41.123233405999898, -22.084174892 ], [ -41.16741523, -22.115829251 ], [ -41.263419715999902, -22.153369687 ], [ -41.518775551, -22.224437496999901 ], [ -41.669192879, -22.288553020999899 ], [ -41.764396279, -22.353517315 ], [ -41.777087776, -22.370696804 ], [ -41.765555946999903, -22.376985334 ], [ -41.767936317, -22.390861293999901 ], [ -41.786445227999899, -22.3976171219999 ], [ -41.794833748, -22.405565044 ], [ -41.812598793999904, -22.413533947 ], [ -41.831363290999903, -22.42614343 ], [ -41.839133827999902, -22.432588360999901 ], [ -41.854476540999897, -22.449289104999899 ], [ -41.861877053999898, -22.468192836999901 ], [ -41.859538643999898, -22.47016122 ], [ -41.86242637, -22.472915433 ], [ -41.862704842, -22.475785991999899 ], [ -41.861350624, -22.477044841999898 ], [ -41.863391489, -22.476245664 ], [ -41.873050301, -22.4811074959999 ], [ -41.876876442, -22.487922452 ], [ -41.8875614089999, -22.485774777 ], [ -41.893333046, -22.488456509999899 ], [ -41.932517616, -22.537534497 ], [ -41.94303855, -22.528133176 ], [ -41.957885352999902, -22.531760952 ], [ -41.9768558439999, -22.556911251 ], [ -41.989188761, -22.598516248 ], [ -41.996177284999902, -22.601848386 ], [ -41.999713508999903, -22.632745525 ], [ -41.994090646, -22.689296505 ], [ -41.981380074999898, -22.722844860999899 ], [ -41.954818336, -22.731712124 ], [ -41.945647804, -22.7542817799999 ], [ -41.9254451689999, -22.770484708 ], [ -41.910590736, -22.768394252999901 ], [ -41.911178201, -22.756744168 ], [ -41.902545542, -22.7564027519999 ], [ -41.897788612999904, -22.749343654 ], [ -41.885894386, -22.754422925 ], [ -41.882613748, -22.740909361 ], [ -41.872413246999898, -22.737367413 ], [ -41.873557655999903, -22.754102491 ], [ -41.863772958, -22.754951261 ], [ -41.873229594, -22.766225597999899 ], [ -41.876395789999897, -22.761470577999901 ], [ -41.877963631999897, -22.775846263999899 ], [ -41.888717262999897, -22.770686887 ], [ -41.882232277999897, -22.77747514 ], [ -41.881156532, -22.7843167999999 ], [ -41.886508552999899, -22.777200481 ], [ -41.894752115, -22.786115428999899 ], [ -41.898658363, -22.781387111 ], [ -41.90358314, -22.783658766 ], [ -41.907989111999903, -22.7782457069999 ], [ -41.921825022, -22.787116786999899 ], [ -41.93065223, -22.802366038999899 ], [ -41.928191749999897, -22.814454815 ], [ -41.940291967999897, -22.809407969999899 ], [ -41.970817177, -22.823398373 ], [ -41.986491768999898, -22.853261732 ], [ -41.979693977, -22.873420498 ], [ -42.001418679, -22.889856121 ] ] ], [ [ [ -44.71844407, -23.3583926159999 ], [ -44.720903495, -23.358562510999899 ], [ -44.718309159999897, -23.357059469 ], [ -44.71844407, -23.3583926159999 ] ] ], [ [ [ -44.681544817, -23.178098087 ], [ -44.684387242, -23.178651726999899 ], [ -44.683766809, -23.176986327999899 ], [ -44.681544817, -23.178098087 ] ] ], [ [ [ -44.691940826999897, -23.169691429999901 ], [ -44.694918043, -23.156167543 ], [ -44.683399425999902, -23.150840307 ], [ -44.681130563, -23.157445546 ], [ -44.691940826999897, -23.169691429999901 ] ] ], [ [ [ -44.68459161, -23.130078834 ], [ -44.687342674, -23.129699682 ], [ -44.684181899999899, -23.12847089 ], [ -44.68459161, -23.130078834 ] ] ], [ [ [ -44.68623758, -23.107421592 ], [ -44.686986185, -23.106842592 ], [ -44.68546084, -23.1064581269999 ], [ -44.68623758, -23.107421592 ] ] ], [ [ [ -44.684148224, -23.088509057 ], [ -44.684137791, -23.086989402 ], [ -44.682516907, -23.0868513839999 ], [ -44.684148224, -23.088509057 ] ] ], [ [ [ -44.67606548, -23.0957622829999 ], [ -44.676753859, -23.095960052999899 ], [ -44.675969419, -23.095583772999898 ], [ -44.67606548, -23.0957622829999 ] ] ], [ [ [ -44.659591725, -23.058987323999901 ], [ -44.660639253999904, -23.058877847 ], [ -44.660287492999899, -23.058431479 ], [ -44.659591725, -23.058987323999901 ] ] ], [ [ [ -44.636817057, -23.066888852 ], [ -44.638262187, -23.066521523999899 ], [ -44.638073291999902, -23.066310845 ], [ -44.636817057, -23.066888852 ] ] ], [ [ [ -44.657911640999899, -23.093156425 ], [ -44.658423725, -23.092912151999901 ], [ -44.658035888, -23.092720735999901 ], [ -44.657911640999899, -23.093156425 ] ] ], [ [ [ -44.64423626, -23.075093007 ], [ -44.642393641999902, -23.068358273999898 ], [ -44.635194516999903, -23.067651551 ], [ -44.637885954999902, -23.071817773 ], [ -44.64423626, -23.075093007 ] ] ], [ [ [ -44.666505698, -23.121608184 ], [ -44.667574374, -23.121956763999901 ], [ -44.666316356, -23.121000334 ], [ -44.666505698, -23.121608184 ] ] ], [ [ [ -44.67037622, -23.09813445 ], [ -44.672317726, -23.097189408 ], [ -44.66911941, -23.09687257 ], [ -44.67037622, -23.09813445 ] ] ], [ [ [ -44.679513665999899, -23.10810249 ], [ -44.680806536, -23.109361358999902 ], [ -44.6806413259999, -23.108484865 ], [ -44.679513665999899, -23.10810249 ] ] ], [ [ [ -44.677442744, -23.125422618999899 ], [ -44.679562610999902, -23.126171197 ], [ -44.677676107, -23.124713003999901 ], [ -44.677442744, -23.125422618999899 ] ] ], [ [ [ -44.674181104999903, -23.113362249 ], [ -44.677642164, -23.111228127999901 ], [ -44.673219562, -23.111375954 ], [ -44.674181104999903, -23.113362249 ] ] ], [ [ [ -44.674362979, -23.170480376999901 ], [ -44.678338309, -23.169509155999901 ], [ -44.674375487, -23.1694764 ], [ -44.674362979, -23.170480376999901 ] ] ], [ [ [ -44.679463104, -23.174048248 ], [ -44.6802404969999, -23.173270579 ], [ -44.679557061, -23.172855942 ], [ -44.679463104, -23.174048248 ] ] ], [ [ [ -44.679314652, -23.1751673159999 ], [ -44.679634096, -23.174937831 ], [ -44.679317814999898, -23.174912682 ], [ -44.679314652, -23.1751673159999 ] ] ], [ [ [ -44.674664876, -23.132530803999899 ], [ -44.676435012999903, -23.132416114 ], [ -44.674689249, -23.131737809 ], [ -44.674664876, -23.132530803999899 ] ] ], [ [ [ -44.667067641, -23.1319325169999 ], [ -44.667293076, -23.131978481 ], [ -44.667101408999898, -23.131855772999899 ], [ -44.667067641, -23.1319325169999 ] ] ], [ [ [ -44.661715761, -23.160626249 ], [ -44.666185371, -23.160612452 ], [ -44.661441388999897, -23.159167947 ], [ -44.661715761, -23.160626249 ] ] ], [ [ [ -44.678566433, -23.180979237 ], [ -44.678703685, -23.180762393 ], [ -44.6784266, -23.180766758999901 ], [ -44.678566433, -23.180979237 ] ] ], [ [ [ -44.656058668999897, -23.183752727 ], [ -44.6597996469999, -23.185694261 ], [ -44.657736053, -23.1811400409999 ], [ -44.656058668999897, -23.183752727 ] ] ], [ [ [ -44.6816928699999, -23.20539866 ], [ -44.683009262, -23.205752124999901 ], [ -44.681534284, -23.2049960699999 ], [ -44.6816928699999, -23.20539866 ] ] ], [ [ [ -44.671868757, -23.20035827 ], [ -44.673060692, -23.2004095839999 ], [ -44.672164043999899, -23.199863139999898 ], [ -44.671868757, -23.20035827 ] ] ], [ [ [ -44.689064832, -23.209627299 ], [ -44.689800406, -23.209267736999902 ], [ -44.689035847999897, -23.209220694 ], [ -44.689064832, -23.209627299 ] ] ], [ [ [ -44.690203046, -23.2173063729999 ], [ -44.693234993, -23.215525957999901 ], [ -44.68963804, -23.214877346 ], [ -44.690203046, -23.2173063729999 ] ] ], [ [ [ -44.688941073, -23.207946100999902 ], [ -44.689344934, -23.207598703 ], [ -44.688877221, -23.2076094509999 ], [ -44.688941073, -23.207946100999902 ] ] ], [ [ [ -44.685652149, -23.1810386679999 ], [ -44.685620488, -23.181942126 ], [ -44.686583871, -23.181886301 ], [ -44.685652149, -23.1810386679999 ] ] ], [ [ [ -44.706829961, -23.205870642 ], [ -44.707300338, -23.205911065 ], [ -44.706816263, -23.205408083 ], [ -44.706829961, -23.205870642 ] ] ], [ [ [ -44.708771372999898, -23.204295923 ], [ -44.710399766, -23.205113038 ], [ -44.7105924379999, -23.2046526039999 ], [ -44.708771372999898, -23.204295923 ] ] ], [ [ [ -44.680687442, -23.341497274999899 ], [ -44.681437598999899, -23.341583036 ], [ -44.680825330999902, -23.341248282 ], [ -44.680687442, -23.341497274999899 ] ] ], [ [ [ -44.679469051, -23.342496339 ], [ -44.680744892999897, -23.342196885 ], [ -44.679442284999901, -23.341950692999902 ], [ -44.679469051, -23.342496339 ] ] ], [ [ [ -44.670506081, -23.35500662 ], [ -44.672861245, -23.355551235 ], [ -44.671217645999903, -23.3545936629999 ], [ -44.670506081, -23.35500662 ] ] ], [ [ [ -44.665548526999899, -23.351309316 ], [ -44.665780065, -23.350687632 ], [ -44.665331368, -23.350557294999899 ], [ -44.665548526999899, -23.351309316 ] ] ], [ [ [ -44.664790737, -23.350110752 ], [ -44.665106417999901, -23.3500595319999 ], [ -44.664823365, -23.349950437 ], [ -44.664790737, -23.350110752 ] ] ], [ [ [ -44.667978338999902, -23.2398109 ], [ -44.671246874, -23.238894930999901 ], [ -44.668120533, -23.238806279999899 ], [ -44.667978338999902, -23.2398109 ] ] ], [ [ [ -44.650859174999901, -23.231521577 ], [ -44.647111852, -23.226980012999899 ], [ -44.633876654999902, -23.225599245 ], [ -44.639584223, -23.229166124 ], [ -44.650859174999901, -23.231521577 ] ] ], [ [ [ -44.6359293209999, -23.27994717 ], [ -44.636655431, -23.279668025 ], [ -44.6361635, -23.279592722 ], [ -44.6359293209999, -23.27994717 ] ] ], [ [ [ -44.629717908, -23.273098994 ], [ -44.631907027999901, -23.273135222 ], [ -44.631460593, -23.27249226 ], [ -44.629717908, -23.273098994 ] ] ], [ [ [ -44.570603375, -23.2670583129999 ], [ -44.571206902, -23.265567016 ], [ -44.568173585999901, -23.26428641 ], [ -44.570603375, -23.2670583129999 ] ] ], [ [ [ -44.583316913, -23.211350156 ], [ -44.585211575, -23.210564915 ], [ -44.582907792999897, -23.210347659 ], [ -44.583316913, -23.211350156 ] ] ], [ [ [ -44.618634701, -23.224707453 ], [ -44.594836049, -23.202115759 ], [ -44.584592335, -23.203673809999898 ], [ -44.602016965, -23.222097136999899 ], [ -44.618634701, -23.224707453 ] ] ], [ [ [ -44.625088898999898, -23.194875314999901 ], [ -44.6260111019999, -23.194614005999899 ], [ -44.624706439, -23.194254273999899 ], [ -44.625088898999898, -23.194875314999901 ] ] ], [ [ [ -44.635292288, -23.194101277999899 ], [ -44.637054627999902, -23.1936627219999 ], [ -44.634893223999903, -23.1923156669999 ], [ -44.635292288, -23.194101277999899 ] ] ], [ [ [ -44.634457009999899, -23.176462597 ], [ -44.635080371999898, -23.176564152 ], [ -44.634748965, -23.176049127999899 ], [ -44.634457009999899, -23.176462597 ] ] ], [ [ [ -44.633896313, -23.17474169 ], [ -44.635224216, -23.174760428 ], [ -44.634468845, -23.173995813 ], [ -44.633896313, -23.17474169 ] ] ], [ [ [ -44.620795374999901, -23.190263719 ], [ -44.622996792, -23.189747794 ], [ -44.620770666999903, -23.189682042 ], [ -44.620795374999901, -23.190263719 ] ] ], [ [ [ -44.593154195999901, -23.086880081999901 ], [ -44.594817822, -23.085336030999901 ], [ -44.592874217, -23.085871169 ], [ -44.593154195999901, -23.086880081999901 ] ] ], [ [ [ -44.572648886, -23.187972811 ], [ -44.576679064, -23.184265173 ], [ -44.57353083, -23.182912852999898 ], [ -44.572648886, -23.187972811 ] ] ], [ [ [ -44.606486796999903, -23.195096912999901 ], [ -44.608635072, -23.195790018 ], [ -44.607777887999902, -23.1943937959999 ], [ -44.606486796999903, -23.195096912999901 ] ] ], [ [ [ -44.580783246, -23.19815254 ], [ -44.583977435, -23.2023366499999 ], [ -44.584585832999899, -23.2001513189999 ], [ -44.580783246, -23.19815254 ] ] ], [ [ [ -44.572178333999901, -23.196376573999899 ], [ -44.574375029999899, -23.195670800999899 ], [ -44.572614616, -23.195393273 ], [ -44.572178333999901, -23.196376573999899 ] ] ], [ [ [ -44.362576095999898, -23.178875336 ], [ -44.371725017, -23.183697772 ], [ -44.378563791, -23.175045723 ], [ -44.339966730999897, -23.153468704 ], [ -44.325393396, -23.154351726999899 ], [ -44.320072519, -23.143676551999899 ], [ -44.327667988, -23.137980249 ], [ -44.311031, -23.137608029 ], [ -44.311345386, -23.127675135999901 ], [ -44.295199838, -23.113980942999898 ], [ -44.2972826069999, -23.131392019 ], [ -44.282942307, -23.136619126 ], [ -44.275481831, -23.117190601999901 ], [ -44.249907108999899, -23.109995037 ], [ -44.248532471, -23.10227041 ], [ -44.259235858, -23.09870187 ], [ -44.237744872, -23.0927858169999 ], [ -44.23506366, -23.082818802 ], [ -44.240777865, -23.081011576 ], [ -44.231565378, -23.075277183 ], [ -44.2335600769999, -23.090599574999899 ], [ -44.216306765, -23.089802169999899 ], [ -44.210774596, -23.098835655 ], [ -44.189970953999897, -23.102623477999899 ], [ -44.199503482999901, -23.108892125 ], [ -44.206913738, -23.103297423 ], [ -44.218120815, -23.105854898 ], [ -44.206284281, -23.108092493999902 ], [ -44.201579465999899, -23.119830119 ], [ -44.170402732, -23.11793138 ], [ -44.170129441, -23.137243527 ], [ -44.162760619, -23.142167105999899 ], [ -44.148042625999899, -23.1249133859999 ], [ -44.126765829, -23.119495346999901 ], [ -44.124255819, -23.1249017119999 ], [ -44.140471155999897, -23.138930458999901 ], [ -44.132744225, -23.145388968 ], [ -44.140652744, -23.1574433279999 ], [ -44.114464821, -23.148125745999899 ], [ -44.107480621, -23.164906362 ], [ -44.090747641999897, -23.167538086 ], [ -44.118475407999902, -23.186099316 ], [ -44.131781867, -23.187501257999902 ], [ -44.123122523999903, -23.1772897019999 ], [ -44.13996066, -23.167027171 ], [ -44.163820689, -23.174375783 ], [ -44.170865345, -23.184768833 ], [ -44.184722001, -23.179780045 ], [ -44.189986319999903, -23.18885747 ], [ -44.181782224, -23.1940932269999 ], [ -44.196552020999903, -23.203776689999899 ], [ -44.2070372969999, -23.192479761 ], [ -44.253586261, -23.205438998 ], [ -44.253479706999897, -23.189281395 ], [ -44.270940617999898, -23.197162934999898 ], [ -44.265573447999898, -23.187426939 ], [ -44.270439731, -23.180497088 ], [ -44.30133248, -23.177852431 ], [ -44.3160517909999, -23.18397183 ], [ -44.333393873, -23.223617009 ], [ -44.348123997, -23.227002581 ], [ -44.339801485, -23.21918031 ], [ -44.351181066, -23.216898490999899 ], [ -44.340379735999903, -23.182942941 ], [ -44.35737482, -23.191635894999902 ], [ -44.362576095999898, -23.178875336 ] ] ], [ [ [ -44.398518681, -23.09922669 ], [ -44.399947137, -23.09949918 ], [ -44.398916288, -23.098549095 ], [ -44.398518681, -23.09922669 ] ] ], [ [ [ -44.310257841, -23.085536674 ], [ -44.312907557, -23.085682768 ], [ -44.310142169999899, -23.085172014 ], [ -44.310257841, -23.085536674 ] ] ], [ [ [ -44.3090515069999, -23.091139903999899 ], [ -44.310124787999897, -23.09119371 ], [ -44.3094661169999, -23.090482813999898 ], [ -44.3090515069999, -23.091139903999899 ] ] ], [ [ [ -44.555273507, -23.2213946809999 ], [ -44.5569707659999, -23.221052276 ], [ -44.553668780999899, -23.220214289 ], [ -44.555273507, -23.2213946809999 ] ] ], [ [ [ -44.568681303999902, -23.351215409 ], [ -44.569560238999898, -23.348252987 ], [ -44.566536143, -23.3478993159999 ], [ -44.568681303999902, -23.351215409 ] ] ], [ [ [ -44.356606175, -23.213576913999901 ], [ -44.3595257919999, -23.212773585 ], [ -44.356614712, -23.212676981999898 ], [ -44.356606175, -23.213576913999901 ] ] ], [ [ [ -44.182264344, -23.183459738 ], [ -44.183988535, -23.183626869 ], [ -44.182039086, -23.18317576 ], [ -44.182264344, -23.183459738 ] ] ], [ [ [ -44.179731789999899, -23.1839892899999 ], [ -44.181066352999899, -23.183414102 ], [ -44.179126448, -23.1831854879999 ], [ -44.179731789999899, -23.1839892899999 ] ] ], [ [ [ -44.148766962, -23.223110311 ], [ -44.162150064999899, -23.222768485 ], [ -44.149388020999901, -23.216525287 ], [ -44.148766962, -23.223110311 ] ] ], [ [ [ -44.094154220999897, -23.175053622 ], [ -44.094421693, -23.174877355 ], [ -44.094321111999903, -23.174827317999899 ], [ -44.094154220999897, -23.175053622 ] ] ], [ [ [ -44.090789958, -23.173349007 ], [ -44.092916257999903, -23.173433431 ], [ -44.091132315, -23.1728714189999 ], [ -44.090789958, -23.173349007 ] ] ], [ [ [ -44.104101431999901, -23.13804959 ], [ -44.109164495, -23.1386934679999 ], [ -44.104034326, -23.137167371 ], [ -44.104101431999901, -23.13804959 ] ] ], [ [ [ -44.103028486, -23.138405174 ], [ -44.103454790999898, -23.138433758 ], [ -44.102990577, -23.13830711 ], [ -44.103028486, -23.138405174 ] ] ], [ [ [ -44.107876018999903, -23.143250462 ], [ -44.108699898999902, -23.143272222 ], [ -44.108273492, -23.142934173 ], [ -44.107876018999903, -23.143250462 ] ] ], [ [ [ -44.120488533999897, -23.1478530649999 ], [ -44.121045115999898, -23.147446267 ], [ -44.120610090999897, -23.147386452 ], [ -44.120488533999897, -23.1478530649999 ] ] ], [ [ [ -44.166162729999897, -23.1353904109999 ], [ -44.167327239, -23.136800907999898 ], [ -44.167189398999902, -23.135005319999902 ], [ -44.166162729999897, -23.1353904109999 ] ] ], [ [ [ -44.149966753999898, -23.126007500999901 ], [ -44.150830401, -23.125624053 ], [ -44.149767349999898, -23.125622920999898 ], [ -44.149966753999898, -23.126007500999901 ] ] ], [ [ [ -43.835429526, -23.115039231 ], [ -43.836232376999902, -23.116470029 ], [ -43.836626854, -23.116340184 ], [ -43.835429526, -23.115039231 ] ] ], [ [ [ -44.140143275, -23.119519549 ], [ -44.140651573, -23.119357591 ], [ -44.140077372999897, -23.119241818 ], [ -44.140143275, -23.119519549 ] ] ], [ [ [ -44.119426522, -23.099380225999901 ], [ -44.119392135999902, -23.098500325 ], [ -44.118384894, -23.098991514 ], [ -44.119426522, -23.099380225999901 ] ] ], [ [ [ -44.010451422, -23.0861654459999 ], [ -44.012149066999903, -23.086393826999899 ], [ -44.0105627249999, -23.0853569659999 ], [ -44.010451422, -23.0861654459999 ] ] ], [ [ [ -44.139675209, -23.106443076999899 ], [ -44.141020123, -23.106552168 ], [ -44.139419824, -23.106093159999901 ], [ -44.139675209, -23.106443076999899 ] ] ], [ [ [ -44.165644135, -23.115122621 ], [ -44.165671059, -23.114410307 ], [ -44.164565804999903, -23.1144492509999 ], [ -44.165644135, -23.115122621 ] ] ], [ [ [ -44.141479686, -23.107292286 ], [ -44.141567551, -23.107184805 ], [ -44.141392186, -23.107124095 ], [ -44.141479686, -23.107292286 ] ] ], [ [ [ -44.167366409, -23.137536274999899 ], [ -44.167752710999899, -23.137708221 ], [ -44.167506445, -23.137450622 ], [ -44.167366409, -23.137536274999899 ] ] ], [ [ [ -44.215054118999902, -23.085858803 ], [ -44.215868588, -23.0860608519999 ], [ -44.215731903999902, -23.085764787 ], [ -44.215054118999902, -23.085858803 ] ] ], [ [ [ -44.240018456, -23.086577944999899 ], [ -44.240373517, -23.085425821999898 ], [ -44.239631618, -23.085759025 ], [ -44.240018456, -23.086577944999899 ] ] ], [ [ [ -44.329332597, -23.086809134 ], [ -44.332536225999903, -23.084914882 ], [ -44.329274396999899, -23.083239455999902 ], [ -44.329332597, -23.086809134 ] ] ], [ [ [ -44.338318343, -23.06157293 ], [ -44.3387545799999, -23.061482392999899 ], [ -44.338338334, -23.061355875999901 ], [ -44.338318343, -23.06157293 ] ] ], [ [ [ -44.376435537, -23.056197187999899 ], [ -44.3770436779999, -23.055814926 ], [ -44.376432023999897, -23.055764557 ], [ -44.376435537, -23.056197187999899 ] ] ], [ [ [ -44.332671181, -23.055452476 ], [ -44.333423147, -23.0549966479999 ], [ -44.332584082, -23.054753169 ], [ -44.332671181, -23.055452476 ] ] ], [ [ [ -44.376248894, -23.058143932 ], [ -44.376717925, -23.058406766 ], [ -44.3765631959999, -23.057840208 ], [ -44.376248894, -23.058143932 ] ] ], [ [ [ -44.328182069, -23.055217835 ], [ -44.329113549999903, -23.055431219 ], [ -44.328217848999898, -23.054740110999902 ], [ -44.328182069, -23.055217835 ] ] ], [ [ [ -44.313784218, -23.055255734 ], [ -44.317912801, -23.054016703999899 ], [ -44.312687135, -23.053094073999901 ], [ -44.313784218, -23.055255734 ] ] ], [ [ [ -44.329567255, -23.055933425 ], [ -44.330586498999899, -23.055428445 ], [ -44.329224547, -23.055214389 ], [ -44.329567255, -23.055933425 ] ] ], [ [ [ -44.315315116, -23.064465675 ], [ -44.316452297, -23.064642783999901 ], [ -44.315800411999902, -23.063813442 ], [ -44.315315116, -23.064465675 ] ] ], [ [ [ -44.3096295839999, -23.060716119999899 ], [ -44.317772654, -23.059238856 ], [ -44.308977361, -23.05878911 ], [ -44.3096295839999, -23.060716119999899 ] ] ], [ [ [ -44.239805482, -23.08440214 ], [ -44.241263938, -23.084660628999899 ], [ -44.244107261999901, -23.084146496 ], [ -44.239805482, -23.08440214 ] ] ], [ [ [ -44.240664943, -23.0837327949999 ], [ -44.241066893, -23.083829132999899 ], [ -44.240620064, -23.083648663 ], [ -44.240664943, -23.0837327949999 ] ] ], [ [ [ -44.240231858999898, -23.0851415459999 ], [ -44.240413614, -23.085079483 ], [ -44.24020387, -23.0850784739999 ], [ -44.240231858999898, -23.0851415459999 ] ] ], [ [ [ -44.2285832439999, -23.083360576 ], [ -44.229576490999897, -23.082913036 ], [ -44.228246363, -23.082851956 ], [ -44.2285832439999, -23.083360576 ] ] ], [ [ [ -44.240107475999899, -23.077834679 ], [ -44.241307511999899, -23.077515026999901 ], [ -44.2399670839999, -23.077275880999899 ], [ -44.240107475999899, -23.077834679 ] ] ], [ [ [ -43.724881533, -23.055877407 ], [ -43.614008145999897, -23.030981853 ], [ -43.600939648999898, -23.040526175 ], [ -43.5675575449999, -23.053976122999899 ], [ -43.568329647, -23.059610996999901 ], [ -43.566343279, -23.061778906 ], [ -43.611839669999902, -23.050261258 ], [ -43.7329970219999, -23.057782145 ], [ -43.934620496, -23.083100455 ], [ -43.987997467, -23.102400380999899 ], [ -44.006464953, -23.096475378 ], [ -44.012044864, -23.079738741 ], [ -43.97372209, -23.045504074999901 ], [ -43.954433535, -23.040926392 ], [ -43.933390889, -23.05716498 ], [ -43.89946681, -23.068795596 ], [ -43.882322756999898, -23.066996296 ], [ -43.881018394, -23.042102751 ], [ -43.908802051, -23.026195317 ], [ -43.912917734, -23.020876072 ], [ -43.854662972, -23.049959751 ], [ -43.806341341999897, -23.061330939999898 ], [ -43.724881533, -23.055877407 ] ] ], [ [ [ -44.227155335, -23.077646216999899 ], [ -44.227755229, -23.077095023 ], [ -44.227025875, -23.077407638 ], [ -44.227155335, -23.077646216999899 ] ] ], [ [ [ -44.250695173999901, -23.069997569 ], [ -44.254930724, -23.071133561 ], [ -44.25531096, -23.070784067 ], [ -44.250695173999901, -23.069997569 ] ] ], [ [ [ -44.268229630999897, -23.0542292969999 ], [ -44.269199777, -23.054242356 ], [ -44.268541748, -23.053477003 ], [ -44.268229630999897, -23.0542292969999 ] ] ], [ [ [ -44.135955533, -23.043339256 ], [ -44.1395716, -23.04294106 ], [ -44.136665738, -23.040446368999898 ], [ -44.135955533, -23.043339256 ] ] ], [ [ [ -44.123213609999901, -23.0397338349999 ], [ -44.1309527559999, -23.039482221999901 ], [ -44.129780771, -23.036012124 ], [ -44.123213609999901, -23.0397338349999 ] ] ], [ [ [ -44.112335026, -23.03812879 ], [ -44.111573741, -23.038374211 ], [ -44.111812657, -23.038780093 ], [ -44.112335026, -23.03812879 ] ] ], [ [ [ -44.158114172999902, -23.040939455999901 ], [ -44.162077157999903, -23.040059567999901 ], [ -44.159559933, -23.036681214999899 ], [ -44.158114172999902, -23.040939455999901 ] ] ], [ [ [ -44.308232021, -23.050934008999899 ], [ -44.309123102999898, -23.0507282099999 ], [ -44.308690508, -23.050284265999899 ], [ -44.308232021, -23.050934008999899 ] ] ], [ [ [ -44.332414398, -23.053917705999901 ], [ -44.33404526, -23.053158374 ], [ -44.332332543999897, -23.053385461999898 ], [ -44.332414398, -23.053917705999901 ] ] ], [ [ [ -44.377615302, -23.031537263 ], [ -44.346687714, -23.039382890999899 ], [ -44.351380790999897, -23.059454688 ], [ -44.343756786, -23.0636871849999 ], [ -44.345684710999898, -23.068795200999901 ], [ -44.3512945109999, -23.0637072009999 ], [ -44.362492096, -23.071649253 ], [ -44.353722139, -23.063378503 ], [ -44.361936651999898, -23.046342824 ], [ -44.391906518, -23.044744355 ], [ -44.377615302, -23.031537263 ] ] ], [ [ [ -44.298332262, -23.038555915 ], [ -44.298665195999902, -23.038642547999899 ], [ -44.298665241, -23.038349476999901 ], [ -44.298332262, -23.038555915 ] ] ], [ [ [ -44.298336522999897, -23.037737239 ], [ -44.298644537, -23.037721957 ], [ -44.298536331, -23.037622353 ], [ -44.298336522999897, -23.037737239 ] ] ], [ [ [ -44.341244, -23.039254221 ], [ -44.343192253, -23.038103292999899 ], [ -44.340285749, -23.037579315999899 ], [ -44.341244, -23.039254221 ] ] ], [ [ [ -44.391413218, -23.041668636999901 ], [ -44.395307257999903, -23.039299886 ], [ -44.391301773999899, -23.039704397 ], [ -44.391413218, -23.041668636999901 ] ] ], [ [ [ -44.397709253, -23.037117714 ], [ -44.397935447, -23.037262988999899 ], [ -44.397817634, -23.0370635099999 ], [ -44.397709253, -23.037117714 ] ] ], [ [ [ -44.49261554, -23.043594143 ], [ -44.492518525, -23.044198429999899 ], [ -44.493347781, -23.044343737 ], [ -44.49261554, -23.043594143 ] ] ], [ [ [ -44.399357315, -23.045534454999899 ], [ -44.399698160999897, -23.045353926 ], [ -44.399441553, -23.0452830199999 ], [ -44.399357315, -23.045534454999899 ] ] ], [ [ [ -44.543645738, -23.046149747 ], [ -44.5437753369999, -23.045470291999901 ], [ -44.543249725, -23.0452844829999 ], [ -44.543645738, -23.046149747 ] ] ], [ [ [ -44.545423340999903, -23.049518495 ], [ -44.546140099999903, -23.0485599749999 ], [ -44.544086127, -23.046851363 ], [ -44.545423340999903, -23.049518495 ] ] ], [ [ [ -44.481932685999901, -23.040422245999899 ], [ -44.491490526, -23.052389517999899 ], [ -44.50315059, -23.0550357189999 ], [ -44.501892351, -23.0483239449999 ], [ -44.481932685999901, -23.040422245999899 ] ] ], [ [ [ -44.399292628999902, -23.046332010999901 ], [ -44.3997736869999, -23.046458602 ], [ -44.399426659, -23.046068966 ], [ -44.399292628999902, -23.046332010999901 ] ] ], [ [ [ -44.420604364, -23.053608212 ], [ -44.421158412999901, -23.05347302 ], [ -44.420675652999897, -23.053212663 ], [ -44.420604364, -23.053608212 ] ] ], [ [ [ -44.4013978, -23.0572218689999 ], [ -44.404455661, -23.055098648999898 ], [ -44.402700330999899, -23.054302059 ], [ -44.4013978, -23.0572218689999 ] ] ], [ [ [ -44.377148927999897, -23.0572239759999 ], [ -44.377657699999901, -23.057056327999899 ], [ -44.377132747, -23.056883861 ], [ -44.377148927999897, -23.0572239759999 ] ] ], [ [ [ -44.393120263, -23.0715609179999 ], [ -44.39558403, -23.068891762 ], [ -44.392169324, -23.067847099999899 ], [ -44.393120263, -23.0715609179999 ] ] ], [ [ [ -44.4070790009999, -23.060773012 ], [ -44.407639054, -23.060071202 ], [ -44.4066490659999, -23.059743615999899 ], [ -44.4070790009999, -23.060773012 ] ] ], [ [ [ -44.405715917999899, -23.0590606969999 ], [ -44.406251380999898, -23.059518317 ], [ -44.40612615, -23.058948372 ], [ -44.405715917999899, -23.0590606969999 ] ] ], [ [ [ -44.40990692, -23.063465863 ], [ -44.411587434, -23.062700924 ], [ -44.410145876999898, -23.061698255 ], [ -44.40990692, -23.063465863 ] ] ], [ [ [ -44.556588833, -23.0769560859999 ], [ -44.557121637, -23.07639109 ], [ -44.556375730999903, -23.076244922999901 ], [ -44.556588833, -23.0769560859999 ] ] ], [ [ [ -44.563514547, -23.0668978809999 ], [ -44.556627983999903, -23.0553463809999 ], [ -44.551954392, -23.056457814999899 ], [ -44.556002395, -23.05745696 ], [ -44.563514547, -23.0668978809999 ] ] ], [ [ [ -44.412213683999902, -23.055883706 ], [ -44.412678367999902, -23.0557793249999 ], [ -44.4121168409999, -23.055616189 ], [ -44.412213683999902, -23.055883706 ] ] ], [ [ [ -44.412647029, -23.059381565 ], [ -44.417793251, -23.057728803 ], [ -44.412204947, -23.0589113579999 ], [ -44.412647029, -23.059381565 ] ] ], [ [ [ -44.60691158, -23.061435299 ], [ -44.607769898999898, -23.059872884999901 ], [ -44.600455657999902, -23.055951466 ], [ -44.60691158, -23.061435299 ] ] ], [ [ [ -44.594645103999902, -23.066598413999898 ], [ -44.596932341999903, -23.066102784 ], [ -44.595030732999902, -23.065339722 ], [ -44.594645103999902, -23.066598413999898 ] ] ], [ [ [ -44.563433974, -23.067895823 ], [ -44.564417793, -23.067318771 ], [ -44.563592673, -23.067259979 ], [ -44.563433974, -23.067895823 ] ] ], [ [ [ -44.589808884, -23.070319153 ], [ -44.59015784, -23.070369408 ], [ -44.589751584999902, -23.070027388 ], [ -44.589808884, -23.070319153 ] ] ], [ [ [ -44.602485988, -23.066571745 ], [ -44.604497594, -23.068022293999899 ], [ -44.604206895999901, -23.067144217 ], [ -44.602485988, -23.066571745 ] ] ], [ [ [ -44.616459635999902, -23.062184343 ], [ -44.617216943, -23.0615655779999 ], [ -44.616208137999898, -23.061436523999902 ], [ -44.616459635999902, -23.062184343 ] ] ], [ [ [ -44.62946332, -23.070827312999899 ], [ -44.633025537, -23.0695119929999 ], [ -44.632161455, -23.067689717 ], [ -44.62946332, -23.070827312999899 ] ] ], [ [ [ -44.627142798, -23.062476994 ], [ -44.628705146, -23.060627553 ], [ -44.626047087, -23.0608368339999 ], [ -44.627142798, -23.062476994 ] ] ], [ [ [ -44.609264776, -23.054729775999899 ], [ -44.609970119, -23.054330155999899 ], [ -44.609016115, -23.053960127 ], [ -44.609264776, -23.054729775999899 ] ] ], [ [ [ -44.622732675999899, -23.058908678 ], [ -44.6231177559999, -23.056854363 ], [ -44.618784821, -23.058060412 ], [ -44.622732675999899, -23.058908678 ] ] ], [ [ [ -44.559233298, -23.051724688 ], [ -44.562989433, -23.053023848999899 ], [ -44.563206508, -23.052877354 ], [ -44.559233298, -23.051724688 ] ] ], [ [ [ -44.296270536, -23.032005995 ], [ -44.297026168999899, -23.032150692999899 ], [ -44.296151014, -23.030918089 ], [ -44.296270536, -23.032005995 ] ] ], [ [ [ -44.285479847, -23.0267318739999 ], [ -44.288025909999902, -23.0261327979999 ], [ -44.285911070999902, -23.025901758 ], [ -44.285479847, -23.0267318739999 ] ] ], [ [ [ -44.279068976, -23.035334276 ], [ -44.280405486999904, -23.034404026999901 ], [ -44.279842231, -23.033958540999901 ], [ -44.279068976, -23.035334276 ] ] ], [ [ [ -44.280666975, -23.026911405 ], [ -44.281040011999899, -23.027091423999899 ], [ -44.280838135, -23.026691902 ], [ -44.280666975, -23.026911405 ] ] ], [ [ [ -44.283257751999898, -23.033906169 ], [ -44.284449521999903, -23.033919726 ], [ -44.284059657999897, -23.0332549399999 ], [ -44.283257751999898, -23.033906169 ] ] ], [ [ [ -44.279196984, -23.026949864999899 ], [ -44.279905367, -23.026794365999901 ], [ -44.278235412999898, -23.025315021 ], [ -44.279196984, -23.026949864999899 ] ] ], [ [ [ -44.268893936, -23.024319921 ], [ -44.269466211999898, -23.024706433999899 ], [ -44.26900848, -23.024158398999901 ], [ -44.268893936, -23.024319921 ] ] ], [ [ [ -44.283936551999901, -23.025726059 ], [ -44.285189666, -23.024905331 ], [ -44.284367898, -23.024379343 ], [ -44.283936551999901, -23.025726059 ] ] ], [ [ [ -44.284836167, -23.026034330999899 ], [ -44.285600713, -23.026116456 ], [ -44.284898996, -23.025940208 ], [ -44.284836167, -23.026034330999899 ] ] ], [ [ [ -44.309157886, -23.025505261 ], [ -44.310122323, -23.025331459 ], [ -44.310430618999902, -23.024690920999898 ], [ -44.309157886, -23.025505261 ] ] ], [ [ [ -44.267807278, -23.014596007 ], [ -44.268836717999903, -23.013915488 ], [ -44.267250144999899, -23.0137077639999 ], [ -44.267807278, -23.014596007 ] ] ], [ [ [ -44.276231711, -23.017845458999901 ], [ -44.27716743, -23.017788717 ], [ -44.277133149999898, -23.017402433 ], [ -44.276231711, -23.017845458999901 ] ] ], [ [ [ -44.112222014999901, -23.0373159869999 ], [ -44.113045195, -23.037018379 ], [ -44.112653767, -23.036323274 ], [ -44.112222014999901, -23.0373159869999 ] ] ], [ [ [ -44.110126362, -23.025819242999901 ], [ -44.110792471, -23.025753661 ], [ -44.110407716999902, -23.025479909 ], [ -44.110126362, -23.025819242999901 ] ] ], [ [ [ -44.108771022, -23.023310861 ], [ -44.10901174, -23.023482244 ], [ -44.108975405, -23.023277419 ], [ -44.108771022, -23.023310861 ] ] ], [ [ [ -43.950964234, -23.024420737 ], [ -43.954921729, -23.023451609999899 ], [ -43.953408716999903, -23.022427351 ], [ -43.950964234, -23.024420737 ] ] ], [ [ [ -43.9441068739999, -23.023156024999899 ], [ -43.947485712999899, -23.022646041 ], [ -43.944030899, -23.0200805069999 ], [ -43.9441068739999, -23.023156024999899 ] ] ], [ [ [ -43.940109237999899, -23.016637143 ], [ -43.940596677, -23.016144626 ], [ -43.939787079, -23.016153830999901 ], [ -43.940109237999899, -23.016637143 ] ] ], [ [ [ -43.943476033, -23.019136022999898 ], [ -43.944134151, -23.018482328999902 ], [ -43.943116932999899, -23.018573060999898 ], [ -43.943476033, -23.019136022999898 ] ] ], [ [ [ -43.940347487999901, -23.015192251 ], [ -43.940785376, -23.015325222999898 ], [ -43.940852278, -23.0152048489999 ], [ -43.940347487999901, -23.015192251 ] ] ], [ [ [ -43.929935669, -23.012769659 ], [ -43.930495725, -23.012716766 ], [ -43.930431482, -23.011925640999898 ], [ -43.929935669, -23.012769659 ] ] ], [ [ [ -43.964408363, -23.012808834999898 ], [ -43.965466455, -23.013266852999902 ], [ -43.964497783, -23.01267846 ], [ -43.964408363, -23.012808834999898 ] ] ], [ [ [ -43.965582744999899, -23.015418468999901 ], [ -43.966062195999903, -23.015282684999899 ], [ -43.965417471, -23.015023566 ], [ -43.965582744999899, -23.015418468999901 ] ] ], [ [ [ -44.076764174999902, -23.011984079999898 ], [ -44.07697082, -23.011724312 ], [ -44.076796627, -23.011705812999899 ], [ -44.076764174999902, -23.011984079999898 ] ] ], [ [ [ -44.1096561479999, -23.023743535999898 ], [ -44.110972838999899, -23.0231693009999 ], [ -44.109803106, -23.022119141 ], [ -44.1096561479999, -23.023743535999898 ] ] ], [ [ [ -44.110188079, -23.024736256 ], [ -44.110574136, -23.024773877 ], [ -44.110310708, -23.024594136 ], [ -44.110188079, -23.024736256 ] ] ], [ [ [ -43.924740679, -23.007506202999899 ], [ -43.925234526999901, -23.0077611839999 ], [ -43.925409589, -23.007604168999901 ], [ -43.924740679, -23.007506202999899 ] ] ], [ [ [ -43.949131591, -23.006007895 ], [ -43.955050505, -23.006064749 ], [ -43.952854696, -23.004612279 ], [ -43.949131591, -23.006007895 ] ] ], [ [ [ -43.944594015, -23.0039462999999 ], [ -43.945463279, -23.0040632229999 ], [ -43.94532986, -23.003827343999902 ], [ -43.944594015, -23.0039462999999 ] ] ], [ [ [ -43.946227638, -23.004265688 ], [ -43.947162002, -23.003769403 ], [ -43.945979741, -23.003505613 ], [ -43.946227638, -23.004265688 ] ] ], [ [ [ -43.948340077, -23.004474629999901 ], [ -43.948689045, -23.004577813 ], [ -43.948376224999897, -23.004050196 ], [ -43.948340077, -23.004474629999901 ] ] ], [ [ [ -44.038079538, -23.011693245999901 ], [ -44.052497415999902, -23.003304704999898 ], [ -44.029679778999899, -22.996024766999899 ], [ -44.029692914999899, -23.007337978 ], [ -44.038079538, -23.011693245999901 ] ] ], [ [ [ -43.943228448999903, -23.003954042 ], [ -43.943431231, -23.003637883 ], [ -43.943132494999901, -23.003651711 ], [ -43.943228448999903, -23.003954042 ] ] ], [ [ [ -43.947600812, -23.003512067 ], [ -43.948014262999898, -23.003892983 ], [ -43.948178540999898, -23.003407142999901 ], [ -43.947600812, -23.003512067 ] ] ], [ [ [ -43.916857940999897, -22.991085341 ], [ -43.930456423, -23.011789323999899 ], [ -43.935454471, -23.0150820819999 ], [ -43.937401005, -22.998678257999899 ], [ -43.927464233, -22.988897003 ], [ -43.916857940999897, -22.991085341 ] ] ], [ [ [ -43.912480347, -22.996939499 ], [ -43.912956457, -22.996271857999901 ], [ -43.912273408, -22.996146907 ], [ -43.912480347, -22.996939499 ] ] ], [ [ [ -43.953032761, -23.001796333999899 ], [ -43.954814442, -23.002382713 ], [ -43.952110844999901, -23.000846435 ], [ -43.953032761, -23.001796333999899 ] ] ], [ [ [ -44.301507609999902, -23.008884851999898 ], [ -44.302465718, -23.008717401 ], [ -44.301881357, -23.008170580999899 ], [ -44.301507609999902, -23.008884851999898 ] ] ], [ [ [ -44.307668572, -23.008388625 ], [ -44.309059241999897, -23.008035623999898 ], [ -44.307448069, -23.0077442259999 ], [ -44.307668572, -23.008388625 ] ] ], [ [ [ -44.365742383999901, -22.999661102999902 ], [ -44.366205607, -22.9996301209999 ], [ -44.365790779, -22.999408678999899 ], [ -44.365742383999901, -22.999661102999902 ] ] ], [ [ [ -44.430877633, -23.003289927 ], [ -44.4322678139999, -23.001973665 ], [ -44.431037681, -23.0017736419999 ], [ -44.430877633, -23.003289927 ] ] ], [ [ [ -44.423401151999897, -23.002310778 ], [ -44.4236375629999, -23.002194371 ], [ -44.423305424, -23.002043446 ], [ -44.423401151999897, -23.002310778 ] ] ], [ [ [ -44.422134222, -23.003631578 ], [ -44.422773337, -23.003291702 ], [ -44.422630389999902, -23.003118105999899 ], [ -44.422134222, -23.003631578 ] ] ], [ [ [ -44.382678079, -23.006767269 ], [ -44.383953608999903, -23.007210018 ], [ -44.384103011, -23.006511967999899 ], [ -44.382678079, -23.006767269 ] ] ], [ [ [ -44.32077736, -23.016816388999899 ], [ -44.321434693, -23.0173873849999 ], [ -44.320880756, -23.016564872999901 ], [ -44.32077736, -23.016816388999899 ] ] ], [ [ [ -44.318567523999903, -23.018898788999898 ], [ -44.319852259999898, -23.019173236 ], [ -44.318716432, -23.018444045 ], [ -44.318567523999903, -23.018898788999898 ] ] ], [ [ [ -44.326606915999903, -23.029183883 ], [ -44.326999343, -23.028941433999901 ], [ -44.326585109, -23.0285662329999 ], [ -44.326606915999903, -23.029183883 ] ] ], [ [ [ -44.329219079, -23.026847281999899 ], [ -44.333851694, -23.026655162999901 ], [ -44.333232275999897, -23.02572298 ], [ -44.329219079, -23.026847281999899 ] ] ], [ [ [ -44.331417541, -23.023456074 ], [ -44.331864525, -23.0231654 ], [ -44.331244330999901, -23.02307909 ], [ -44.331417541, -23.023456074 ] ] ], [ [ [ -44.383593106, -23.033955771 ], [ -44.383867419999902, -23.034055891 ], [ -44.383818432999902, -23.033817359 ], [ -44.383593106, -23.033955771 ] ] ], [ [ [ -44.398640831, -23.036778346999899 ], [ -44.400279411, -23.0349158769999 ], [ -44.397027806, -23.035164193999901 ], [ -44.398640831, -23.036778346999899 ] ] ], [ [ [ -44.401038602, -23.031823357999901 ], [ -44.402899665999897, -23.026575787 ], [ -44.3993472229999, -23.026322159 ], [ -44.401038602, -23.031823357999901 ] ] ], [ [ [ -44.411251637, -23.034586331 ], [ -44.413179418, -23.034314633 ], [ -44.412451352999902, -23.033378065 ], [ -44.411251637, -23.034586331 ] ] ], [ [ [ -44.444807426, -23.030445077 ], [ -44.449800169, -23.0327805209999 ], [ -44.445203036999899, -23.028283008 ], [ -44.444807426, -23.030445077 ] ] ], [ [ [ -44.435484978, -23.025916872 ], [ -44.436866778, -23.0261808929999 ], [ -44.436703698, -23.024841286 ], [ -44.435484978, -23.025916872 ] ] ], [ [ [ -44.425658782, -23.0148648599999 ], [ -44.426470477, -23.01481795 ], [ -44.426293727, -23.014606151999899 ], [ -44.425658782, -23.0148648599999 ] ] ], [ [ [ -44.363082727999902, -23.01421056 ], [ -44.363426043999901, -23.014215501 ], [ -44.363413072999897, -23.013874271 ], [ -44.363082727999902, -23.01421056 ] ] ], [ [ [ -44.363150733999902, -23.009993557 ], [ -44.363794753, -23.009684868 ], [ -44.363082576999901, -23.009803551999902 ], [ -44.363150733999902, -23.009993557 ] ] ], [ [ [ -44.3688372989999, -23.012077989 ], [ -44.369694631999899, -23.012039538 ], [ -44.368738725, -23.011805332999899 ], [ -44.3688372989999, -23.012077989 ] ] ], [ [ [ -44.36984509, -23.010491902 ], [ -44.369987452, -23.010355788 ], [ -44.369588968999899, -23.010277368999901 ], [ -44.36984509, -23.010491902 ] ] ], [ [ [ -44.480882651999899, -23.031052496 ], [ -44.481914516, -23.030212032999898 ], [ -44.480271259999903, -23.030035412 ], [ -44.480882651999899, -23.031052496 ] ] ], [ [ [ -44.519364360999901, -23.036271322999902 ], [ -44.515452034, -23.036063679999899 ], [ -44.520689691, -23.038517718 ], [ -44.519364360999901, -23.036271322999902 ] ] ], [ [ [ -44.421981344, -22.995277562 ], [ -44.422610801, -22.994456404999902 ], [ -44.421539778, -22.9944527399999 ], [ -44.421981344, -22.995277562 ] ] ], [ [ [ -44.405514121, -22.993845033 ], [ -44.410451883999897, -22.994290970999899 ], [ -44.409412049, -22.992515603 ], [ -44.405514121, -22.993845033 ] ] ], [ [ [ -44.399760194, -22.9938338219999 ], [ -44.400320746, -22.993445043 ], [ -44.399691783, -22.993770055 ], [ -44.399760194, -22.9938338219999 ] ] ], [ [ [ -44.345276958999897, -22.990936108 ], [ -44.345563727999902, -22.990400438999899 ], [ -44.344924111999902, -22.990427238999899 ], [ -44.345276958999897, -22.990936108 ] ] ], [ [ [ -44.351960862999903, -22.993421677999901 ], [ -44.352722637999896, -22.992786151 ], [ -44.352077494, -22.992807843 ], [ -44.351960862999903, -22.993421677999901 ] ] ], [ [ [ -44.400604858999898, -22.990301481 ], [ -44.403706844999903, -22.992231407 ], [ -44.404307864, -22.991031351999901 ], [ -44.400604858999898, -22.990301481 ] ] ], [ [ [ -44.408938087, -22.989753231 ], [ -44.416731257, -22.987918635 ], [ -44.41447657, -22.985365839999901 ], [ -44.408938087, -22.989753231 ] ] ], [ [ [ -44.341034338, -22.986560293 ], [ -44.342118705, -22.985671491999899 ], [ -44.340990170999902, -22.985235092 ], [ -44.341034338, -22.986560293 ] ] ], [ [ [ -44.411224455, -22.984349918 ], [ -44.413858123, -22.983606210999898 ], [ -44.410990101, -22.983939808999899 ], [ -44.411224455, -22.984349918 ] ] ], [ [ [ -44.352557827999902, -22.984934011 ], [ -44.3550983599999, -22.983401867999898 ], [ -44.350020031, -22.980989904999898 ], [ -44.352557827999902, -22.984934011 ] ] ], [ [ [ -44.361025732, -22.9866890169999 ], [ -44.361690293, -22.9854786729999 ], [ -44.358962604999903, -22.9841998489999 ], [ -44.361025732, -22.9866890169999 ] ] ], [ [ [ -44.334963969999897, -22.981854202 ], [ -44.335904721, -22.9817254 ], [ -44.335060456999898, -22.981325668999901 ], [ -44.334963969999897, -22.981854202 ] ] ], [ [ [ -44.375301858999897, -22.9752539159999 ], [ -44.376806949999903, -22.975471726 ], [ -44.374808915, -22.974101888 ], [ -44.375301858999897, -22.9752539159999 ] ] ], [ [ [ -44.345249608, -22.976537583 ], [ -44.347981341, -22.976839546999901 ], [ -44.344988031999897, -22.9752553719999 ], [ -44.345249608, -22.976537583 ] ] ], [ [ [ -44.329361333999898, -22.979127127 ], [ -44.330695481, -22.979589314999899 ], [ -44.329250256, -22.978263559 ], [ -44.329361333999898, -22.979127127 ] ] ], [ [ [ -44.339189419, -22.977751414999901 ], [ -44.341942695999897, -22.9776620559999 ], [ -44.340323256, -22.975491721 ], [ -44.339189419, -22.977751414999901 ] ] ], [ [ [ -44.405114719, -22.985077182999898 ], [ -44.404062526, -22.976849441999899 ], [ -44.395176660999901, -22.979321258 ], [ -44.3991157, -22.984870702 ], [ -44.405114719, -22.985077182999898 ] ] ], [ [ [ -44.391277636, -22.974785297 ], [ -44.391636256, -22.97467524 ], [ -44.391265269, -22.974754936999901 ], [ -44.391277636, -22.974785297 ] ] ], [ [ [ -44.407307983, -22.978053293 ], [ -44.407999982, -22.977937381999901 ], [ -44.407360911, -22.977845632 ], [ -44.407307983, -22.978053293 ] ] ], [ [ [ -44.430633599, -22.97479221 ], [ -44.43265407, -22.974246313 ], [ -44.430804092, -22.973999615 ], [ -44.430633599, -22.97479221 ] ] ], [ [ [ -44.327664576, -22.972107702999899 ], [ -44.329024737999902, -22.97258482 ], [ -44.329118132, -22.972257156999898 ], [ -44.327664576, -22.972107702999899 ] ] ], [ [ [ -44.387570025999899, -22.973263436 ], [ -44.390981157999903, -22.972519543 ], [ -44.387273719999897, -22.971934792 ], [ -44.387570025999899, -22.973263436 ] ] ], [ [ [ -44.414882259, -22.970444746999899 ], [ -44.424054214, -22.9693881769999 ], [ -44.414650644999902, -22.967899686 ], [ -44.414882259, -22.970444746999899 ] ] ], [ [ [ -44.314909711, -22.969324333 ], [ -44.316041186999897, -22.9689293489999 ], [ -44.314995847, -22.9688691489999 ], [ -44.314909711, -22.969324333 ] ] ], [ [ [ -44.368656484, -22.969218092999899 ], [ -44.369847809, -22.967016934999901 ], [ -44.367795369, -22.967187795 ], [ -44.368656484, -22.969218092999899 ] ] ], [ [ [ -44.406598818, -22.963126995 ], [ -44.407912079, -22.961865702999901 ], [ -44.406075078999898, -22.962630631 ], [ -44.406598818, -22.963126995 ] ] ], [ [ [ -44.39720786, -22.9576200979999 ], [ -44.399268452999898, -22.958670728999898 ], [ -44.398218825, -22.956427559 ], [ -44.39720786, -22.9576200979999 ] ] ], [ [ [ -44.399376135, -22.951842348 ], [ -44.400508983, -22.951547311 ], [ -44.399055733, -22.951083680999901 ], [ -44.399376135, -22.951842348 ] ] ], [ [ [ -44.410610064, -22.945736896 ], [ -44.411006136, -22.945975506 ], [ -44.410817354, -22.945655085999899 ], [ -44.410610064, -22.945736896 ] ] ], [ [ [ -44.410536032, -22.946118672 ], [ -44.410735918999897, -22.946197072 ], [ -44.410613766, -22.946036863 ], [ -44.410536032, -22.946118672 ] ] ], [ [ [ -44.40975129, -22.944946070999901 ], [ -44.410114048, -22.9450483329999 ], [ -44.409766095999899, -22.944908574 ], [ -44.40975129, -22.944946070999901 ] ] ], [ [ [ -44.368711120999897, -22.941860329999901 ], [ -44.369997618, -22.941131675999902 ], [ -44.368928964, -22.9406855739999 ], [ -44.368711120999897, -22.941860329999901 ] ] ], [ [ [ -44.370078002999897, -22.94325722 ], [ -44.369229682, -22.943664933 ], [ -44.369590693, -22.943723728 ], [ -44.370078002999897, -22.94325722 ] ] ], [ [ [ -44.368400645999898, -22.947061802 ], [ -44.368677648999899, -22.946812033 ], [ -44.368377562, -22.946891746999899 ], [ -44.368400645999898, -22.947061802 ] ] ], [ [ [ -44.351960506, -22.9548403219999 ], [ -44.352259347, -22.952852861999901 ], [ -44.351188820999901, -22.952890118 ], [ -44.351960506, -22.9548403219999 ] ] ], [ [ [ -44.33599965, -22.946787519999901 ], [ -44.336468356999902, -22.946936720999901 ], [ -44.336306336, -22.946595688999899 ], [ -44.33599965, -22.946787519999901 ] ] ], [ [ [ -44.334584542, -22.953664793 ], [ -44.336404543, -22.947746028 ], [ -44.334257820999902, -22.947766421 ], [ -44.334584542, -22.953664793 ] ] ], [ [ [ -44.336509186999898, -22.938885806 ], [ -44.345186659, -22.938670228 ], [ -44.339076291, -22.934432855999901 ], [ -44.336509186999898, -22.938885806 ] ] ], [ [ [ -44.368653235999901, -22.946332093 ], [ -44.369509982999901, -22.946616327 ], [ -44.368773076, -22.945531913 ], [ -44.368653235999901, -22.946332093 ] ] ], [ [ [ -44.36881449, -22.944160407 ], [ -44.369486099, -22.9440196749999 ], [ -44.369365418, -22.9437029169999 ], [ -44.36881449, -22.944160407 ] ] ], [ [ [ -44.34865553, -22.93241813 ], [ -44.348984797, -22.932385496999899 ], [ -44.348637518, -22.9322069 ], [ -44.34865553, -22.93241813 ] ] ], [ [ [ -44.345615376999902, -22.931817556999899 ], [ -44.347500118, -22.931484041 ], [ -44.3460034, -22.930399684 ], [ -44.345615376999902, -22.931817556999899 ] ] ], [ [ [ -44.331690841999901, -22.925809726999901 ], [ -44.332589199, -22.928539733 ], [ -44.333591321, -22.927256671 ], [ -44.331690841999901, -22.925809726999901 ] ] ], [ [ [ -44.331315651, -22.928308898 ], [ -44.332033216999903, -22.928821113 ], [ -44.331372229, -22.927857544999899 ], [ -44.331315651, -22.928308898 ] ] ], [ [ [ -44.333585050999901, -22.928337681999899 ], [ -44.334007694, -22.928444614999901 ], [ -44.333818557, -22.92807576 ], [ -44.333585050999901, -22.928337681999899 ] ] ], [ [ [ -44.342255238, -22.962093522 ], [ -44.342701087, -22.960482417 ], [ -44.341384906, -22.960488437 ], [ -44.342255238, -22.962093522 ] ] ], [ [ [ -44.320017111, -22.961663561 ], [ -44.322025139999901, -22.9609646279999 ], [ -44.320585217, -22.959963043999899 ], [ -44.320017111, -22.961663561 ] ] ], [ [ [ -44.345520918, -22.962697666999901 ], [ -44.351693376, -22.962163777999901 ], [ -44.345595077, -22.959784606 ], [ -44.345520918, -22.962697666999901 ] ] ], [ [ [ -44.363201319, -22.96442275 ], [ -44.364576331, -22.964011528999901 ], [ -44.363347518999902, -22.963577157 ], [ -44.363201319, -22.96442275 ] ] ], [ [ [ -44.340728404999901, -22.9633092 ], [ -44.342108067, -22.962722998999901 ], [ -44.340772802999901, -22.962225485 ], [ -44.340728404999901, -22.9633092 ] ] ], [ [ [ -44.317620436, -22.967256165 ], [ -44.3189470189999, -22.9662790359999 ], [ -44.31678891, -22.966155284 ], [ -44.317620436, -22.967256165 ] ] ], [ [ [ -44.311537561, -22.967130269999899 ], [ -44.312654293, -22.96655544 ], [ -44.311901233999897, -22.966416418999898 ], [ -44.311537561, -22.967130269999899 ] ] ], [ [ [ -43.959605336, -22.933330899999898 ], [ -43.9599753319999, -22.933388567999899 ], [ -43.959688311, -22.93306595 ], [ -43.959605336, -22.933330899999898 ] ] ], [ [ [ -43.960701648999901, -22.932664213 ], [ -43.961051128999898, -22.932758495 ], [ -43.960789901999902, -22.932527666999899 ], [ -43.960701648999901, -22.932664213 ] ] ], [ [ [ -43.876648643, -22.922802659 ], [ -43.876944373999898, -22.922717299999899 ], [ -43.8765916689999, -22.922556302 ], [ -43.876648643, -22.922802659 ] ] ], [ [ [ -43.8109580449999, -22.9198846789999 ], [ -43.8142948939999, -22.9206561559999 ], [ -43.810679064999903, -22.919335745999899 ], [ -43.8109580449999, -22.9198846789999 ] ] ], [ [ [ -43.842428866, -22.906444653999898 ], [ -43.842602066, -22.906512338 ], [ -43.842528586999897, -22.906362466 ], [ -43.842428866, -22.906444653999898 ] ] ], [ [ [ -43.840576155, -22.907300373999899 ], [ -43.841090505, -22.90728587 ], [ -43.841090505, -22.907155336 ], [ -43.840576155, -22.907300373999899 ] ] ], [ [ [ -43.841137741, -22.907324545999899 ], [ -43.841274201, -22.907426072 ], [ -43.841263705, -22.907314877 ], [ -43.841137741, -22.907324545999899 ] ] ], [ [ [ -43.841179729, -22.907513094 ], [ -43.841347680999903, -22.907619453999899 ], [ -43.841358177, -22.907508258999901 ], [ -43.841179729, -22.907513094 ] ] ], [ [ [ -43.865028325, -22.924584121999899 ], [ -43.863513656999899, -22.925346464 ], [ -43.866177895, -22.925475531 ], [ -43.865028325, -22.924584121999899 ] ] ], [ [ [ -43.809312523, -22.922765703 ], [ -43.812979943, -22.926034727999902 ], [ -43.813194485999901, -22.924605712999899 ], [ -43.809312523, -22.922765703 ] ] ], [ [ [ -43.876210832, -22.923394915 ], [ -43.876265961999898, -22.924441481 ], [ -43.876742347999901, -22.9242166609999 ], [ -43.876210832, -22.923394915 ] ] ], [ [ [ -43.783877845999903, -22.927971205999899 ], [ -43.786887738, -22.926431168 ], [ -43.783520411, -22.925576020999902 ], [ -43.783877845999903, -22.927971205999899 ] ] ], [ [ [ -43.887245594, -22.927591003 ], [ -43.888219836, -22.927129297 ], [ -43.887245784999898, -22.926676536999899 ], [ -43.887245594, -22.927591003 ] ] ], [ [ [ -43.9123905289999, -22.9352082189999 ], [ -43.893537369999898, -22.934088245999899 ], [ -43.881544764999902, -22.924551707 ], [ -43.867872655, -22.926406765 ], [ -43.878097941, -22.939725596 ], [ -43.873095404, -22.948027452 ], [ -43.906451392999898, -22.958855629 ], [ -43.9123905289999, -22.9352082189999 ] ] ], [ [ [ -43.865950079, -22.944443190999898 ], [ -43.864156498999897, -22.945136121 ], [ -43.866550541, -22.945620499 ], [ -43.865950079, -22.944443190999898 ] ] ], [ [ [ -43.858058840999902, -22.945490033999899 ], [ -43.857436138, -22.94574825 ], [ -43.85901138, -22.946222380999899 ], [ -43.858058840999902, -22.945490033999899 ] ] ], [ [ [ -43.859498178, -22.9452529769999 ], [ -43.859998512999901, -22.950242601 ], [ -43.855777588, -22.950452707 ], [ -43.857534753, -22.954864104 ], [ -43.863244827, -22.955685936999899 ], [ -43.859498178, -22.9452529769999 ] ] ], [ [ [ -43.874007863, -22.9584431819999 ], [ -43.872558622, -22.957661819 ], [ -43.872220253, -22.957878482 ], [ -43.874007863, -22.9584431819999 ] ] ], [ [ [ -43.863876026, -22.9554581629999 ], [ -43.863960025, -22.955714649999901 ], [ -43.864882544, -22.9555361349999 ], [ -43.863876026, -22.9554581629999 ] ] ], [ [ [ -43.947069386, -22.959342014999901 ], [ -43.950780395, -22.960672880999901 ], [ -43.951909558999901, -22.95994533 ], [ -43.947069386, -22.959342014999901 ] ] ], [ [ [ -43.998078657, -22.960031634 ], [ -43.998406185, -22.960165699 ], [ -43.998368368999898, -22.960039251999898 ], [ -43.998078657, -22.960031634 ] ] ], [ [ [ -43.875746491, -22.959011384999901 ], [ -43.876351371999903, -22.959242321 ], [ -43.876351371999903, -22.959167606999898 ], [ -43.875746491, -22.959011384999901 ] ] ], [ [ [ -43.928051411999903, -22.948618396 ], [ -43.9288209219999, -22.948023793999901 ], [ -43.92728747, -22.947327691999899 ], [ -43.928051411999903, -22.948618396 ] ] ], [ [ [ -43.966449229, -22.945117869999901 ], [ -43.967296465999901, -22.943410942 ], [ -43.965646964, -22.943423734 ], [ -43.966449229, -22.945117869999901 ] ] ], [ [ [ -43.961745176, -22.9443146589999 ], [ -43.963691894, -22.943766029 ], [ -43.961263992999903, -22.943248642999901 ], [ -43.961745176, -22.9443146589999 ] ] ], [ [ [ -43.922974322, -22.94549778 ], [ -43.923050015999898, -22.944253368 ], [ -43.922178126999903, -22.944317436999899 ], [ -43.922974322, -22.94549778 ] ] ], [ [ [ -43.8540552219999, -22.941661532999898 ], [ -43.85488349, -22.941910133 ], [ -43.85393694, -22.941168892 ], [ -43.8540552219999, -22.941661532999898 ] ] ], [ [ [ -43.915866388, -22.942429645999901 ], [ -43.920999265, -22.9420279039999 ], [ -43.915205207, -22.939432613999902 ], [ -43.915866388, -22.942429645999901 ] ] ], [ [ [ -44.007887103, -22.947079835999901 ], [ -44.009315278, -22.947575309999898 ], [ -44.008874041, -22.946820101 ], [ -44.007887103, -22.947079835999901 ] ] ], [ [ [ -44.006788658999902, -22.965248529999901 ], [ -44.006969236, -22.965172231999901 ], [ -44.0067338489999, -22.964954554 ], [ -44.006788658999902, -22.965248529999901 ] ] ], [ [ [ -44.006010128, -22.964492314 ], [ -44.006352813, -22.964409279999899 ], [ -44.006125558999898, -22.964289713 ], [ -44.006010128, -22.964492314 ] ] ], [ [ [ -43.911108129999903, -22.962088268999899 ], [ -43.912251915, -22.96105383 ], [ -43.911106829999902, -22.96025037 ], [ -43.911108129999903, -22.962088268999899 ] ] ], [ [ [ -43.999734095, -22.962325601 ], [ -44.000657772999901, -22.961871162 ], [ -43.999560174, -22.961728504 ], [ -43.999734095, -22.962325601 ] ] ], [ [ [ -43.91606218, -22.978554091 ], [ -43.9169712079999, -22.978304852999901 ], [ -43.916262425, -22.977880463 ], [ -43.91606218, -22.978554091 ] ] ], [ [ [ -44.04026061, -22.988382169 ], [ -44.044906462, -22.988604189999901 ], [ -44.042952419999899, -22.986599729 ], [ -44.04026061, -22.988382169 ] ] ], [ [ [ -43.935187546, -22.982092071999901 ], [ -43.935332804, -22.981107199 ], [ -43.934711658, -22.981250422 ], [ -43.935187546, -22.982092071999901 ] ] ], [ [ [ -43.922878081, -22.983451021 ], [ -43.924103709999898, -22.982796107 ], [ -43.922943279, -22.982461013 ], [ -43.922878081, -22.983451021 ] ] ], [ [ [ -43.918990807999897, -22.9871889029999 ], [ -43.922491743, -22.985814499999901 ], [ -43.919198907999899, -22.985061005 ], [ -43.918990807999897, -22.9871889029999 ] ] ], [ [ [ -43.916216939, -22.994718399 ], [ -43.916427515, -22.995337618999901 ], [ -43.916766934, -22.995313184999901 ], [ -43.916216939, -22.994718399 ] ] ], [ [ [ -43.907859030999902, -22.989912398999898 ], [ -43.913560521, -22.995061479 ], [ -43.911990402, -22.9919688109999 ], [ -43.907859030999902, -22.989912398999898 ] ] ], [ [ [ -43.91046735, -22.983634358 ], [ -43.914236381, -22.979898942 ], [ -43.907267804, -22.981477642999899 ], [ -43.91046735, -22.983634358 ] ] ], [ [ [ -43.70589598, -22.985935643999898 ], [ -43.70587984, -22.986738187999901 ], [ -43.707288134, -22.986733167 ], [ -43.70589598, -22.985935643999898 ] ] ], [ [ [ -43.695884307, -22.986242164 ], [ -43.6952625979999, -22.986355199999899 ], [ -43.696235621, -22.986698857 ], [ -43.695884307, -22.986242164 ] ] ], [ [ [ -43.660731559999903, -22.999505848999899 ], [ -43.660579067, -22.9999025729999 ], [ -43.660994457999898, -22.9998668819999 ], [ -43.660731559999903, -22.999505848999899 ] ] ], [ [ [ -43.661238630999897, -22.998401886999901 ], [ -43.660673257, -22.998969411 ], [ -43.66141106, -22.998863838 ], [ -43.661238630999897, -22.998401886999901 ] ] ], [ [ [ -43.652408013, -23.00312532 ], [ -43.652766685, -23.002961843 ], [ -43.652431142999902, -23.002991789 ], [ -43.652408013, -23.00312532 ] ] ], [ [ [ -43.650241837, -23.002511403 ], [ -43.650786076, -23.002599304999901 ], [ -43.650323731999897, -23.002224458999901 ], [ -43.650241837, -23.002511403 ] ] ], [ [ [ -43.60957704, -23.029516213 ], [ -43.605292846999902, -23.033155896 ], [ -43.611768740999899, -23.030475909 ], [ -43.60957704, -23.029516213 ] ] ], [ [ [ -43.600270755999901, -23.027492971 ], [ -43.604469650999903, -23.027071894999899 ], [ -43.600128970999897, -23.027347032 ], [ -43.600270755999901, -23.027492971 ] ] ], [ [ [ -43.599183077, -23.028168521999898 ], [ -43.593603118, -23.033854941 ], [ -43.586684679, -23.037699732 ], [ -43.581412618999899, -23.0397986679999 ], [ -43.578480499, -23.046090163 ], [ -43.589650228, -23.040656044999899 ], [ -43.602277794, -23.039044001 ], [ -43.599183077, -23.028168521999898 ] ] ], [ [ [ -43.592971893, -23.041031787 ], [ -43.593339116, -23.04142389 ], [ -43.593457950999898, -23.041271220999899 ], [ -43.592971893, -23.041031787 ] ] ], [ [ [ -43.591659519, -23.041327558 ], [ -43.592514955999903, -23.042691582 ], [ -43.594172672999903, -23.042073337 ], [ -43.591659519, -23.041327558 ] ] ], [ [ [ -43.586483793, -23.042927154 ], [ -43.586840055, -23.044368128 ], [ -43.588328487, -23.0421840449999 ], [ -43.586483793, -23.042927154 ] ] ], [ [ [ -43.579678482, -23.0399973839999 ], [ -43.579206475, -23.044476056999901 ], [ -43.58144707, -23.0390569919999 ], [ -43.588304948, -23.035652732 ], [ -43.584896537, -23.035744351999899 ], [ -43.579678482, -23.0399973839999 ] ] ], [ [ [ -43.583615419999902, -23.044384491 ], [ -43.584087353, -23.045039792 ], [ -43.584605138, -23.044113029 ], [ -43.583615419999902, -23.044384491 ] ] ], [ [ [ -43.567364069, -23.058130757 ], [ -43.567114203, -23.059536175999899 ], [ -43.567518220999901, -23.059536024 ], [ -43.567364069, -23.058130757 ] ] ], [ [ [ -43.568906066, -23.050760216 ], [ -43.564469561, -23.052298537 ], [ -43.569491413, -23.050988643 ], [ -43.568906066, -23.050760216 ] ] ], [ [ [ -43.570346899999898, -23.05037542 ], [ -43.56947883, -23.0498666149999 ], [ -43.569207102999897, -23.05044472 ], [ -43.570346899999898, -23.05037542 ] ] ], [ [ [ -43.569190374999899, -23.050798635 ], [ -43.569599642, -23.05079102 ], [ -43.569064739999902, -23.05073772 ], [ -43.569190374999899, -23.050798635 ] ] ], [ [ [ -43.574303292, -23.072790546 ], [ -43.573122269999899, -23.0732338349999 ], [ -43.574240363999898, -23.073301285 ], [ -43.574303292, -23.072790546 ] ] ], [ [ [ -43.568834788999901, -23.081433817999901 ], [ -43.569183145, -23.081511251999899 ], [ -43.569160806, -23.081357848 ], [ -43.568834788999901, -23.081433817999901 ] ] ], [ [ [ -43.567416743, -23.05977544 ], [ -43.567662625, -23.059915003999901 ], [ -43.567566154, -23.059681423 ], [ -43.567416743, -23.05977544 ] ] ], [ [ [ -43.566532358, -23.059065486 ], [ -43.56585433, -23.058711706999901 ], [ -43.566061288999897, -23.059095547 ], [ -43.566532358, -23.059065486 ] ] ], [ [ [ -43.56488173, -23.056519136 ], [ -43.565851858, -23.056955205 ], [ -43.565552984, -23.055419766999901 ], [ -43.56488173, -23.056519136 ] ] ], [ [ [ -43.565705454, -23.058755419 ], [ -43.565820754, -23.058816548 ], [ -43.565794224999898, -23.058693994 ], [ -43.565705454, -23.058755419 ] ] ], [ [ [ -43.564255707, -23.053353049 ], [ -43.563912204, -23.054645287 ], [ -43.565172865, -23.053252866 ], [ -43.564255707, -23.053353049 ] ] ], [ [ [ -43.56294474, -23.058102081999898 ], [ -43.563983418, -23.058294636 ], [ -43.563444230999899, -23.05730635 ], [ -43.56294474, -23.058102081999898 ] ] ], [ [ [ -43.561375744, -23.078737275 ], [ -43.55947437, -23.081156781999901 ], [ -43.563786308, -23.081934104 ], [ -43.561375744, -23.078737275 ] ] ], [ [ [ -43.5107028689999, -23.061323725 ], [ -43.514411185, -23.065384396 ], [ -43.513451302, -23.062515946 ], [ -43.5107028689999, -23.061323725 ] ] ], [ [ [ -43.509511527, -23.05305887 ], [ -43.507741398999897, -23.0533418169999 ], [ -43.509447829, -23.0540974419999 ], [ -43.509511527, -23.05305887 ] ] ], [ [ [ -43.512324486999901, -23.060627858 ], [ -43.512150845999898, -23.061308401 ], [ -43.512727518, -23.061208908 ], [ -43.512324486999901, -23.060627858 ] ] ], [ [ [ -43.472017132, -23.035540221 ], [ -43.467531220999902, -23.037132067 ], [ -43.47092409, -23.03776665 ], [ -43.472017132, -23.035540221 ] ] ], [ [ [ -43.316358586, -23.03718664 ], [ -43.315897873, -23.037678021 ], [ -43.316773188, -23.037366307 ], [ -43.316358586, -23.03718664 ] ] ], [ [ [ -43.3100742949999, -23.046679574999899 ], [ -43.310543067, -23.047161408 ], [ -43.310754985, -23.046540530999899 ], [ -43.3100742949999, -23.046679574999899 ] ] ], [ [ [ -43.309987518999897, -23.044308063 ], [ -43.310470204, -23.044399593 ], [ -43.310227564999899, -23.0440735359999 ], [ -43.309987518999897, -23.044308063 ] ] ], [ [ [ -43.305778415, -23.033365674 ], [ -43.305244831, -23.033367757999901 ], [ -43.305541497, -23.033728168 ], [ -43.305778415, -23.033365674 ] ] ], [ [ [ -43.306743751999903, -23.03741215 ], [ -43.302593708, -23.0384381 ], [ -43.307944639, -23.038709138999899 ], [ -43.306743751999903, -23.03741215 ] ] ], [ [ [ -43.304886328, -23.033853295 ], [ -43.304774807999898, -23.034116546999901 ], [ -43.304992592, -23.034081116 ], [ -43.304886328, -23.033853295 ] ] ], [ [ [ -43.301322946, -23.033284446 ], [ -43.298386454, -23.031610069 ], [ -43.29865004, -23.034157988999901 ], [ -43.301322946, -23.033284446 ] ] ], [ [ [ -43.276181908999902, -23.028865531 ], [ -43.275966449999899, -23.030671954 ], [ -43.278428772, -23.030182875 ], [ -43.276181908999902, -23.028865531 ] ] ], [ [ [ -43.838628970999899, -22.905419718 ], [ -43.838681456, -22.905569591 ], [ -43.838749686, -22.905410048 ], [ -43.838628970999899, -22.905419718 ] ] ], [ [ [ -43.838707698, -22.9056276069999 ], [ -43.838922884999903, -22.905671117999901 ], [ -43.838996364, -22.9054487249999 ], [ -43.838707698, -22.9056276069999 ] ] ], [ [ [ -43.83914857, -22.905951525 ], [ -43.8394424849999, -22.905990201999899 ], [ -43.839164314999898, -22.905782314 ], [ -43.83914857, -22.905951525 ] ] ], [ [ [ -43.839851865, -22.905535749 ], [ -43.839998822, -22.905946690999901 ], [ -43.839962082999897, -22.905540582999901 ], [ -43.839851865, -22.905535749 ] ] ], [ [ [ -43.839400495999897, -22.905613102 ], [ -43.839647175, -22.905854833 ], [ -43.839783634999897, -22.905584094999899 ], [ -43.839400495999897, -22.905613102 ] ] ], [ [ [ -43.840056556, -22.906202924999899 ], [ -43.840308482, -22.906251269999899 ], [ -43.840088046999902, -22.906091729 ], [ -43.840056556, -22.906202924999899 ] ] ], [ [ [ -43.841608628, -22.906467618 ], [ -43.842228932, -22.906467618 ], [ -43.841548598, -22.9060713329999 ], [ -43.841608628, -22.906467618 ] ] ], [ [ [ -43.840166774, -22.906028879 ], [ -43.840670627, -22.9060095409999 ], [ -43.840135282999903, -22.9056276069999 ], [ -43.840166774, -22.906028879 ] ] ], [ [ [ -43.256436149, -22.797214650999901 ], [ -43.220700222999902, -22.7845780879999 ], [ -43.191365316, -22.796469194999901 ], [ -43.189400125, -22.78318581 ], [ -43.172250248999902, -22.775648894 ], [ -43.170348499999903, -22.78293221 ], [ -43.157469718, -22.778583044999898 ], [ -43.156274657, -22.7862250589999 ], [ -43.178370475, -22.802173421 ], [ -43.174984611999903, -22.819743125999899 ], [ -43.165454619999899, -22.820064965 ], [ -43.163884883, -22.822850876 ], [ -43.184677936999897, -22.833597161999901 ], [ -43.191122272, -22.820309796999901 ], [ -43.211339954, -22.815734661 ], [ -43.2392020899999, -22.833807846 ], [ -43.247531532, -22.831071016 ], [ -43.265607773999903, -22.8106667069999 ], [ -43.256436149, -22.797214650999901 ] ] ], [ [ [ -43.181399171, -22.726019607 ], [ -43.180811719, -22.725984837999899 ], [ -43.180875015, -22.72637515 ], [ -43.181399171, -22.726019607 ] ] ], [ [ [ -43.169411597, -22.767589581 ], [ -43.169139761999901, -22.7677126029999 ], [ -43.169365248, -22.767763419999898 ], [ -43.169411597, -22.767589581 ] ] ], [ [ [ -43.169138840999899, -22.7668015359999 ], [ -43.169234886, -22.766836342 ], [ -43.169230104, -22.766775359 ], [ -43.169138840999899, -22.7668015359999 ] ] ], [ [ [ -43.169089507, -22.766619125 ], [ -43.169179369999902, -22.766697936999901 ], [ -43.169173397999899, -22.766621384 ], [ -43.169089507, -22.766619125 ] ] ], [ [ [ -43.1691754719999, -22.766991420999901 ], [ -43.169230445, -22.766959643 ], [ -43.169184469, -22.7669461519999 ], [ -43.1691754719999, -22.766991420999901 ] ] ], [ [ [ -43.169104064, -22.766997084 ], [ -43.169127268, -22.767040129999899 ], [ -43.1691723819999, -22.767013424 ], [ -43.169104064, -22.766997084 ] ] ], [ [ [ -43.169122965, -22.767141 ], [ -43.169011105, -22.767574191999898 ], [ -43.169200969, -22.767444664 ], [ -43.169122965, -22.767141 ] ] ], [ [ [ -43.168943186, -22.768725275999898 ], [ -43.169048148999899, -22.768767861999901 ], [ -43.168967936999898, -22.768695465 ], [ -43.168943186, -22.768725275999898 ] ] ], [ [ [ -43.168371336999897, -22.768201081 ], [ -43.167516411, -22.768732927 ], [ -43.168104598999903, -22.769067728 ], [ -43.168371336999897, -22.768201081 ] ] ], [ [ [ -43.168576852999898, -22.768006075999899 ], [ -43.168715819999903, -22.768091145 ], [ -43.168601313, -22.767972965999899 ], [ -43.168576852999898, -22.768006075999899 ] ] ], [ [ [ -43.168312331, -22.7675590169999 ], [ -43.1682195079999, -22.767765713 ], [ -43.168318800999899, -22.767674101999901 ], [ -43.168312331, -22.7675590169999 ] ] ], [ [ [ -43.168619358999898, -22.767809578 ], [ -43.168363262, -22.767802929 ], [ -43.168281954, -22.767896602 ], [ -43.168619358999898, -22.767809578 ] ] ], [ [ [ -43.168018193, -22.767403531 ], [ -43.167760359999903, -22.7676769669999 ], [ -43.168044199, -22.767704341 ], [ -43.168018193, -22.767403531 ] ] ], [ [ [ -43.1598409059999, -22.7754950029999 ], [ -43.15279326, -22.771686695 ], [ -43.151953596999903, -22.773933819 ], [ -43.1598409059999, -22.7754950029999 ] ] ], [ [ [ -43.140761758999901, -22.781760216 ], [ -43.140400441999901, -22.782152524 ], [ -43.140832049, -22.782055842 ], [ -43.140761758999901, -22.781760216 ] ] ], [ [ [ -43.151068336, -22.786919487 ], [ -43.148616472, -22.787046548 ], [ -43.151615004, -22.78747469 ], [ -43.151068336, -22.786919487 ] ] ], [ [ [ -43.141585729, -22.776605439 ], [ -43.139587640999899, -22.776058754 ], [ -43.139156245, -22.776890926 ], [ -43.141585729, -22.776605439 ] ] ], [ [ [ -43.138680598, -22.776497386 ], [ -43.137676488999901, -22.7766880309999 ], [ -43.138176588, -22.776607849999898 ], [ -43.13817893, -22.777323711 ], [ -43.138521899, -22.7772706219999 ], [ -43.138680598, -22.776497386 ] ] ], [ [ [ -43.106138437, -22.77649373 ], [ -43.104995064, -22.777621274999898 ], [ -43.106999932999898, -22.776927292 ], [ -43.106138437, -22.77649373 ] ] ], [ [ [ -43.137941049999903, -22.783351226 ], [ -43.1375015099999, -22.782715235 ], [ -43.1371784419999, -22.783047661999898 ], [ -43.137941049999903, -22.783351226 ] ] ], [ [ [ -43.0726628359999, -22.774246037 ], [ -43.07262773, -22.774698396 ], [ -43.072864492, -22.774565070999898 ], [ -43.0726628359999, -22.774246037 ] ] ], [ [ [ -43.073904119, -22.773375905 ], [ -43.073191931999901, -22.774383108999899 ], [ -43.074311626999901, -22.774119127999899 ], [ -43.073904119, -22.773375905 ] ] ], [ [ [ -43.114350106, -22.767665399999899 ], [ -43.112813522, -22.754069864 ], [ -43.105584050999902, -22.7486591209999 ], [ -43.102478735, -22.765091377 ], [ -43.108243216999902, -22.769989497 ], [ -43.114350106, -22.767665399999899 ] ] ], [ [ [ -43.115125669, -22.7697053099999 ], [ -43.114408945, -22.769661374 ], [ -43.115340697, -22.770424691 ], [ -43.115125669, -22.7697053099999 ] ] ], [ [ [ -43.117158823999901, -22.769186234 ], [ -43.116379992, -22.769219667999899 ], [ -43.117101035, -22.769470225 ], [ -43.117158823999901, -22.769186234 ] ] ], [ [ [ -43.102301471, -22.76284529 ], [ -43.101526446, -22.762939018999901 ], [ -43.102150600999899, -22.763278229 ], [ -43.102301471, -22.76284529 ] ] ], [ [ [ -43.120901408, -22.756485161999901 ], [ -43.114541776, -22.756370003 ], [ -43.120082036, -22.758457760999899 ], [ -43.120901408, -22.756485161999901 ] ] ], [ [ [ -43.168267221999898, -22.767190679 ], [ -43.168340398999902, -22.767256443999901 ], [ -43.168367105999899, -22.76720481 ], [ -43.168267221999898, -22.767190679 ] ] ], [ [ [ -43.168633408999902, -22.767530903 ], [ -43.168895955, -22.767504234999901 ], [ -43.168743401, -22.767387474 ], [ -43.168633408999902, -22.767530903 ] ] ], [ [ [ -43.168525179, -22.767366497999902 ], [ -43.168674794, -22.76740346 ], [ -43.168657724, -22.767332774 ], [ -43.168525179, -22.767366497999902 ] ] ], [ [ [ -43.168864632, -22.767016375 ], [ -43.168973643, -22.767022810999901 ], [ -43.168918569, -22.766957362 ], [ -43.168864632, -22.767016375 ] ] ], [ [ [ -43.128792183, -22.7480324809999 ], [ -43.1256426099999, -22.746582111999899 ], [ -43.124099922, -22.748321419 ], [ -43.128792183, -22.7480324809999 ] ] ], [ [ [ -43.168662626999897, -22.766745159 ], [ -43.16875325, -22.76676694 ], [ -43.168682533, -22.766720757 ], [ -43.168662626999897, -22.766745159 ] ] ], [ [ [ -43.105234466999903, -22.692396623 ], [ -43.104870634, -22.691973552 ], [ -43.104783241999897, -22.692383123 ], [ -43.105234466999903, -22.692396623 ] ] ], [ [ [ -43.069580081, -22.76026415 ], [ -43.069878371999899, -22.76066507 ], [ -43.069743926999898, -22.760211872 ], [ -43.069580081, -22.76026415 ] ] ], [ [ [ -43.027279413, -22.743510349 ], [ -43.0327348329999, -22.742387424999901 ], [ -43.030727710999898, -22.740388427 ], [ -43.027279413, -22.743510349 ] ] ], [ [ [ -43.064314377, -22.694650774 ], [ -43.063536612, -22.6945069349999 ], [ -43.06349764, -22.694677348 ], [ -43.064314377, -22.694650774 ] ] ], [ [ [ -43.060476348, -22.6894547529999 ], [ -43.061244202999902, -22.690941397 ], [ -43.061963959, -22.6907154149999 ], [ -43.060476348, -22.6894547529999 ] ] ], [ [ [ -41.036091097999901, -21.463782519999899 ], [ -41.036431687999901, -21.463763698 ], [ -41.036060585, -21.463679091 ], [ -41.036091097999901, -21.463782519999899 ] ] ], [ [ [ -41.035849613, -21.462719369 ], [ -41.036376801, -21.463004385 ], [ -41.03618204, -21.46272257 ], [ -41.035849613, -21.462719369 ] ] ], [ [ [ -41.01541681, -21.6108554149999 ], [ -41.014711061999897, -21.618784702 ], [ -41.016392843999903, -21.610841454 ], [ -41.01541681, -21.6108554149999 ] ] ], [ [ [ -41.015475837999901, -21.6188676579999 ], [ -41.016482918, -21.61987283 ], [ -41.016913977999899, -21.619388362999899 ], [ -41.015475837999901, -21.6188676579999 ] ] ], [ [ [ -41.018031687, -21.620248578 ], [ -41.020320501999898, -21.6203000739999 ], [ -41.017631142, -21.61962869 ], [ -41.018031687, -21.620248578 ] ] ], [ [ [ -41.017539589, -21.620610973999899 ], [ -41.016696539999899, -21.619909068 ], [ -41.016044227999899, -21.620383998 ], [ -41.017539589, -21.620610973999899 ] ] ], [ [ [ -41.015685646, -21.620874187 ], [ -41.016223518999901, -21.621499797999899 ], [ -41.016894905, -21.621148844999901 ], [ -41.015685646, -21.620874187 ] ] ], [ [ [ -41.025020211, -21.620752117999899 ], [ -41.024779883, -21.622983713999901 ], [ -41.028506843999899, -21.620719693 ], [ -41.025020211, -21.620752117999899 ] ] ], [ [ [ -41.029788580999899, -21.6214196889999 ], [ -41.02691993, -21.6218316769999 ], [ -41.026451949, -21.623123693 ], [ -41.029788580999899, -21.6214196889999 ] ] ], [ [ [ -41.045526171999903, -21.584928379 ], [ -41.017789803, -21.613969085999901 ], [ -41.045911012, -21.6162179519999 ], [ -41.045526171999903, -21.584928379 ] ] ], [ [ [ -41.04757089, -21.583298715 ], [ -41.048495246999899, -21.583406157999899 ], [ -41.047744206999901, -21.582680916999902 ], [ -41.04757089, -21.583298715 ] ] ], [ [ [ -41.116290352, -22.081472359 ], [ -41.116637394999898, -22.081472359 ], [ -41.116389507, -22.0812120259999 ], [ -41.116290352, -22.081472359 ] ] ], [ [ [ -41.758194056, -22.383313053999899 ], [ -41.759991949, -22.384048325 ], [ -41.759598298, -22.382742779 ], [ -41.758194056, -22.383313053999899 ] ] ], [ [ [ -41.764069563, -22.390591947 ], [ -41.76506165, -22.390462025 ], [ -41.764304814, -22.389804473 ], [ -41.764069563, -22.390591947 ] ] ], [ [ [ -41.765341253, -22.391252129 ], [ -41.766511948999899, -22.392096522 ], [ -41.766236284999898, -22.390645656999901 ], [ -41.765341253, -22.391252129 ] ] ], [ [ [ -41.982221645, -22.596485646 ], [ -41.9832056119999, -22.596894615999901 ], [ -41.98231512, -22.595854460999899 ], [ -41.982221645, -22.596485646 ] ] ], [ [ [ -41.946364968, -22.736530086 ], [ -41.946208565999903, -22.736734173999899 ], [ -41.946380227, -22.736692210999902 ], [ -41.946364968, -22.736530086 ] ] ], [ [ [ -41.942162687999897, -22.541301341 ], [ -41.941380948, -22.541676213 ], [ -41.941765553, -22.541797134 ], [ -41.942162687999897, -22.541301341 ] ] ], [ [ [ -41.941501229, -22.540458461999901 ], [ -41.941669076, -22.540466093 ], [ -41.941554634999903, -22.540391703 ], [ -41.941501229, -22.540458461999901 ] ] ], [ [ [ -41.945842239999898, -22.727881936 ], [ -41.946209811, -22.727977656 ], [ -41.945826112, -22.727754381 ], [ -41.945842239999898, -22.727881936 ] ] ], [ [ [ -41.946920283999901, -22.739441019 ], [ -41.941953081, -22.738957644 ], [ -41.943214761, -22.740804001 ], [ -41.946920283999901, -22.739441019 ] ] ], [ [ [ -41.941600412, -22.73938348 ], [ -41.941413490999899, -22.739356777 ], [ -41.941574938, -22.739517572999901 ], [ -41.941600412, -22.73938348 ] ] ], [ [ [ -41.934032051, -22.5398957949999 ], [ -41.934264749, -22.540103695 ], [ -41.934360114999897, -22.540006420999902 ], [ -41.934032051, -22.5398957949999 ] ] ], [ [ [ -41.933944311999902, -22.5402677279999 ], [ -41.934115974, -22.540405056999901 ], [ -41.933959573, -22.540218137 ], [ -41.933944311999902, -22.5402677279999 ] ] ], [ [ [ -41.933814614, -22.540378353999898 ], [ -41.933745949999903, -22.5404889779999 ], [ -41.933833687999901, -22.540488981 ], [ -41.933814614, -22.540378353999898 ] ] ], [ [ [ -41.940780252, -22.736032269 ], [ -41.940253821999903, -22.736324093999901 ], [ -41.940719215999898, -22.7368848529999 ], [ -41.940780252, -22.736032269 ] ] ], [ [ [ -41.934121674, -22.541441851999899 ], [ -41.934390392999902, -22.541819548 ], [ -41.934699079, -22.541504715 ], [ -41.934121674, -22.541441851999899 ] ] ], [ [ [ -41.935028831, -22.540617814 ], [ -41.935262581, -22.5407616859999 ], [ -41.935191936, -22.5405458299999 ], [ -41.935028831, -22.540617814 ] ] ], [ [ [ -41.9430232939999, -22.539626858 ], [ -41.943137734999901, -22.539756557 ], [ -41.943225471999902, -22.539636394999899 ], [ -41.9430232939999, -22.539626858 ] ] ], [ [ [ -41.937358280999902, -22.538517500999902 ], [ -41.937755947, -22.540042968 ], [ -41.938122098999898, -22.539902581 ], [ -41.937358280999902, -22.538517500999902 ] ] ], [ [ [ -41.935676186, -22.539459012 ], [ -41.935878365, -22.539426585999902 ], [ -41.935687631999897, -22.539369366 ], [ -41.935676186, -22.539459012 ] ] ], [ [ [ -41.864683926999902, -22.478680531999899 ], [ -41.865231825, -22.478714199 ], [ -41.865446412, -22.478384204999902 ], [ -41.864683926999902, -22.478680531999899 ] ] ], [ [ [ -41.8482295909999, -22.478778636 ], [ -41.848884552, -22.4787547409999 ], [ -41.848433324, -22.4784583009999 ], [ -41.8482295909999, -22.478778636 ] ] ], [ [ [ -41.849576892999899, -22.478588826 ], [ -41.85001083, -22.478677373 ], [ -41.849698191999899, -22.478411944999898 ], [ -41.849576892999899, -22.478588826 ] ] ], [ [ [ -41.850540785, -22.47844629 ], [ -41.8513309699999, -22.478638168 ], [ -41.850751336, -22.477804788 ], [ -41.850540785, -22.47844629 ] ] ], [ [ [ -41.861895139, -22.475030572 ], [ -41.861088867, -22.4751056919999 ], [ -41.861030013999901, -22.475245050999899 ], [ -41.861895139, -22.475030572 ] ] ], [ [ [ -41.855915678, -22.467417337 ], [ -41.856852014, -22.467355062 ], [ -41.856486542, -22.466692206999902 ], [ -41.855915678, -22.467417337 ] ] ], [ [ [ -41.854131718, -22.463277825 ], [ -41.8529040559999, -22.462738203999901 ], [ -41.853555462, -22.463755423 ], [ -41.854131718, -22.463277825 ] ] ], [ [ [ -41.8511715019999, -22.464846592 ], [ -41.851427526, -22.464953511 ], [ -41.8515183499999, -22.464828953999898 ], [ -41.8511715019999, -22.464846592 ] ] ], [ [ [ -41.852275872999897, -22.463883914999901 ], [ -41.852222778999902, -22.464085552 ], [ -41.852407704, -22.4638717 ], [ -41.852275872999897, -22.463883914999901 ] ] ], [ [ [ -41.852538673, -22.462566158 ], [ -41.852470008999902, -22.462884684999899 ], [ -41.852599712, -22.462568065 ], [ -41.852538673, -22.462566158 ] ] ], [ [ [ -41.854232399, -22.454889079999901 ], [ -41.853957740999903, -22.455224772999902 ], [ -41.853854743999896, -22.455762646 ], [ -41.854297249, -22.455270551 ], [ -41.854232399, -22.454889079999901 ] ] ], [ [ [ -41.851401338, -22.453772167999901 ], [ -41.851220936999901, -22.4550542869999 ], [ -41.852520101, -22.454233723 ], [ -41.851401338, -22.453772167999901 ] ] ], [ [ [ -41.854297249999902, -22.454906246999901 ], [ -41.854503244999897, -22.454957744999898 ], [ -41.854343024999899, -22.454759381 ], [ -41.854297249999902, -22.454906246999901 ] ] ], [ [ [ -41.854785530999898, -22.456769728 ], [ -41.85493049, -22.4569986069999 ], [ -41.854865388, -22.4567544679999 ], [ -41.854785530999898, -22.456769728 ] ] ], [ [ [ -41.854945746999903, -22.456697246 ], [ -41.855144111999898, -22.4569623689999 ], [ -41.854976265999902, -22.456693432999899 ], [ -41.854945746999903, -22.456697246 ] ] ], [ [ [ -41.857326343999901, -22.473383672 ], [ -41.857439093, -22.474787949 ], [ -41.858206609, -22.474321829 ], [ -41.857326343999901, -22.473383672 ] ] ], [ [ [ -41.857919478, -22.47282587 ], [ -41.857714394, -22.473370286 ], [ -41.858300775, -22.473054827999899 ], [ -41.857919478, -22.47282587 ] ] ], [ [ [ -41.827894568, -22.424247421 ], [ -41.827983947999897, -22.424368598999902 ], [ -41.828037574999897, -22.424285977999901 ], [ -41.827894568, -22.424247421 ] ] ], [ [ [ -41.828115037, -22.424418171 ], [ -41.828097161999899, -22.424594429 ], [ -41.828216333999897, -22.424434694999899 ], [ -41.828115037, -22.424418171 ] ] ], [ [ [ -41.828472555, -22.425662986 ], [ -41.828967120999899, -22.425525286 ], [ -41.828466595999899, -22.425431649 ], [ -41.828472555, -22.425662986 ] ] ], [ [ [ -41.686314303, -22.3989567049999 ], [ -41.685921086999898, -22.400508406 ], [ -41.688990089999898, -22.399810036 ], [ -41.686314303, -22.3989567049999 ] ] ], [ [ [ -41.697610052999899, -22.399706851 ], [ -41.690356295999898, -22.401511249 ], [ -41.695183315, -22.405412767 ], [ -41.697610052999899, -22.399706851 ] ] ], [ [ [ -41.689062400999902, -22.401906453 ], [ -41.687893185999897, -22.401379511999899 ], [ -41.687828442, -22.401718864 ], [ -41.689062400999902, -22.401906453 ] ] ], [ [ [ -41.690386152, -22.402946556 ], [ -41.690686209, -22.403601986 ], [ -41.691208408, -22.403133217999901 ], [ -41.690386152, -22.402946556 ] ] ], [ [ [ -41.827584719999898, -22.4244402039999 ], [ -41.8278290229999, -22.424544856999901 ], [ -41.82779923, -22.424434694999899 ], [ -41.827584719999898, -22.4244402039999 ] ] ], [ [ [ -41.800643533, -22.409724973 ], [ -41.800666419, -22.410253306999898 ], [ -41.800742714, -22.410272382 ], [ -41.800643533, -22.409724973 ] ] ], [ [ [ -41.717269309, -22.416926918999899 ], [ -41.712045275, -22.419705166 ], [ -41.713034405, -22.42199512 ], [ -41.717269309, -22.416926918999899 ] ] ], [ [ [ -41.702194498, -22.405239965 ], [ -41.697990833999903, -22.411127171 ], [ -41.70196756, -22.420782534 ], [ -41.71108851, -22.413563630999899 ], [ -41.702194498, -22.405239965 ] ] ], [ [ [ -41.884673682, -22.4878595079999 ], [ -41.884044259999897, -22.488248606 ], [ -41.884780495, -22.487960599 ], [ -41.884673682, -22.4878595079999 ] ] ], [ [ [ -41.884811012999897, -22.489408274 ], [ -41.884978858999901, -22.489564679999901 ], [ -41.885085671999903, -22.48944833 ], [ -41.884811012999897, -22.489408274 ] ] ], [ [ [ -41.8832377909999, -22.489729747999899 ], [ -41.88404322, -22.489608620999899 ], [ -41.88323166, -22.489437623 ], [ -41.8832377909999, -22.489729747999899 ] ] ], [ [ [ -41.884563058, -22.489805003999901 ], [ -41.884959785, -22.4897668569999 ], [ -41.88446769, -22.489742061 ], [ -41.884563058, -22.489805003999901 ] ] ], [ [ [ -41.904052381, -22.7558882 ], [ -41.903446732, -22.755608946999899 ], [ -41.903663036, -22.756151493999901 ], [ -41.904052381, -22.7558882 ] ] ], [ [ [ -41.908755798, -22.537013342 ], [ -41.909192232999899, -22.537101145999902 ], [ -41.909149021, -22.536901589 ], [ -41.908755798, -22.537013342 ] ] ], [ [ [ -41.916331806999899, -22.532523909 ], [ -41.91699905, -22.53220056 ], [ -41.9163908519999, -22.532160184 ], [ -41.916331806999899, -22.532523909 ] ] ], [ [ [ -41.918773262999899, -22.531667491999901 ], [ -41.91847953, -22.531661771 ], [ -41.918658821999898, -22.531825802999901 ], [ -41.918773262999899, -22.531667491999901 ] ] ], [ [ [ -41.91968116, -22.526580592999899 ], [ -41.9195857939999, -22.526870511 ], [ -41.919932931999902, -22.526857159 ], [ -41.91968116, -22.526580592999899 ] ] ], [ [ [ -41.919059247999897, -22.531850894999899 ], [ -41.917959450999902, -22.533195422999899 ], [ -41.9198110889999, -22.533582110999902 ], [ -41.919059247999897, -22.531850894999899 ] ] ], [ [ [ -41.924183617, -22.721899245 ], [ -41.922071806, -22.725473204 ], [ -41.92648299, -22.723912089999899 ], [ -41.924183617, -22.721899245 ] ] ], [ [ [ -41.909405897999903, -22.536458115 ], [ -41.909456303, -22.536551223999901 ], [ -41.909561309, -22.536450354 ], [ -41.909405897999903, -22.536458115 ] ] ], [ [ [ -41.902392952, -22.783519527 ], [ -41.902595131999902, -22.783557674 ], [ -41.902439023999897, -22.7834528069999 ], [ -41.902392952, -22.783519527 ] ] ], [ [ [ -41.899901956, -22.7824590399999 ], [ -41.899848549, -22.782346509 ], [ -41.899844734999903, -22.782468578 ], [ -41.899901956, -22.7824590399999 ] ] ], [ [ [ -41.89630851, -22.786092541 ], [ -41.896438211, -22.7862165189999 ], [ -41.896487802, -22.785747311 ], [ -41.89630851, -22.786092541 ] ] ], [ [ [ -41.892118400999898, -22.784642065 ], [ -41.892185388, -22.784709706999902 ], [ -41.892223665, -22.784592068999899 ], [ -41.892118400999898, -22.784642065 ] ] ], [ [ [ -41.899798958, -22.78259065 ], [ -41.899833290999901, -22.782745145 ], [ -41.899894326, -22.7825544099999 ], [ -41.899798958, -22.78259065 ] ] ], [ [ [ -41.886951256, -22.752494747999901 ], [ -41.887547142, -22.7528984419999 ], [ -41.887397332, -22.752330479 ], [ -41.886951256, -22.752494747999901 ] ] ], [ [ [ -41.874300558, -22.729551609999898 ], [ -41.874781266, -22.731331353 ], [ -41.875487674999903, -22.730982872 ], [ -41.874300558, -22.729551609999898 ] ] ], [ [ [ -41.871976643, -22.7661632259999 ], [ -41.872588676, -22.766088662 ], [ -41.872360632, -22.765761688999898 ], [ -41.871976643, -22.7661632259999 ] ] ], [ [ [ -41.828913176, -22.784029742 ], [ -41.829755928999901, -22.784404759 ], [ -41.829107400999902, -22.783872748 ], [ -41.828913176, -22.784029742 ] ] ], [ [ [ -41.828432716999899, -22.784603091 ], [ -41.829073337999901, -22.784538647 ], [ -41.828318418, -22.784329318999902 ], [ -41.828432716999899, -22.784603091 ] ] ], [ [ [ -41.789637372999898, -22.7674312669999 ], [ -41.78416197, -22.770298997999902 ], [ -41.79386332, -22.771701623 ], [ -41.789637372999898, -22.7674312669999 ] ] ], [ [ [ -41.826428082999897, -22.772054727999901 ], [ -41.819736449999901, -22.771812914 ], [ -41.825379111, -22.776361823999899 ], [ -41.826428082999897, -22.772054727999901 ] ] ], [ [ [ -41.923286824999899, -22.813376836 ], [ -41.920879075, -22.813459918 ], [ -41.920196754, -22.814659669 ], [ -41.923286824999899, -22.813376836 ] ] ], [ [ [ -41.919120280999898, -22.8154981 ], [ -41.919879943999902, -22.815503984 ], [ -41.919692862, -22.815193123 ], [ -41.919120280999898, -22.8154981 ] ] ], [ [ [ -41.919453886, -22.816689445999899 ], [ -41.918016528, -22.816425782 ], [ -41.918165533, -22.817029432 ], [ -41.919453886, -22.816689445999899 ] ] ], [ [ [ -41.9173694, -22.815716547 ], [ -41.918180784999898, -22.815849075 ], [ -41.918050713, -22.815583447999899 ], [ -41.9173694, -22.815716547 ] ] ], [ [ [ -41.890745625, -22.843220045 ], [ -41.891850732, -22.846438969 ], [ -41.893638669, -22.845649218999899 ], [ -41.890745625, -22.843220045 ] ] ], [ [ [ -41.903500993, -22.850500926999899 ], [ -41.902850360999899, -22.850452773 ], [ -41.902839183, -22.850803578999901 ], [ -41.903500993, -22.850500926999899 ] ] ], [ [ [ -41.906207743, -22.852443761 ], [ -41.904157567, -22.85998525 ], [ -41.912620245, -22.8623667049999 ], [ -41.906207743, -22.852443761 ] ] ], [ [ [ -41.936568412, -22.862639909999899 ], [ -41.940305071, -22.873606725999899 ], [ -41.947908805999901, -22.874104696 ], [ -41.945667804, -22.86390033 ], [ -41.936568412, -22.862639909999899 ] ] ], [ [ [ -41.923732959999903, -22.863559913 ], [ -41.923168306, -22.864848114 ], [ -41.924804465, -22.864321862999901 ], [ -41.923732959999903, -22.863559913 ] ] ], [ [ [ -41.921174504, -22.864542100999898 ], [ -41.918320800999901, -22.864069437999898 ], [ -41.919732558, -22.865583462 ], [ -41.921174504, -22.864542100999898 ] ] ], [ [ [ -41.937962619, -22.870004132 ], [ -41.938507550999901, -22.870176172 ], [ -41.938210168999902, -22.86977982 ], [ -41.937962619, -22.870004132 ] ] ], [ [ [ -41.953361906999902, -22.872443998999898 ], [ -41.951861688999898, -22.8746907129999 ], [ -41.953935707, -22.875880126 ], [ -41.953361906999902, -22.872443998999898 ] ] ], [ [ [ -41.942743753999899, -22.877731302 ], [ -41.940743308, -22.879298720999898 ], [ -41.942495212, -22.8795017579999 ], [ -41.942743753999899, -22.877731302 ] ] ], [ [ [ -41.958098521999901, -22.882414319 ], [ -41.959853079, -22.883450648999901 ], [ -41.958936938, -22.881788605999901 ], [ -41.958098521999901, -22.882414319 ] ] ], [ [ [ -41.9604998, -22.885110558999902 ], [ -41.960944292, -22.883789857 ], [ -41.960476390999901, -22.883146874 ], [ -41.9604998, -22.885110558999902 ] ] ], [ [ [ -43.099490671999902, -22.788252276 ], [ -43.100277725, -22.789317191999899 ], [ -43.100576869, -22.788961442999899 ], [ -43.099490671999902, -22.788252276 ] ] ], [ [ [ -43.149344733, -22.789494461999901 ], [ -43.148671911999898, -22.7890282719999 ], [ -43.148589098999899, -22.7894559819999 ], [ -43.149344733, -22.789494461999901 ] ] ], [ [ [ -43.100897239999902, -22.789604326 ], [ -43.10158989, -22.789814761999899 ], [ -43.100932991, -22.789357595999899 ], [ -43.100897239999902, -22.789604326 ] ] ], [ [ [ -43.105311641, -22.79016975 ], [ -43.105779427999899, -22.791479449 ], [ -43.106585195, -22.7913847199999 ], [ -43.105311641, -22.79016975 ] ] ], [ [ [ -43.151973927, -22.790229258 ], [ -43.151218547, -22.789699942 ], [ -43.15181662, -22.790722683 ], [ -43.151973927, -22.790229258 ] ] ], [ [ [ -43.152151074, -22.790284757999899 ], [ -43.152349747, -22.790395186 ], [ -43.152228419, -22.790181364 ], [ -43.152151074, -22.790284757999899 ] ] ], [ [ [ -43.15576136, -22.792047153999899 ], [ -43.15575045, -22.792094614 ], [ -43.155772875, -22.792063601999899 ], [ -43.15576136, -22.792047153999899 ] ] ], [ [ [ -43.155772049999896, -22.791811008 ], [ -43.155820542999898, -22.79183683 ], [ -43.155803878, -22.791809271 ], [ -43.155772049999896, -22.791811008 ] ] ], [ [ [ -43.155801013, -22.794023152 ], [ -43.155817073, -22.794040869 ], [ -43.155812336999901, -22.794025170999902 ], [ -43.155801013, -22.794023152 ] ] ], [ [ [ -43.155541085, -22.791915507999899 ], [ -43.155527072, -22.791966138 ], [ -43.155585225, -22.791937983 ], [ -43.155541085, -22.791915507999899 ] ] ], [ [ [ -43.155702974999897, -22.791884434999901 ], [ -43.155616607, -22.791917754999901 ], [ -43.155696183, -22.7919488759999 ], [ -43.155702974999897, -22.791884434999901 ] ] ], [ [ [ -43.15567842, -22.791727654999899 ], [ -43.155733591999898, -22.791700837999901 ], [ -43.155674549, -22.791685055999899 ], [ -43.15567842, -22.791727654999899 ] ] ], [ [ [ -43.155539157, -22.7918386109999 ], [ -43.155607959, -22.791899809 ], [ -43.155621842999899, -22.791858787 ], [ -43.155539157, -22.7918386109999 ] ] ], [ [ [ -43.155517636, -22.791884783999901 ], [ -43.155539291, -22.791903987999898 ], [ -43.155540104, -22.7918979049999 ], [ -43.155517636, -22.791884783999901 ] ] ], [ [ [ -43.155372894, -22.791754322 ], [ -43.155408404999903, -22.791757478 ], [ -43.155370208, -22.7917337 ], [ -43.155372894, -22.791754322 ] ] ], [ [ [ -43.105042392, -22.791026585999901 ], [ -43.104582498999903, -22.791273875999899 ], [ -43.104631297, -22.791985042 ], [ -43.105042392, -22.791026585999901 ] ] ], [ [ [ -43.155488455999901, -22.791827585 ], [ -43.155510184, -22.791841374999901 ], [ -43.155520692, -22.791820512 ], [ -43.155488455999901, -22.791827585 ] ] ], [ [ [ -43.155510502, -22.7919865379999 ], [ -43.15545, -22.792079187 ], [ -43.1555394599999, -22.792036293 ], [ -43.155510502, -22.7919865379999 ] ] ], [ [ [ -43.154986934, -22.794120368999899 ], [ -43.155621743, -22.794645531 ], [ -43.155766033, -22.794586957 ], [ -43.155963903, -22.794612019999899 ], [ -43.154986934, -22.794120368999899 ] ] ], [ [ [ -43.154816557999901, -22.79409111 ], [ -43.1548459219999, -22.794124493 ], [ -43.154864779, -22.794113335 ], [ -43.154816557999901, -22.79409111 ] ] ], [ [ [ -43.154986934, -22.794120368999899 ], [ -43.154934559, -22.79409735 ], [ -43.154876439, -22.794115637999901 ], [ -43.154941187, -22.794169473 ], [ -43.154986934, -22.794120368999899 ] ] ], [ [ [ -43.155480725, -22.794628863 ], [ -43.155471754, -22.794644261 ], [ -43.155534072, -22.794630955999899 ], [ -43.155480725, -22.794628863 ] ] ], [ [ [ -43.154889102, -22.794173746 ], [ -43.154934957, -22.794198111 ], [ -43.15494344, -22.794174621 ], [ -43.154889102, -22.794173746 ] ] ], [ [ [ -43.121198305, -22.7956994319999 ], [ -43.122420213999902, -22.797140769999899 ], [ -43.12275289, -22.796356908 ], [ -43.121198305, -22.7956994319999 ] ] ], [ [ [ -43.122715335999899, -22.799013547999898 ], [ -43.123733327, -22.799298228999898 ], [ -43.123557580999901, -22.797784027 ], [ -43.122715335999899, -22.799013547999898 ] ] ], [ [ [ -43.117909542999897, -22.802439121 ], [ -43.117863219999897, -22.804431017 ], [ -43.119614235, -22.803847345 ], [ -43.117909542999897, -22.802439121 ] ] ], [ [ [ -43.111675539, -22.795700172999901 ], [ -43.113438615, -22.797311701 ], [ -43.113774411, -22.796394966 ], [ -43.111675539, -22.795700172999901 ] ] ], [ [ [ -43.108884556, -22.800035067 ], [ -43.110323042999902, -22.801856182999899 ], [ -43.111966776, -22.803190734999902 ], [ -43.108884556, -22.800035067 ] ] ], [ [ [ -43.1204829, -22.805691379999899 ], [ -43.120168865, -22.806328095 ], [ -43.120945913999897, -22.806284731999899 ], [ -43.1204829, -22.805691379999899 ] ] ], [ [ [ -43.122245391, -22.804931306999901 ], [ -43.124255816, -22.805978211 ], [ -43.122563446, -22.8044530999999 ], [ -43.122245391, -22.804931306999901 ] ] ], [ [ [ -43.157839454999902, -22.800288588999901 ], [ -43.157333994999902, -22.800125798 ], [ -43.157497611999901, -22.800336924 ], [ -43.157839454999902, -22.800288588999901 ] ] ], [ [ [ -43.169318414, -22.80005449 ], [ -43.168476449, -22.800239292999901 ], [ -43.1692805, -22.800682654 ], [ -43.169318414, -22.80005449 ] ] ], [ [ [ -43.165254069, -22.813144443999899 ], [ -43.160698882, -22.814594279999898 ], [ -43.161400414999903, -22.81508866 ], [ -43.165254069, -22.813144443999899 ] ] ], [ [ [ -43.155857775999898, -22.794662459999898 ], [ -43.155744817, -22.794690541 ], [ -43.155775287, -22.794723953 ], [ -43.155857775999898, -22.794662459999898 ] ] ], [ [ [ -43.156016704, -22.794403890999899 ], [ -43.155871093, -22.79438384 ], [ -43.155945474, -22.794512534 ], [ -43.156016704, -22.794403890999899 ] ] ], [ [ [ -43.162725694999899, -22.819395315 ], [ -43.162478700999898, -22.819711319 ], [ -43.162764505, -22.820055673 ], [ -43.162624988999902, -22.820148011999901 ], [ -43.162787087, -22.8203192719999 ], [ -43.162725694999899, -22.819395315 ] ] ], [ [ [ -43.095933128999903, -22.819325227 ], [ -43.101959904999902, -22.829695936 ], [ -43.104391979999903, -22.829375232 ], [ -43.095933128999903, -22.819325227 ] ] ], [ [ [ -43.259922077999903, -22.825091083 ], [ -43.257486830999902, -22.826107943999901 ], [ -43.259203575999898, -22.826619001 ], [ -43.259922077999903, -22.825091083 ] ] ], [ [ [ -43.254262109, -22.8257612969999 ], [ -43.254170090999899, -22.825598634 ], [ -43.254142634999901, -22.825739384 ], [ -43.254262109, -22.8257612969999 ] ] ], [ [ [ -43.255510291, -22.8246124799999 ], [ -43.2546181129999, -22.824632510999901 ], [ -43.254661498, -22.825319453 ], [ -43.255510291, -22.8246124799999 ] ] ], [ [ [ -43.174503965, -22.836836068 ], [ -43.174530439, -22.838975112 ], [ -43.175784645, -22.836707902999901 ], [ -43.174503965, -22.836836068 ] ] ], [ [ [ -43.115540417, -22.833559914 ], [ -43.104739525999904, -22.834766122 ], [ -43.107812581, -22.840785695 ], [ -43.115540417, -22.833559914 ] ] ], [ [ [ -43.167193160999901, -22.829131936 ], [ -43.167386531, -22.829345781 ], [ -43.167603761999899, -22.829244764 ], [ -43.167193160999901, -22.829131936 ] ] ], [ [ [ -43.217176955, -22.870328088 ], [ -43.236060857, -22.861399159 ], [ -43.242476871999898, -22.837045707 ], [ -43.223442718999898, -22.839523237 ], [ -43.219839915, -22.844803931999898 ], [ -43.221671166, -22.84866582 ], [ -43.224874198999899, -22.841569825 ], [ -43.232397195, -22.847249808999901 ], [ -43.223793824, -22.858263050999899 ], [ -43.208387402, -22.858358553999899 ], [ -43.219511269999899, -22.861766245 ], [ -43.217176955, -22.870328088 ] ] ], [ [ [ -43.128175671, -22.861543853999901 ], [ -43.128961251, -22.866244908999899 ], [ -43.131386189999901, -22.865891955999899 ], [ -43.128175671, -22.861543853999901 ] ] ], [ [ [ -43.133195891999897, -22.868022061 ], [ -43.131500190999901, -22.873678642 ], [ -43.135222507, -22.875539088 ], [ -43.1373617839999, -22.876081906 ], [ -43.138390919, -22.875632310999901 ], [ -43.133195891999897, -22.868022061 ] ] ], [ [ [ -43.176898096999899, -22.884303642 ], [ -43.175016538, -22.882676725 ], [ -43.17277508, -22.883177718 ], [ -43.176898096999899, -22.884303642 ] ] ], [ [ [ -43.12237662, -22.874216174 ], [ -43.120040414999899, -22.87725761 ], [ -43.125057652999899, -22.874599019999899 ], [ -43.12237662, -22.874216174 ] ] ], [ [ [ -43.122956068999898, -22.858724557 ], [ -43.118951723999899, -22.8636816019999 ], [ -43.126617844999899, -22.861900539 ], [ -43.122956068999898, -22.858724557 ] ] ], [ [ [ -43.116484033999903, -22.853836569999899 ], [ -43.11595657, -22.854542164999899 ], [ -43.117021636999901, -22.854468794 ], [ -43.116484033999903, -22.853836569999899 ] ] ], [ [ [ -43.108151786999898, -22.846696817999899 ], [ -43.10763711, -22.846987430999899 ], [ -43.108309326, -22.847431136999901 ], [ -43.108151786999898, -22.846696817999899 ] ] ], [ [ [ -43.103605487, -22.847127753999899 ], [ -43.106331294, -22.847428521 ], [ -43.10391828, -22.84570715 ], [ -43.103605487, -22.847127753999899 ] ] ], [ [ [ -43.196337193, -22.887106671 ], [ -43.196877094999898, -22.888021937 ], [ -43.197818422999902, -22.887770861 ], [ -43.196337193, -22.887106671 ] ] ], [ [ [ -43.211093397, -22.887225187999899 ], [ -43.207361765, -22.889039461 ], [ -43.209106002999903, -22.891952228 ], [ -43.211093397, -22.887225187999899 ] ] ], [ [ [ -43.206090700999901, -23.0256958599999 ], [ -43.200692472999897, -23.026823314 ], [ -43.206322342, -23.026097272 ], [ -43.206090700999901, -23.0256958599999 ] ] ], [ [ [ -43.196949601, -23.034511965 ], [ -43.205724827, -23.040134684 ], [ -43.208267869999901, -23.0398660389999 ], [ -43.196949601, -23.034511965 ] ] ], [ [ [ -43.199799341, -23.0729981429999 ], [ -43.198322226999899, -23.074699785999901 ], [ -43.200476191999897, -23.073663429 ], [ -43.199799341, -23.0729981429999 ] ] ], [ [ [ -43.194712665999901, -23.033140574999901 ], [ -43.196248561999901, -23.033948146999901 ], [ -43.194627251, -23.032595562 ], [ -43.194712665999901, -23.033140574999901 ] ] ], [ [ [ -43.199103785, -23.07146861 ], [ -43.191097758999902, -23.070769536999901 ], [ -43.192784887, -23.0741020799999 ], [ -43.199103785, -23.07146861 ] ] ], [ [ [ -43.1927474519999, -23.0316745179999 ], [ -43.193754288, -23.0317033819999 ], [ -43.192631548999898, -23.03121455 ], [ -43.1927474519999, -23.0316745179999 ] ] ], [ [ [ -43.19259113, -23.029129802999901 ], [ -43.191209946999898, -23.029983027 ], [ -43.192579022, -23.030212677 ], [ -43.19259113, -23.029129802999901 ] ] ], [ [ [ -43.193332089, -23.025823 ], [ -43.1900587229999, -23.027019165 ], [ -43.195257123, -23.027368359 ], [ -43.193332089, -23.025823 ] ] ], [ [ [ -43.18380049, -23.021727513 ], [ -43.182037373999897, -23.023437430999898 ], [ -43.182284399, -23.023794809 ], [ -43.18380049, -23.021727513 ] ] ], [ [ [ -43.148248937999902, -23.059584228999899 ], [ -43.142853984999903, -23.06410213 ], [ -43.142328751, -23.065887141 ], [ -43.147821931, -23.0649443249999 ], [ -43.148248937999902, -23.059584228999899 ] ] ], [ [ [ -43.0841496849999, -22.985732915 ], [ -43.083880340999897, -22.989038939 ], [ -43.088868020999897, -22.988020794 ], [ -43.0841496849999, -22.985732915 ] ] ], [ [ [ -43.052933321, -22.979448439 ], [ -43.0544931109999, -22.978290596 ], [ -43.053134889, -22.97719403 ], [ -43.052933321, -22.979448439 ] ] ], [ [ [ -43.067658528, -22.982868520999901 ], [ -43.063093587, -22.984269810999901 ], [ -43.068407357999902, -22.986065905 ], [ -43.067658528, -22.982868520999901 ] ] ], [ [ [ -43.150723027, -22.963107982999901 ], [ -43.1487346709999, -22.965562049 ], [ -43.151430079, -22.966739260999901 ], [ -43.150723027, -22.963107982999901 ] ] ], [ [ [ -43.102438413999899, -22.955110205 ], [ -43.105029143, -22.957621386 ], [ -43.105686207, -22.957080521 ], [ -43.102438413999899, -22.955110205 ] ] ], [ [ [ -43.115635149, -22.951744757 ], [ -43.115017368999901, -22.952350372 ], [ -43.11675866, -22.9519409719999 ], [ -43.115635149, -22.951744757 ] ] ], [ [ [ -43.147091440999901, -22.934390698999898 ], [ -43.146560661, -22.934844454 ], [ -43.1474074119999, -22.934700914 ], [ -43.147091440999901, -22.934390698999898 ] ] ], [ [ [ -43.147897738, -22.935235766999899 ], [ -43.148478511, -22.935310288 ], [ -43.147890596, -22.935097669 ], [ -43.147897738, -22.935235766999899 ] ] ], [ [ [ -43.101452847, -22.931072818 ], [ -43.102000366, -22.9313206849999 ], [ -43.101988273, -22.931052775 ], [ -43.101452847, -22.931072818 ] ] ], [ [ [ -43.160633570999899, -22.912949652 ], [ -43.157812455999903, -22.912700742 ], [ -43.161366245, -22.916422773 ], [ -43.160633570999899, -22.912949652 ] ] ], [ [ [ -43.131045007999901, -22.908833012999899 ], [ -43.13114344, -22.908998174 ], [ -43.131203798999898, -22.908893492999901 ], [ -43.131045007999901, -22.908833012999899 ] ] ], [ [ [ -43.125269997, -22.91009768 ], [ -43.125765084, -22.910039148 ], [ -43.125198079, -22.909970479 ], [ -43.125269997, -22.91009768 ] ] ], [ [ [ -43.174717756999897, -22.89314796 ], [ -43.168172575, -22.897519163 ], [ -43.174959094, -22.8975199019999 ], [ -43.174717756999897, -22.89314796 ] ] ], [ [ [ -43.165853082, -22.897016892 ], [ -43.16699491, -22.8968821469999 ], [ -43.165704129999902, -22.896818459 ], [ -43.165853082, -22.897016892 ] ] ], [ [ [ -41.989049371, -22.892201457999899 ], [ -41.978981044, -22.891960135 ], [ -41.977104341, -22.9010312519999 ], [ -41.989049371, -22.892201457999899 ] ] ], [ [ [ -42.029844704, -22.940528012 ], [ -42.02925849, -22.941726611 ], [ -42.029861783999898, -22.94216246 ], [ -42.029844704, -22.940528012 ] ] ], [ [ [ -42.469114137, -22.9436093579999 ], [ -42.469063536, -22.944566067 ], [ -42.469455043, -22.94441562 ], [ -42.469114137, -22.9436093579999 ] ] ], [ [ [ -42.475257993, -22.938901519 ], [ -42.475611423, -22.939069189999898 ], [ -42.475461482, -22.938832476999899 ], [ -42.475257993, -22.938901519 ] ] ], [ [ [ -42.475712658, -22.939435363 ], [ -42.476387379999899, -22.9404560259999 ], [ -42.476766168, -22.939809301 ], [ -42.475712658, -22.939435363 ] ] ], [ [ [ -42.474658232, -22.938497132 ], [ -42.474861722, -22.938704256999898 ], [ -42.474925982999899, -22.938625352 ], [ -42.474658232, -22.938497132 ] ] ], [ [ [ -42.473426582999899, -22.938102608 ], [ -42.473747881999898, -22.938043429999901 ], [ -42.473672912, -22.937865893 ], [ -42.473426582999899, -22.938102608 ] ] ], [ [ [ -42.474261962999897, -22.938092744999899 ], [ -42.474422612, -22.9385168589999 ], [ -42.474701072, -22.938240691 ], [ -42.474261962999897, -22.938092744999899 ] ] ], [ [ [ -42.929360373, -23.024928089 ], [ -42.929072570999899, -23.025182334 ], [ -42.9293144869999, -23.025228501999901 ], [ -42.929360373, -23.024928089 ] ] ], [ [ [ -42.928159607999902, -23.022154525 ], [ -42.926313412, -23.022993105999898 ], [ -42.928962898, -23.024278973 ], [ -42.928159607999902, -23.022154525 ] ] ], [ [ [ -42.921763343, -23.013869982 ], [ -42.912878803999902, -23.008498395999901 ], [ -42.923895511, -23.018638143 ], [ -42.921763343, -23.013869982 ] ] ], [ [ [ -42.907712198, -23.004688682999902 ], [ -42.907803633, -23.00575058 ], [ -42.9094637009999, -23.005996276 ], [ -42.907712198, -23.004688682999902 ] ] ], [ [ [ -42.906903863, -23.005575355 ], [ -42.907698642999897, -23.007446409999901 ], [ -42.9087875869999, -23.007529281 ], [ -42.906903863, -23.005575355 ] ] ], [ [ [ -42.691569387, -22.961762011 ], [ -42.692140073, -22.962156111 ], [ -42.692289877, -22.962057586 ], [ -42.691569387, -22.961762011 ] ] ], [ [ [ -41.992479999, -22.969383262 ], [ -41.986486859, -22.963300906 ], [ -41.985433144999902, -22.9638370979999 ], [ -41.992479999, -22.969383262 ] ] ], [ [ [ -42.038611128, -22.980981185 ], [ -42.037534659999899, -22.982272712999901 ], [ -42.0382338269999, -22.983350002999899 ], [ -42.038611128, -22.980981185 ] ] ], [ [ [ -42.036979417999902, -22.984267175 ], [ -42.037750279, -22.984313149999899 ], [ -42.037554589, -22.983784284 ], [ -42.036979417999902, -22.984267175 ] ] ], [ [ [ -41.977591587999903, -22.978450501999902 ], [ -41.978579415, -22.997883859999899 ], [ -42.004944657, -23.013839677 ], [ -42.013046615, -22.998889834 ], [ -42.005883312, -23.002843541999901 ], [ -42.001898114, -22.991323404 ], [ -41.977591587999903, -22.978450501999902 ] ] ] ] } }
]
}
