{
"type": "FeatureCollection",
"name": "RJeAdjacencias_100km_otimizado",
"crs": { "type": "name", "properties": { "name": "urn:ogc:def:crs:OGC:1.3:CRS84" } },
"features": [
{ "type": "Feature", "properties": { "CD_MUN": "3100302", "NM_MUN": "Abre Campo", "SIGLA_UF": "MG", "AREA_KM2": 470.551 }, "geometry": { "type": "Polygon", "coordinates": [ [ [ -42.382195, -20.121758996 ], [ -42.368014, -20.124621996 ], [ -42.369485, -20.132788996 ], [ -42.356945, -20.140258996 ], [ -42.345825, -20.135411996 ], [ -42.310709, -20.142788996 ], [ -42.322167, -20.177367996 ], [ -42.31216, -20.193434996 ], [ -42.327752, -20.218422996 ], [ -42.321241, -20.233424996 ], [ -42.36358, -20.247601996 ], [ -42.361561, -20.260925996 ], [ -42.375238, -20.273646996 ], [ -42.368266, -20.281814996 ], [ -42.391199, -20.280969996 ], [ -42.412404, -20.320842996 ], [ -42.415204, -20.349996996 ], [ -42.426359, -20.358708996 ], [ -42.41892, -20.414842996 ], [ -42.436473, -20.438480996 ], [ -42.456085, -20.438403996 ], [ -42.467434, -20.426482996 ], [ -42.490221, -20.420516996 ], [ -42.491402, -20.406771996 ], [ -42.526598, -20.424952996 ], [ -42.531703, -20.409887996 ], [ -42.513496, -20.369962996 ], [ -42.526238, -20.355555996 ], [ -42.555576, -20.355651996 ], [ -42.557368, -20.341794996 ], [ -42.540252, -20.309911996 ], [ -42.542131, -20.295917996 ], [ -42.559405, -20.287732996 ], [ -42.55063, -20.280948996 ], [ -42.554759, -20.265430996 ], [ -42.531026, -20.251989996 ], [ -42.52923, -20.234152996 ], [ -42.51802, -20.212293996 ], [ -42.503924, -20.204218996 ], [ -42.506884, -20.197184996 ], [ -42.467691, -20.192917996 ], [ -42.462475, -20.186152996 ], [ -42.440885, -20.195494996 ], [ -42.430827, -20.166102996 ], [ -42.41839, -20.161241996 ], [ -42.419532, -20.143599996 ], [ -42.382195, -20.121758996 ] ] ] } },
{ "type": "Feature", "properties": { "CD_MUN": "3101201", "NM_MUN": "Aiuruoca", "SIGLA_UF": "MG", "AREA_KM2": 649.68 }, "geometry": { "type": "Polygon", "coordinates": [ [ [ -44.693498, -21.743396996 ], [ -44.620925, -21.797842996 ], [ -44.625857, -21.812848996 ], [ -44.583161, -21.832173996 ], [ -44.5887, -21.853671996 ], [ -44.604087, -21.853620996 ], [ -44.606394, -21.867622996 ], [ -44.574195, -21.891812996 ], [ -44.561173, -21.888959996 ], [ -44.558492, -21.894906996 ], [ -44.555337, -21.917126995 ], [ -44.566707, -21.940748995 ], [ -44.556467, -21.971545996 ], [ -44.5776, -21.995144996 ], [ -44.570617, -22.009512996 ], [ -44.579483, -22.014423996 ], [ -44.582254, -22.029185996 ], [ -44.554932, -22.043737996 ], [ -44.546281, -22.053526996 ], [ -44.551564, -22.068914996 ], [ -44.527858, -22.082824996 ], [ -44.534942, -22.103537996 ], [ -44.528699, -22.115582996 ], [ -44.551495, -22.133485996 ], [ -44.561704, -22.148790996 ], [ -44.559875, -22.159817996 ], [ -44.579101, -22.148474996 ], [ -44.607728, -22.161987996 ], [ -44.620423, -22.155419996 ], [ -44.618986, -22.137921996 ], [ -44.653133, -22.127197996 ], [ -44.65776, -22.136029996 ], [ -44.679252, -22.135546996 ], [ -44.679598, -22.102329996 ], [ -44.671842, -22.089564996 ], [ -44.682464, -22.075816996 ], [ -44.672743, -22.057301996 ], [ -44.686075, -22.054947996 ], [ -44.690712, -22.030124996 ], [ -44.708524, -22.005301996 ], [ -44.732373, -21.991465996 ], [ -44.728461, -21.977218996 ], [ -44.746921, -21.956413996 ], [ -44.745097, -21.937791996 ], [ -44.755319, -21.935471996 ], [ -44.754277, -21.908145996 ], [ -44.765464, -21.901929996 ], [ -44.750266, -21.877927996 ], [ -44.756291, -21.860569996 ], [ -44.743539, -21.846129996 ], [ -44.749272, -21.814737996 ], [ -44.726121, -21.766046996 ], [ -44.699358, -21.764721996 ], [ -44.693498, -21.743396996 ] ] ] } },
{ "type": "Feature", "properties": { "CD_MUN": "3101300", "NM_MUN": "Alagoa", "SIGLA_UF": "MG", "AREA_KM2": 161.356 }, "geometry": { "type": "Polygon", "coordinates": [ [ [ -44.654194, -22.127233996 ], [ -44.618986, -22.137921996 ], [ -44.620423, -22.155419996 ], [ -44.607222, -22.162159996 ], [ -44.579101, -22.148474996 ], [ -44.559875, -22.159817996 ], [ -44.566561, -22.183187996 ], [ -44.576793, -22.188973996 ], [ -44.571673, -22.200780996 ], [ -44.580403, -22.212415996 ], [ -44.614666, -22.229361996 ], [ -44.652174, -22.227030996 ], [ -44.67138, -22.238889996 ], [ -44.688769, -22.222034996 ], [ -44.725366, -22.228259996 ], [ -44.761369, -22.221404996 ], [ -44.772561, -22.195763996 ], [ -44.734382, -22.189439996 ], [ -44.720074, -22.179602996 ], [ -44.722013, -22.148824996 ], [ -44.690995, -22.136914996 ], [ -44.65776, -22.136029996 ], [ -44.654194, -22.127233996 ] ] ] } },
{ "type": "Feature", "properties": { "CD_MUN": "3101508", "NM_MUN": "Além Paraíba", "SIGLA_UF": "MG", "AREA_KM2": 510.25 }, "geometry": { "type": "Polygon", "coordinates": [ [ [ -42.728617, -21.664955995 ], [ -42.70015, -21.685662995 ], [ -42.677672, -21.684986995 ], [ -42.676957, -21.692396995 ], [ -42.647774, -21.693777995 ], [ -42.64773, -21.686518995 ], [ -42.630253, -21.695138995 ], [ -42.617895, -21.691800995 ], [ -42.628201, -21.704629996 ], [ -42.620415, -21.716855996 ], [ -42.624181, -21.738438996 ], [ -42.640447, -21.760594996 ], [ -42.655628, -21.764016996 ], [ -42.632127, -21.781264996 ], [ -42.615694, -21.780490996 ], [ -42.602914, -21.814859996 ], [ -42.605973, -21.827686996 ], [ -42.593904, -21.824820996 ], [ -42.608278, -21.839267996 ], [ -42.605331462, -21.850658924 ], [ -42.684964374, -21.879198143 ], [ -42.787790311, -21.929569797 ], [ -42.881427471, -21.959266186 ], [ -42.87846974, -21.965773501 ], [ -42.909625459, -21.990723504 ], [ -42.912695, -21.973911996 ], [ -42.925895, -21.979750996 ], [ -42.932444, -21.969825996 ], [ -42.917083, -21.956853996 ], [ -42.921113, -21.932911996 ], [ -42.904356, -21.916524996 ], [ -42.907563, -21.908024996 ], [ -42.885016, -21.901002996 ], [ -42.899218, -21.891058996 ], [ -42.8752, -21.857411996 ], [ -42.886843, -21.839069996 ], [ -42.857461, -21.827941996 ], [ -42.822757, -21.849877996 ], [ -42.792704, -21.835649996 ], [ -42.780203, -21.838429996 ], [ -42.766169, -21.809183996 ], [ -42.784144, -21.790790996 ], [ -42.757755, -21.773211996 ], [ -42.760621, -21.755790996 ], [ -42.774636, -21.745073996 ], [ -42.762402, -21.736518996 ], [ -42.778048, -21.722499996 ], [ -42.754832, -21.717009996 ], [ -42.756485, -21.701411996 ], [ -42.742499, -21.686060996 ], [ -42.743531, -21.675019996 ], [ -42.728617, -21.664955995 ] ] ] } },
{ "type": "Feature", "properties": { "CD_MUN": "3101631", "NM_MUN": "Alfredo Vasconcelos", "SIGLA_UF": "MG", "AREA_KM2": 130.815 }, "geometry": { "type": "Polygon", "coordinates": [ [ [ -43.640062, -21.092237996 ], [ -43.601999, -21.109232996 ], [ -43.605004, -21.128147996 ], [ -43.632953, -21.134273996 ], [ -43.642885, -21.156409996 ], [ -43.673302, -21.166326996 ], [ -43.69249, -21.183905996 ], [ -43.717262, -21.188567996 ], [ -43.735674, -21.174780996 ], [ -43.773217178, -21.168305108 ], [ -43.786210113, -21.154794885 ], [ -43.830474, -21.145831996 ], [ -43.812852, -21.113036996 ], [ -43.789264, -21.118109996 ], [ -43.75995, -21.110936996 ], [ -43.745074, -21.117879996 ], [ -43.740361, -21.112340996 ], [ -43.73585, -21.121599996 ], [ -43.728521, -21.118131996 ], [ -43.71441, -21.128344996 ], [ -43.709294, -21.119282996 ], [ -43.685284, -21.120539996 ], [ -43.65902, -21.091658996 ], [ -43.640062, -21.092237996 ] ] ] } },
{ "type": "Feature", "properties": { "CD_MUN": "3102050", "NM_MUN": "Alto Caparaó", "SIGLA_UF": "MG", "AREA_KM2": 103.69 }, "geometry": { "type": "Polygon", "coordinates": [ [ [ -41.869675, -20.400240996 ], [ -41.803390424, -20.422237865 ], [ -41.799435567, -20.477283344 ], [ -41.829189, -20.486062996 ], [ -41.838037, -20.481777996 ], [ -41.850209, -20.498173996 ], [ -41.866996, -20.492183996 ], [ -41.896291, -20.502226996 ], [ -41.915023, -20.488174996 ], [ -41.920731, -20.495241996 ], [ -41.914448, -20.504932996 ], [ -41.93068, -20.516618996 ], [ -41.962515, -20.504527996 ], [ -41.931922, -20.491945996 ], [ -41.928381, -20.471582996 ], [ -41.910876, -20.460224996 ], [ -41.897921, -20.439194996 ], [ -41.90314, -20.434708996 ], [ -41.882704, -20.432748996 ], [ -41.872747, -20.417756996 ], [ -41.877465, -20.403498996 ], [ -41.869675, -20.400240996 ] ] ] } },
{ "type": "Feature", "properties": { "CD_MUN": "3102100", "NM_MUN": "Alto Rio Doce", "SIGLA_UF": "MG", "AREA_KM2": 518.053 }, "geometry": { "type": "Polygon", "coordinates": [ [ [ -43.51885, -20.928917996 ], [ -43.471586, -20.937003996 ], [ -43.457082, -20.944970996 ], [ -43.460444, -20.957520996 ], [ -43.453482, -20.965241996 ], [ -43.443726, -20.961580996 ], [ -43.421098, -20.978453996 ], [ -43.395677, -20.959335996 ], [ -43.390787, -20.973292996 ], [ -43.375443, -20.976546996 ], [ -43.364632, -20.960204996 ], [ -43.372127, -20.953059996 ], [ -43.359441, -20.944859996 ], [ -43.344546, -20.951749996 ], [ -43.331507, -20.978100996 ], [ -43.290566, -20.955050996 ], [ -43.279452, -20.964032996 ], [ -43.259543, -20.958415996 ], [ -43.243978, -20.966159996 ], [ -43.244895, -20.996008996 ], [ -43.255844, -21.010009996 ], [ -43.244723, -21.022194996 ], [ -43.249285, -21.035584996 ], [ -43.231011, -21.044568996 ], [ -43.238985, -21.077028996 ], [ -43.249912, -21.086357996 ], [ -43.272067, -21.058058996 ], [ -43.294366, -21.060220996 ], [ -43.303555, -21.074455996 ], [ -43.354888, -21.093740996 ], [ -43.36411, -21.138032996 ], [ -43.357917, -21.142634996 ], [ -43.381374, -21.162991996 ], [ -43.397224, -21.166678996 ], [ -43.402436, -21.154777996 ], [ -43.416693, -21.158367996 ], [ -43.437226, -21.141328996 ], [ -43.468479, -21.144198996 ], [ -43.464979, -21.130947996 ], [ -43.498038, -21.114985996 ], [ -43.502541, -21.094853996 ], [ -43.516612, -21.093097996 ], [ -43.510442, -21.061614996 ], [ -43.518515, -21.055238996 ], [ -43.541551, -21.058669996 ], [ -43.518154, -21.045447996 ], [ -43.525373, -21.039705996 ], [ -43.526834, -21.012731996 ], [ -43.538117, -21.010378996 ], [ -43.531596, -20.996366996 ], [ -43.558569, -20.978025996 ], [ -43.560198, -20.957743996 ], [ -43.569539, -20.960683996 ], [ -43.58092, -20.949371996 ], [ -43.580169, -20.943906996 ], [ -43.560409, -20.949300996 ], [ -43.537572, -20.937373996 ], [ -43.520793, -20.937941996 ], [ -43.51885, -20.928917996 ] ] ] } },
{ "type": "Feature", "properties": { "CD_MUN": "3102506", "NM_MUN": "Amparo do Serra", "SIGLA_UF": "MG", "AREA_KM2": 136.186 }, "geometry": { "type": "Polygon", "coordinates": [ [ [ -42.770195, -20.452309996 ], [ -42.757399, -20.455736996 ], [ -42.7482224, -20.476776996 ], [ -42.751779, -20.503638996 ], [ -42.764474, -20.515117996 ], [ -42.747657, -20.525290996 ], [ -42.728192, -20.517261996 ], [ -42.731135, -20.529271996 ], [ -42.723792, -20.534203996 ], [ -42.731691, -20.545055996 ], [ -42.757505, -20.550310996 ], [ -42.773165, -20.529931996 ], [ -42.782164, -20.531446996 ], [ -42.792434, -20.548358996 ], [ -42.775713, -20.575613996 ], [ -42.785815, -20.578803996 ], [ -42.797948, -20.605911996 ], [ -42.817196, -20.606340996 ], [ -42.861933, -20.558518996 ], [ -42.870241, -20.560018996 ], [ -42.872449, -20.522549996 ], [ -42.854329, -20.503519996 ], [ -42.865006, -20.486858996 ], [ -42.840564, -20.487678996 ], [ -42.837689, -20.509246996 ], [ -42.825788, -20.513471996 ], [ -42.821468, -20.504945996 ], [ -42.829347, -20.496954996 ], [ -42.814536, -20.483554996 ], [ -42.813593, -20.467916996 ], [ -42.805616, -20.470027996 ], [ -42.797131, -20.458958996 ], [ -42.78037, -20.464324996 ], [ -42.770195, -20.452309996 ] ] ] } },
{ "type": "Feature", "properties": { "CD_MUN": "3102803", "NM_MUN": "Andrelândia", "SIGLA_UF": "MG", "AREA_KM2": 1005.285 }, "geometry": { "type": "Polygon", "coordinates": [ [ [ -44.158549, -21.543176996 ], [ -44.162774, -21.547901996 ], [ -44.154287, -21.544963996 ], [ -44.154378, -21.554199996 ], [ -44.162453, -21.558272996 ], [ -44.154881, -21.562668996 ], [ -44.167146, -21.588064996 ], [ -44.160487, -21.606675996 ], [ -44.166943, -21.615677996 ], [ -44.154833, -21.621985995 ], [ -44.15577, -21.631445996 ], [ -44.141789, -21.644632996 ], [ -44.153374, -21.659514996 ], [ -44.12845, -21.658603996 ], [ -44.120794, -21.669912996 ], [ -44.110657, -21.660218996 ], [ -44.096363, -21.670102996 ], [ -44.087821, -21.656306996 ], [ -44.06936, -21.672327996 ], [ -44.080301, -21.696410996 ], [ -44.070751, -21.711712996 ], [ -44.081482, -21.722584996 ], [ -44.071126, -21.730839996 ], [ -44.079975, -21.738850996 ], [ -44.068306, -21.749942996 ], [ -44.083686, -21.775029996 ], [ -44.074988, -21.783776996 ], [ -44.076528, -21.796820996 ], [ -44.089017, -21.792003996 ], [ -44.120685, -21.803520996 ], [ -44.13143, -21.829420996 ], [ -44.184367, -21.824767996 ], [ -44.228099, -21.844346996 ], [ -44.236366, -21.869380996 ], [ -44.228942, -21.880628996 ], [ -44.23158, -21.892923996 ], [ -44.270578, -21.893716996 ], [ -44.287966, -21.914093996 ], [ -44.285724, -21.928624996 ], [ -44.31868, -21.924861996 ], [ -44.32678, -21.869760996 ], [ -44.365023, -21.861378996 ], [ -44.383227, -21.873909996 ], [ -44.397094, -21.865756996 ], [ -44.413597, -21.865661995 ], [ -44.422176, -21.875951995 ], [ -44.440946, -21.872879996 ], [ -44.439985, -21.839586996 ], [ -44.456263, -21.812464996 ], [ -44.456345, -21.796130996 ], [ -44.491426, -21.790471996 ], [ -44.492108, -21.781394996 ], [ -44.485891, -21.781104996 ], [ -44.500439, -21.777556996 ], [ -44.494976, -21.772624996 ], [ -44.500482, -21.769122996 ], [ -44.489897, -21.763018996 ], [ -44.483012, -21.771507996 ], [ -44.468742, -21.769461996 ], [ -44.488417, -21.759075996 ], [ -44.470154, -21.757161996 ], [ -44.465902, -21.735861996 ], [ -44.458542, -21.732001996 ], [ -44.446034, -21.737560996 ], [ -44.453993, -21.739760996 ], [ -44.449032, -21.750100996 ], [ -44.4319, -21.736190996 ], [ -44.430176, -21.745277996 ], [ -44.420459, -21.743931996 ], [ -44.431162, -21.727135996 ], [ -44.421108, -21.712334996 ], [ -44.398891, -21.704287996 ], [ -44.38769, -21.717478996 ], [ -44.379729, -21.705825996 ], [ -44.352299, -21.696875996 ], [ -44.352258, -21.679917996 ], [ -44.341847, -21.676489996 ], [ -44.353268, -21.672134996 ], [ -44.355001, -21.656805996 ], [ -44.372197, -21.664354996 ], [ -44.379601, -21.658457996 ], [ -44.372772, -21.648978996 ], [ -44.383546, -21.646935996 ], [ -44.389557, -21.630458996 ], [ -44.40182, -21.628189996 ], [ -44.392132, -21.610413996 ], [ -44.404338, -21.598727996 ], [ -44.398587, -21.588617996 ], [ -44.386449, -21.586113996 ], [ -44.370278, -21.597331996 ], [ -44.336843, -21.590542996 ], [ -44.334214, -21.598008996 ], [ -44.267028, -21.577209996 ], [ -44.267181, -21.595169996 ], [ -44.239724, -21.612418996 ], [ -44.214886, -21.580943996 ], [ -44.221519, -21.573655996 ], [ -44.220848, -21.566770996 ], [ -44.210459, -21.576539996 ], [ -44.173125, -21.552918996 ], [ -44.172371, -21.543471996 ], [ -44.158549, -21.543176996 ] ] ] } },
{ "type": "Feature", "properties": { "CD_MUN": "3102902", "NM_MUN": "Antônio Carlos", "SIGLA_UF": "MG", "AREA_KM2": 529.915 }, "geometry": { "type": "Polygon", "coordinates": [ [ [ -43.826944, -21.270763996 ], [ -43.823268, -21.281655996 ], [ -43.783872, -21.279787996 ], [ -43.785229, -21.289705996 ], [ -43.774878, -21.298672996 ], [ -43.751089, -21.282839996 ], [ -43.743695, -21.286078996 ], [ -43.73966, -21.295190996 ], [ -43.70934, -21.305323996 ], [ -43.677647, -21.349909996 ], [ -43.656844, -21.350837996 ], [ -43.64424, -21.369146996 ], [ -43.631626, -21.372035996 ], [ -43.649204, -21.385509996 ], [ -43.656397, -21.377317996 ], [ -43.674734, -21.389876996 ], [ -43.686782, -21.384593996 ], [ -43.708374, -21.404832996 ], [ -43.70926, -21.413734996 ], [ -43.671676, -21.439739996 ], [ -43.672842, -21.466695995 ], [ -43.65474, -21.470002995 ], [ -43.658649, -21.481479995 ], [ -43.648967, -21.496633995 ], [ -43.665846, -21.517465995 ], [ -43.692157, -21.525250995 ], [ -43.684247, -21.530053995 ], [ -43.688154, -21.544796995 ], [ -43.677105, -21.556570995 ], [ -43.693368, -21.585886995 ], [ -43.716602, -21.575556996 ], [ -43.725694, -21.544217996 ], [ -43.748305, -21.527135996 ], [ -43.800854, -21.519516996 ], [ -43.814621, -21.526155996 ], [ -43.835537, -21.470557996 ], [ -43.853286, -21.469289996 ], [ -43.84818, -21.453698996 ], [ -43.857186, -21.413513996 ], [ -43.879277, -21.404899996 ], [ -43.891077, -21.383614996 ], [ -43.87519, -21.367255996 ], [ -43.885368, -21.337539996 ], [ -43.878819, -21.304093996 ], [ -43.856834, -21.285877996 ], [ -43.841653, -21.284972996 ], [ -43.83879, -21.271048996 ], [ -43.826944, -21.270763996 ] ] ] } },
{ "type": "Feature", "properties": { "CD_MUN": "3103108", "NM_MUN": "Antônio Prado de Minas", "SIGLA_UF": "MG", "AREA_KM2": 83.802 }, "geometry": { "type": "Polygon", "coordinates": [ [ [ -42.185592, -20.977458996 ], [ -42.150949977, -20.974028955 ], [ -42.140984291, -20.992963756 ], [ -42.126516595, -21.00381285 ], [ -42.117676978, -21.001201145 ], [ -42.114023103, -21.012150215 ], [ -42.08007094, -21.030218695 ], [ -42.093330364, -21.03949778 ], [ -42.101065029, -21.034173921 ], [ -42.101504498, -21.048714085 ], [ -42.120175677, -21.067950295 ], [ -42.118494169, -21.07479571 ], [ -42.144702, -21.071869996 ], [ -42.152928, -21.059992996 ], [ -42.164754, -21.058653996 ], [ -42.170238, -21.039947996 ], [ -42.220523, -21.023858996 ], [ -42.225832, -21.008408996 ], [ -42.196099, -20.996570996 ], [ -42.185592, -20.977458996 ] ] ] } },
{ "type": "Feature", "properties": { "CD_MUN": "3103306", "NM_MUN": "Aracitaba", "SIGLA_UF": "MG", "AREA_KM2": 106.608 }, "geometry": { "type": "Polygon", "coordinates": [ [ [ -43.339106, -21.286436996 ], [ -43.324203, -21.296496996 ], [ -43.344622, -21.316206996 ], [ -43.338472, -21.336387996 ], [ -43.371074, -21.373101996 ], [ -43.39796, -21.386926996 ], [ -43.411596, -21.381168996 ], [ -43.450157, -21.415433996 ], [ -43.455945, -21.407605996 ], [ -43.472121, -21.411864996 ], [ -43.481042, -21.399904996 ], [ -43.499206, -21.395853996 ], [ -43.495804, -21.378432996 ], [ -43.458454, -21.369720996 ], [ -43.440942, -21.358877996 ], [ -43.439617, -21.347248996 ], [ -43.408116, -21.330491996 ], [ -43.384451, -21.289282996 ], [ -43.369979, -21.282191996 ], [ -43.339106, -21.286436996 ] ] ] } },
{ "type": "Feature", "properties": { "CD_MUN": "3103603", "NM_MUN": "Arantina", "SIGLA_UF": "MG", "AREA_KM2": 89.42 }, "geometry": { "type": "Polygon", "coordinates": [ [ [ -44.179383, -21.826116996 ], [ -44.16323, -21.853066996 ], [ -44.170554, -21.883850996 ], [ -44.184171, -21.881553996 ], [ -44.196284, -21.890083996 ], [ -44.211891, -21.918112996 ], [ -44.229144, -21.926347996 ], [ -44.227251, -21.950058996 ], [ -44.257161, -21.976056996 ], [ -44.266131, -21.974453996 ], [ -44.287966, -21.914093996 ], [ -44.260521, -21.889310996 ], [ -44.234749, -21.895965996 ], [ -44.228409, -21.887547996 ], [ -44.23638, -21.870587996 ], [ -44.229874, -21.845896996 ], [ -44.179383, -21.826116996 ] ] ] } },
{ "type": "Feature", "properties": { "CD_MUN": "3103702", "NM_MUN": "Araponga", "SIGLA_UF": "MG", "AREA_KM2": 303.793 }, "geometry": { "type": "Polygon", "coordinates": [ [ [ -42.487246, -20.557769996 ], [ -42.462371, -20.563753996 ], [ -42.439778, -20.558567996 ], [ -42.422558, -20.570298996 ], [ -42.422757, -20.579783996 ], [ -42.407205, -20.577361996 ], [ -42.379098, -20.588958996 ], [ -42.377101, -20.597625996 ], [ -42.388874, -20.599792996 ], [ -42.405931, -20.626170996 ], [ -42.408772, -20.656070947 ], [ -42.419417, -20.659580996 ], [ -42.417148, -20.666922996 ], [ -42.429717, -20.667339996 ], [ -42.449005, -20.692046996 ], [ -42.469553, -20.690162996 ], [ -42.476605, -20.707089996 ], [ -42.471367, -20.718537996 ], [ -42.481189, -20.722608996 ], [ -42.471038, -20.749981996 ], [ -42.475996, -20.757349996 ], [ -42.488857, -20.756870996 ], [ -42.494987, -20.767408996 ], [ -42.513523, -20.753258996 ], [ -42.522147, -20.767883996 ], [ -42.543146, -20.777265996 ], [ -42.55957, -20.766132996 ], [ -42.57401, -20.774683996 ], [ -42.59213, -20.768979996 ], [ -42.605, -20.751854996 ], [ -42.621093, -20.764097996 ], [ -42.650478, -20.758550996 ], [ -42.621231, -20.757238996 ], [ -42.614633, -20.743980996 ], [ -42.588892, -20.746539996 ], [ -42.576287, -20.732823996 ], [ -42.557647, -20.598155996 ], [ -42.541543, -20.608204996 ], [ -42.534745, -20.604047996 ], [ -42.533815, -20.579513996 ], [ -42.523122, -20.578526996 ], [ -42.521741, -20.586069996 ], [ -42.508905, -20.577556996 ], [ -42.49043, -20.580572996 ], [ -42.487246, -20.557769996 ] ] ] } },
{ "type": "Feature", "properties": { "CD_MUN": "3104403", "NM_MUN": "Argirita", "SIGLA_UF": "MG", "AREA_KM2": 159.378 }, "geometry": { "type": "Polygon", "coordinates": [ [ [ -42.832748, -21.543953995 ], [ -42.817579, -21.564609995 ], [ -42.74816, -21.623560995 ], [ -42.746162, -21.651021996 ], [ -42.761003, -21.659098996 ], [ -42.790939, -21.651070996 ], [ -42.809448, -21.659771996 ], [ -42.813784, -21.673488996 ], [ -42.821237, -21.662484996 ], [ -42.819021, -21.694924996 ], [ -42.854993, -21.711122996 ], [ -42.887184, -21.688810996 ], [ -42.903357, -21.691439996 ], [ -42.919645, -21.670664996 ], [ -42.877744, -21.632343996 ], [ -42.868253, -21.615194996 ], [ -42.873314, -21.602448996 ], [ -42.865693, -21.584582995 ], [ -42.842512, -21.564338995 ], [ -42.832748, -21.543953995 ] ] ] } },
{ "type": "Feature", "properties": { "CD_MUN": "3104601", "NM_MUN": "Astolfo Dutra", "SIGLA_UF": "MG", "AREA_KM2": 158.891 }, "geometry": { "type": "Polygon", "coordinates": [ [ [ -42.871524, -21.240435996 ], [ -42.842511, -21.246753996 ], [ -42.853019, -21.269720996 ], [ -42.812739, -21.262067996 ], [ -42.815706, -21.287676996 ], [ -42.833685, -21.313351996 ], [ -42.818235617, -21.321658731 ], [ -42.838948, -21.362858996 ], [ -42.830287, -21.387989996 ], [ -42.845031, -21.403865996 ], [ -42.859026, -21.403386996 ], [ -42.861279, -21.387834996 ], [ -42.86788, -21.388568996 ], [ -42.876443, -21.372647996 ], [ -42.908871, -21.365144996 ], [ -42.928632, -21.371802996 ], [ -42.943647, -21.361841996 ], [ -42.924161, -21.310939996 ], [ -42.940987, -21.292089996 ], [ -42.938855203, -21.268323513 ], [ -42.948326, -21.260302996 ], [ -42.955168, -21.264640996 ], [ -42.953068, -21.259007996 ], [ -42.921488, -21.250940996 ], [ -42.9171, -21.256366996 ], [ -42.91211, -21.246562996 ], [ -42.891742, -21.258537996 ], [ -42.871385, -21.258793996 ], [ -42.871524, -21.240435996 ] ] ] } },
{ "type": "Feature", "properties": { "CD_MUN": "3104908", "NM_MUN": "Baependi", "SIGLA_UF": "MG", "AREA_KM2": 750.554 }, "geometry": { "type": "Polygon", "coordinates": [ [ [ -44.914396, -21.829674996 ], [ -44.862175, -21.849626996 ], [ -44.858006, -21.884176996 ], [ -44.844433, -21.888760996 ], [ -44.847019, -21.902293996 ], [ -44.83537, -21.909527996 ], [ -44.788419, -21.868279996 ], [ -44.754304, -21.857083996 ], [ -44.750266, -21.877927996 ], [ -44.765464, -21.901929996 ], [ -44.754277, -21.908145996 ], [ -44.755319, -21.935471996 ], [ -44.744865, -21.938240996 ], [ -44.746921, -21.956413996 ], [ -44.728461, -21.977218996 ], [ -44.732373, -21.991465996 ], [ -44.708524, -22.005301996 ], [ -44.690873, -22.029860996 ], [ -44.686075, -22.054947996 ], [ -44.67262, -22.057853996 ], [ -44.682464, -22.075816996 ], [ -44.671842, -22.089564996 ], [ -44.679549, -22.102031996 ], [ -44.679537, -22.135074996 ], [ -44.722444, -22.149203996 ], [ -44.719754, -22.179246996 ], [ -44.730249, -22.188069996 ], [ -44.77034, -22.193490996 ], [ -44.769958, -22.203955996 ], [ -44.784128, -22.185068996 ], [ -44.815563, -22.192554996 ], [ -44.837806, -22.183106996 ], [ -44.846197, -22.158157996 ], [ -44.871506, -22.148656996 ], [ -44.870756, -22.130302996 ], [ -44.885664, -22.124042996 ], [ -44.895844, -22.106859996 ], [ -44.912972, -22.106596996 ], [ -44.92503, -22.096914996 ], [ -44.925093, -22.062366995 ], [ -44.91135, -22.027407995 ], [ -44.919415, -21.994773995 ], [ -44.898234, -21.949113995 ], [ -44.916871, -21.933058995 ], [ -44.915551, -21.942644995 ], [ -44.926475, -21.942312995 ], [ -44.946431, -21.908359995 ], [ -44.96261, -21.902509995 ], [ -44.978479, -21.914814995 ], [ -44.994962, -21.912418995 ], [ -44.997294, -21.892486995 ], [ -44.995247, -21.873933995 ], [ -44.988406, -21.870927995 ], [ -44.995043, -21.862695995 ], [ -44.981722, -21.853327995 ], [ -44.949342, -21.846333996 ], [ -44.939959, -21.829565996 ], [ -44.924085, -21.841503996 ], [ -44.914396, -21.829674996 ] ] ] } },
{ "type": "Feature", "properties": { "CD_MUN": "3105509", "NM_MUN": "Barão de Monte Alto", "SIGLA_UF": "MG", "AREA_KM2": 198.313 }, "geometry": { "type": "Polygon", "coordinates": [ [ [ -42.298277, -21.186627996 ], [ -42.274188, -21.202560996 ], [ -42.255164, -21.193485996 ], [ -42.248354, -21.206218996 ], [ -42.22924, -21.209683996 ], [ -42.216364, -21.224124996 ], [ -42.19253748, -21.22313328 ], [ -42.188092559, -21.230390804 ], [ -42.195036474, -21.239125498 ], [ -42.189724875, -21.250505956 ], [ -42.228636766, -21.282059868 ], [ -42.229302248, -21.308202029 ], [ -42.237972355, -21.31945245 ], [ -42.224234322, -21.337813087 ], [ -42.254047, -21.349974996 ], [ -42.267385, -21.333859996 ], [ -42.271173, -21.342857996 ], [ -42.280414, -21.342696996 ], [ -42.321867, -21.327779996 ], [ -42.324607, -21.317945996 ], [ -42.363782, -21.306356996 ], [ -42.346402, -21.301407996 ], [ -42.330862, -21.280142996 ], [ -42.343816, -21.242144996 ], [ -42.365094, -21.232717996 ], [ -42.36296, -21.217557996 ], [ -42.356693, -21.210863996 ], [ -42.328492, -21.213851996 ], [ -42.314727, -21.202684996 ], [ -42.3152, -21.194216996 ], [ -42.298277, -21.186627996 ] ] ] } },
{ "type": "Feature", "properties": { "CD_MUN": "3105608", "NM_MUN": "Barbacena", "SIGLA_UF": "MG", "AREA_KM2": 759.186 }, "geometry": { "type": "Polygon", "coordinates": [ [ [ -43.941444, -21.122537996 ], [ -43.89567, -21.127921996 ], [ -43.904093, -21.146278996 ], [ -43.871755, -21.131008996 ], [ -43.847963, -21.151065996 ], [ -43.802092, -21.149341996 ], [ -43.773217178, -21.168305108 ], [ -43.735674, -21.174780996 ], [ -43.714841, -21.188995996 ], [ -43.643082, -21.156557996 ], [ -43.63272, -21.134136996 ], [ -43.606796, -21.129522996 ], [ -43.595255, -21.192972996 ], [ -43.611056, -21.236088996 ], [ -43.580562, -21.317130996 ], [ -43.589675, -21.334720996 ], [ -43.610489, -21.336435996 ], [ -43.631068, -21.375696996 ], [ -43.656844, -21.350837996 ], [ -43.677647, -21.349909996 ], [ -43.70934, -21.305323996 ], [ -43.73966, -21.295190996 ], [ -43.743695, -21.286078996 ], [ -43.751089, -21.282839996 ], [ -43.774878, -21.298672996 ], [ -43.785229, -21.289705996 ], [ -43.783872, -21.279787996 ], [ -43.823268, -21.281655996 ], [ -43.832093, -21.270166996 ], [ -43.842667, -21.274459996 ], [ -43.841653, -21.284972996 ], [ -43.856834, -21.285877996 ], [ -43.878819, -21.304093996 ], [ -43.885877, -21.322232996 ], [ -43.879836, -21.352844996 ], [ -43.91451, -21.368643996 ], [ -43.92336, -21.387168996 ], [ -43.935239, -21.372919996 ], [ -43.975911, -21.373084996 ], [ -43.992855, -21.359843996 ], [ -44.013167, -21.358977996 ], [ -44.01426, -21.345055996 ], [ -44.024413, -21.341304996 ], [ -44.017947, -21.315918996 ], [ -43.988247, -21.295764996 ], [ -43.997316, -21.286335996 ], [ -44.008032, -21.289269996 ], [ -44.011043, -21.273811996 ], [ -44.020381, -21.272568996 ], [ -44.008985, -21.271336996 ], [ -44.013917, -21.266364996 ], [ -44.005811, -21.260522996 ], [ -44.020641, -21.261959996 ], [ -44.028706, -21.253158996 ], [ -44.020999, -21.254315996 ], [ -44.022937, -21.241572996 ], [ -44.006416, -21.223244996 ], [ -43.9905, -21.230321996 ], [ -43.954484, -21.200020996 ], [ -43.945891, -21.221016996 ], [ -43.93771, -21.211830996 ], [ -43.931704, -21.223865996 ], [ -43.914263, -21.224471996 ], [ -43.896271, -21.187871996 ], [ -43.913297, -21.181516996 ], [ -43.916025, -21.168011996 ], [ -43.923806, -21.168832996 ], [ -43.929374, -21.135922996 ], [ -43.941444, -21.122537996 ] ] ] } },
{ "type": "Feature", "properties": { "CD_MUN": "3105905", "NM_MUN": "Barroso", "SIGLA_UF": "MG", "AREA_KM2": 82.07 }, "geometry": { "type": "Polygon", "coordinates": [ [ [ -43.942117, -21.121230996 ], [ -43.923953, -21.168614996 ], [ -43.916025, -21.168011996 ], [ -43.913297, -21.181516996 ], [ -43.896271, -21.187871996 ], [ -43.90403, -21.212126996 ], [ -43.914483, -21.224563996 ], [ -43.931704, -21.223865996 ], [ -43.93771, -21.211830996 ], [ -43.944214, -21.221773996 ], [ -43.954484, -21.200020996 ], [ -43.998529, -21.230794996 ], [ -44.008225, -21.213360996 ], [ -44.005595, -21.181940996 ], [ -44.013387, -21.160833996 ], [ -43.979607, -21.144774996 ], [ -43.957534, -21.154393996 ], [ -43.955404, -21.134733996 ], [ -43.948334, -21.135303996 ], [ -43.942117, -21.121230996 ] ] ] } },
{ "type": "Feature", "properties": { "CD_MUN": "3106101", "NM_MUN": "Belmiro Braga", "SIGLA_UF": "MG", "AREA_KM2": 393.086 }, "geometry": { "type": "Polygon", "coordinates": [ [ [ -43.414346, -21.855343995 ], [ -43.420485, -21.863810995 ], [ -43.416694, -21.876718995 ], [ -43.427303, -21.881379995 ], [ -43.418058, -21.893931995 ], [ -43.40469, -21.877142995 ], [ -43.37457, -21.895959995 ], [ -43.382792, -21.909587995 ], [ -43.366473, -21.910810995 ], [ -43.372596, -21.918586995 ], [ -43.34577448, -21.916088005 ], [ -43.358244, -21.930487996 ], [ -43.351422, -21.929257996 ], [ -43.351679, -21.936388996 ], [ -43.372229, -21.952598996 ], [ -43.372799, -21.968049996 ], [ -43.363196, -21.970236996 ], [ -43.36326, -21.978499996 ], [ -43.347145, -21.974814996 ], [ -43.328478803, -22.009706991 ], [ -43.348874026, -22.002312453 ], [ -43.418443456, -22.05380181 ], [ -43.46173165, -22.072263688 ], [ -43.503822803, -22.07520227 ], [ -43.512360764, -22.05918883 ], [ -43.561673544, -22.088480046 ], [ -43.584029113, -22.07112434 ], [ -43.585301202, -22.051589488 ], [ -43.591411554, -22.055785768 ], [ -43.637363, -22.032822996 ], [ -43.636737, -22.022605996 ], [ -43.593352, -22.008245996 ], [ -43.491246, -21.937810995 ], [ -43.496114, -21.915200995 ], [ -43.487961, -21.906019995 ], [ -43.495432247, -21.904924501 ], [ -43.491120726, -21.887778199 ], [ -43.498738, -21.881197995 ], [ -43.477669767, -21.880615458 ], [ -43.474484, -21.891358995 ], [ -43.466167, -21.883481995 ], [ -43.456955, -21.887992995 ], [ -43.460382785, -21.874338573 ], [ -43.441436029, -21.877077454 ], [ -43.443047, -21.858916995 ], [ -43.414346, -21.855343995 ] ] ] } },
{ "type": "Feature", "properties": { "CD_MUN": "3106804", "NM_MUN": "Bias Fortes", "SIGLA_UF": "MG", "AREA_KM2": 283.535 }, "geometry": { "type": "Polygon", "coordinates": [ [ [ -43.798694, -21.521746996 ], [ -43.74013, -21.531298996 ], [ -43.725694, -21.544217996 ], [ -43.726133, -21.555719996 ], [ -43.704502, -21.589931995 ], [ -43.687259, -21.594316995 ], [ -43.680095, -21.588950995 ], [ -43.680616, -21.602453995 ], [ -43.665936, -21.605393995 ], [ -43.68469, -21.628827995 ], [ -43.685245, -21.661279995 ], [ -43.67004, -21.670081995 ], [ -43.682889, -21.693198995 ], [ -43.678962, -21.711929996 ], [ -43.700405, -21.698039996 ], [ -43.716631, -21.669123996 ], [ -43.732712, -21.672491996 ], [ -43.737651, -21.663854996 ], [ -43.740653, -21.670610996 ], [ -43.74541, -21.658407996 ], [ -43.770066, -21.663087996 ], [ -43.789393, -21.713301996 ], [ -43.828168, -21.720343996 ], [ -43.873122, -21.709552996 ], [ -43.870307, -21.665315996 ], [ -43.856149, -21.644198996 ], [ -43.835122, -21.632358996 ], [ -43.828135, -21.610636996 ], [ -43.841302, -21.581280996 ], [ -43.832103, -21.556331996 ], [ -43.815202, -21.556884996 ], [ -43.814621, -21.526155996 ], [ -43.798694, -21.521746996 ] ] ] } },
{ "type": "Feature", "properties": { "CD_MUN": "3106903", "NM_MUN": "Bicas", "SIGLA_UF": "MG", "AREA_KM2": 140.082 }, "geometry": { "type": "Polygon", "coordinates": [ [ [ -43.080263, -21.660586995 ], [ -43.046453, -21.696081995 ], [ -43.038948, -21.686936995 ], [ -43.030186, -21.688540995 ], [ -43.029109, -21.675736996 ], [ -43.020122, -21.698613995 ], [ -43.0553, -21.716143995 ], [ -43.059451, -21.727917995 ], [ -43.052215, -21.741738995 ], [ -43.073039, -21.765888995 ], [ -43.062189, -21.779885995 ], [ -43.07411, -21.796731995 ], [ -43.089762, -21.788065995 ], [ -43.106649, -21.805691995 ], [ -43.112796, -21.795804995 ], [ -43.14758, -21.785971995 ], [ -43.142177, -21.768419995 ], [ -43.148739, -21.754484995 ], [ -43.157722, -21.751038995 ], [ -43.171244, -21.759519995 ], [ -43.187707, -21.742153995 ], [ -43.164297, -21.697384995 ], [ -43.139959, -21.707663995 ], [ -43.095305, -21.661534995 ], [ -43.080263, -21.660586995 ] ] ] } },
{ "type": "Feature", "properties": { "CD_MUN": "3107208", "NM_MUN": "Bocaina de Minas", "SIGLA_UF": "MG", "AREA_KM2": 503.77 }, "geometry": { "type": "Polygon", "coordinates": [ [ [ -44.453566, -22.102327996 ], [ -44.429741, -22.115609996 ], [ -44.380084, -22.107039996 ], [ -44.369313, -22.116700996 ], [ -44.352199, -22.106118996 ], [ -44.331317, -22.117160996 ], [ -44.319375, -22.155500996 ], [ -44.32849, -22.174049995 ], [ -44.354788, -22.191584995 ], [ -44.353717, -22.204067995 ], [ -44.341431, -22.205915995 ], [ -44.339886, -22.217250995 ], [ -44.351944, -22.225055995 ], [ -44.359622337, -22.254021615 ], [ -44.387588977, -22.272504823 ], [ -44.394796668, -22.258906945 ], [ -44.414452235, -22.25415423 ], [ -44.456636106, -22.257231863 ], [ -44.459913063, -22.279989316 ], [ -44.513575476, -22.308628574 ], [ -44.532579303, -22.330704089 ], [ -44.545700843, -22.332086267 ], [ -44.545738495, -22.323621918 ], [ -44.563619192, -22.333177456 ], [ -44.588708785, -22.320254334 ], [ -44.610035388, -22.326557774 ], [ -44.626141, -22.335383355 ], [ -44.627446124, -22.345944444 ], [ -44.642867396, -22.353118618 ], [ -44.662567299, -22.380286964 ], [ -44.665871439, -22.37270487 ], [ -44.653289, -22.364525996 ], [ -44.666104, -22.320203996 ], [ -44.605527, -22.278405996 ], [ -44.602882, -22.273444996 ], [ -44.616835, -22.267202996 ], [ -44.597633, -22.255222996 ], [ -44.606598, -22.225533996 ], [ -44.572238, -22.202298996 ], [ -44.576793, -22.188973996 ], [ -44.566561, -22.183187996 ], [ -44.561802, -22.149100996 ], [ -44.551495, -22.133485996 ], [ -44.519561, -22.125507996 ], [ -44.490629, -22.136616996 ], [ -44.477682, -22.119470996 ], [ -44.457838, -22.116390996 ], [ -44.453566, -22.102327996 ] ] ] } },
{ "type": "Feature", "properties": { "CD_MUN": "3107505", "NM_MUN": "Bom Jardim de Minas", "SIGLA_UF": "MG", "AREA_KM2": 412.021 }, "geometry": { "type": "Polygon", "coordinates": [ [ [ -44.091296, -21.799277996 ], [ -44.099764, -21.802987996 ], [ -44.093688, -21.815941996 ], [ -44.10121, -21.823673996 ], [ -44.084719, -21.832182996 ], [ -44.093164, -21.837053996 ], [ -44.098862, -21.876046996 ], [ -44.078019, -21.893530996 ], [ -44.075485, -21.919238996 ], [ -44.050864, -21.927111996 ], [ -44.031764, -21.910514996 ], [ -44.006604, -21.906693996 ], [ -43.999557, -21.912712996 ], [ -43.999623, -21.930312996 ], [ -43.976927, -21.956661996 ], [ -44.00364, -21.988640996 ], [ -44.000197, -22.022327996 ], [ -44.029935, -22.022647996 ], [ -44.051406, -22.032362996 ], [ -44.060279, -22.027303996 ], [ -44.058323, -22.013438996 ], [ -44.071885, -22.011615996 ], [ -44.07983, -21.995237996 ], [ -44.12327, -21.995882996 ], [ -44.134143, -22.015855996 ], [ -44.145403, -22.016111996 ], [ -44.141195, -22.027043996 ], [ -44.146735, -22.034082996 ], [ -44.156628, -22.034915996 ], [ -44.176649, -22.057944996 ], [ -44.228161, -22.075566995 ], [ -44.228009, -22.041276996 ], [ -44.239967, -22.011465996 ], [ -44.236638, -21.979872996 ], [ -44.250568, -21.979417996 ], [ -44.254817, -21.971326996 ], [ -44.227115, -21.949840996 ], [ -44.225825, -21.920764996 ], [ -44.212052, -21.918284996 ], [ -44.196284, -21.890083996 ], [ -44.166917, -21.877336996 ], [ -44.16323, -21.853066996 ], [ -44.175323, -21.828383996 ], [ -44.13143, -21.829420996 ], [ -44.120685, -21.803520996 ], [ -44.091296, -21.799277996 ] ] ] } },
{ "type": "Feature", "properties": { "CD_MUN": "3108909", "NM_MUN": "Brazópolis", "SIGLA_UF": "MG", "AREA_KM2": 367.688 }, "geometry": { "type": "Polygon", "coordinates": [ [ [ -45.653739, -22.330465996 ], [ -45.655304, -22.348597996 ], [ -45.64215, -22.353479996 ], [ -45.643716, -22.362431996 ], [ -45.622676, -22.348577996 ], [ -45.621096, -22.357730996 ], [ -45.610623, -22.358383996 ], [ -45.602728, -22.372373996 ], [ -45.570064, -22.393558996 ], [ -45.578494, -22.427297996 ], [ -45.54938, -22.431923996 ], [ -45.542096, -22.464143996 ], [ -45.552208, -22.495536996 ], [ -45.54652, -22.501661996 ], [ -45.567937, -22.528401996 ], [ -45.582584, -22.533874996 ], [ -45.577847, -22.542078996 ], [ -45.585216, -22.551952996 ], [ -45.577738, -22.562528996 ], [ -45.583346, -22.573444996 ], [ -45.569736, -22.582279996 ], [ -45.566945, -22.594241996 ], [ -45.618128055, -22.637914132 ], [ -45.666184756, -22.651201173 ], [ -45.681078344, -22.636335684 ], [ -45.658859594, -22.598110064 ], [ -45.65988277, -22.580081801 ], [ -45.687436, -22.568559996 ], [ -45.679687, -22.535993996 ], [ -45.694328, -22.534427996 ], [ -45.704776, -22.506088996 ], [ -45.69868, -22.478969996 ], [ -45.68159094, -22.462562983 ], [ -45.690632, -22.395456996 ], [ -45.67303, -22.338346996 ], [ -45.666454, -22.341227996 ], [ -45.653739, -22.330465996 ] ] ] } },
{ "type": "Feature", "properties": { "CD_MUN": "3109709", "NM_MUN": "Cachoeira de Minas", "SIGLA_UF": "MG", "AREA_KM2": 304.243 }, "geometry": { "type": "Polygon", "coordinates": [ [ [ -45.773251, -22.273916996 ], [ -45.768821, -22.294193996 ], [ -45.758232, -22.301326996 ], [ -45.739092, -22.293447996 ], [ -45.720254, -22.300335996 ], [ -45.703719, -22.272812996 ], [ -45.693746, -22.278838996 ], [ -45.692545, -22.290761996 ], [ -45.67742, -22.271934996 ], [ -45.662818, -22.271782996 ], [ -45.658751, -22.312382996 ], [ -45.676031, -22.332544996 ], [ -45.671012, -22.336702996 ], [ -45.679181, -22.374705996 ], [ -45.69876, -22.379881996 ], [ -45.721904, -22.407294996 ], [ -45.718781, -22.415202996 ], [ -45.729927, -22.421106996 ], [ -45.737089, -22.417761996 ], [ -45.731165, -22.411393996 ], [ -45.735275, -22.402045996 ], [ -45.754975, -22.397728996 ], [ -45.76676, -22.406846996 ], [ -45.794261, -22.398433996 ], [ -45.797396, -22.382481996 ], [ -45.802666, -22.383902996 ], [ -45.819655, -22.409908996 ], [ -45.831437, -22.403331996 ], [ -45.846641, -22.416213996 ], [ -45.850649, -22.455786996 ], [ -45.868344, -22.458681996 ], [ -45.876116, -22.469436996 ], [ -45.89371, -22.462293996 ], [ -45.911954, -22.474664996 ], [ -45.927084, -22.470090996 ], [ -45.932117, -22.453198996 ], [ -45.918334, -22.431204996 ], [ -45.925746, -22.412935996 ], [ -45.91015, -22.408154996 ], [ -45.90465, -22.387737996 ], [ -45.882665, -22.364183996 ], [ -45.850642, -22.353360996 ], [ -45.846979, -22.332407996 ], [ -45.855388, -22.321494996 ], [ -45.844491, -22.311391996 ], [ -45.841771, -22.284124996 ], [ -45.824108, -22.287387996 ], [ -45.815084, -22.299231996 ], [ -45.795268, -22.291060996 ], [ -45.783663, -22.273898996 ], [ -45.773251, -22.273916996 ] ] ] } },
{ "type": "Feature", "properties": { "CD_MUN": "3110103", "NM_MUN": "Caiana", "SIGLA_UF": "MG", "AREA_KM2": 106.465 }, "geometry": { "type": "Polygon", "coordinates": [ [ [ -41.912726, -20.661189996 ], [ -41.895645, -20.668002996 ], [ -41.886954, -20.682639996 ], [ -41.850087117, -20.694079004 ], [ -41.865355849, -20.72201602 ], [ -41.856556574, -20.747687412 ], [ -41.874120796, -20.744156688 ], [ -41.879795699, -20.759567681 ], [ -41.873382124, -20.770881424 ], [ -41.905047701, -20.797372423 ], [ -41.934341, -20.789369996 ], [ -41.938414, -20.776578996 ], [ -41.928847, -20.739462996 ], [ -41.968331, -20.731312996 ], [ -41.9519, -20.681377996 ], [ -41.929068, -20.675630996 ], [ -41.912726, -20.661189996 ] ] ] } },
{ "type": "Feature", "properties": { "CD_MUN": "3110202", "NM_MUN": "Cajuri", "SIGLA_UF": "MG", "AREA_KM2": 83.038 }, "geometry": { "type": "Polygon", "coordinates": [ [ [ -42.752326, -20.746139996 ], [ -42.729532, -20.749713996 ], [ -42.722939, -20.780684996 ], [ -42.680937, -20.775870996 ], [ -42.692284, -20.802958996 ], [ -42.704298, -20.802400996 ], [ -42.71624, -20.816019996 ], [ -42.72146, -20.806619996 ], [ -42.735001, -20.803967996 ], [ -42.741477, -20.812729996 ], [ -42.768357, -20.813920996 ], [ -42.784264, -20.825464996 ], [ -42.810558, -20.807667996 ], [ -42.830017, -20.808888996 ], [ -42.823449, -20.794818996 ], [ -42.830707, -20.779380996 ], [ -42.825968279, -20.755075228 ], [ -42.783278, -20.761242996 ], [ -42.752326, -20.746139996 ] ] ] } },
{ "type": "Feature", "properties": { "CD_MUN": "3110707", "NM_MUN": "Cambuquira", "SIGLA_UF": "MG", "AREA_KM2": 246.38 }, "geometry": { "type": "Polygon", "coordinates": [ [ [ -45.215285, -21.769883996 ], [ -45.203676, -21.776995996 ], [ -45.203313, -21.798453996 ], [ -45.191916, -21.796036996 ], [ -45.182177, -21.806076996 ], [ -45.192531, -21.811425996 ], [ -45.191232, -21.818287996 ], [ -45.163205, -21.836693996 ], [ -45.141702, -21.867676996 ], [ -45.238035, -21.922280996 ], [ -45.270422, -21.948676996 ], [ -45.262446, -21.933825996 ], [ -45.2739, -21.907985996 ], [ -45.299235, -21.921486996 ], [ -45.306783, -21.916428996 ], [ -45.315716, -21.927474996 ], [ -45.348358, -21.944254996 ], [ -45.354405, -21.944371996 ], [ -45.340783, -21.929277996 ], [ -45.343309, -21.908394996 ], [ -45.352275, -21.905090996 ], [ -45.346273, -21.872190996 ], [ -45.363765, -21.846287996 ], [ -45.351747, -21.831777996 ], [ -45.35649, -21.815491996 ], [ -45.327017, -21.795294996 ], [ -45.31084, -21.795241996 ], [ -45.297426, -21.818527996 ], [ -45.278477, -21.812703996 ], [ -45.267185, -21.823057996 ], [ -45.215285, -21.769883996 ] ] ] } },
{ "type": "Feature", "properties": { "CD_MUN": "3110905", "NM_MUN": "Campanha", "SIGLA_UF": "MG", "AREA_KM2": 335.587 }, "geometry": { "type": "Polygon", "coordinates": [ [ [ -45.366078, -21.666419996 ], [ -45.356198, -21.681201996 ], [ -45.363725, -21.697866996 ], [ -45.355222, -21.710980996 ], [ -45.346334, -21.707869996 ], [ -45.339433, -21.715690996 ], [ -45.34573, -21.767047996 ], [ -45.327806, -21.797146996 ], [ -45.35649, -21.815491996 ], [ -45.351747, -21.831777996 ], [ -45.363763, -21.845492996 ], [ -45.346273, -21.872190996 ], [ -45.352275, -21.905090996 ], [ -45.343193, -21.908715996 ], [ -45.341419, -21.935249996 ], [ -45.436238, -21.977360996 ], [ -45.441518, -21.959325996 ], [ -45.469253, -21.940778996 ], [ -45.473927, -21.921357996 ], [ -45.487597, -21.907699996 ], [ -45.484171, -21.891425996 ], [ -45.493787, -21.856074996 ], [ -45.479998, -21.838053996 ], [ -45.485555, -21.834555996 ], [ -45.497675, -21.849886996 ], [ -45.505517, -21.835530996 ], [ -45.489565, -21.808022996 ], [ -45.456619, -21.794190996 ], [ -45.45267, -21.784046996 ], [ -45.438575, -21.781203996 ], [ -45.413227, -21.754347996 ], [ -45.393115, -21.745409996 ], [ -45.396826, -21.731326996 ], [ -45.379407, -21.709907996 ], [ -45.401245, -21.678096996 ], [ -45.377092, -21.676410996 ], [ -45.366078, -21.666419996 ] ] ] } },
{ "type": "Feature", "properties": { "CD_MUN": "3111705", "NM_MUN": "Canaã", "SIGLA_UF": "MG", "AREA_KM2": 174.9 }, "geometry": { "type": "Polygon", "coordinates": [ [ [ -42.6533, -20.584800996 ], [ -42.608773, -20.605930996 ], [ -42.596961, -20.598358996 ], [ -42.580758, -20.606091996 ], [ -42.557765, -20.598451996 ], [ -42.576163, -20.732583996 ], [ -42.589687, -20.746799996 ], [ -42.614853, -20.744059996 ], [ -42.626463, -20.758416996 ], [ -42.650478, -20.758550996 ], [ -42.65016, -20.749217996 ], [ -42.630602, -20.748598996 ], [ -42.630838, -20.734568996 ], [ -42.642378, -20.732513996 ], [ -42.653303, -20.715639996 ], [ -42.673159, -20.720976996 ], [ -42.665699, -20.699789996 ], [ -42.690567, -20.694006996 ], [ -42.673054, -20.684647996 ], [ -42.674558, -20.667427996 ], [ -42.699668, -20.658722996 ], [ -42.682689, -20.650120996 ], [ -42.679935, -20.631650996 ], [ -42.667911, -20.634850996 ], [ -42.66939, -20.622846996 ], [ -42.679981, -20.619058996 ], [ -42.672159, -20.612144996 ], [ -42.675458, -20.600531996 ], [ -42.65513, -20.605941996 ], [ -42.6533, -20.584800996 ] ] ] } },
{ "type": "Feature", "properties": { "CD_MUN": "3112109", "NM_MUN": "Caparaó", "SIGLA_UF": "MG", "AREA_KM2": 130.694 }, "geometry": { "type": "Polygon", "coordinates": [ [ [ -41.986134, -20.481782996 ], [ -41.978167, -20.502502996 ], [ -41.930924, -20.516596996 ], [ -41.914448, -20.504932996 ], [ -41.920731, -20.495241996 ], [ -41.915023, -20.488174996 ], [ -41.896291, -20.502226996 ], [ -41.866996, -20.492183996 ], [ -41.850209, -20.498173996 ], [ -41.868722, -20.539372996 ], [ -41.870701, -20.570108996 ], [ -41.889637, -20.568904996 ], [ -41.898923, -20.580641996 ], [ -41.923983, -20.560979996 ], [ -41.935033, -20.564329996 ], [ -41.951674, -20.555686996 ], [ -41.959566, -20.536357996 ], [ -41.971474, -20.575277996 ], [ -41.979284, -20.574494996 ], [ -41.993801, -20.552134996 ], [ -42.027919, -20.539007996 ], [ -42.044547, -20.518186996 ], [ -42.065822, -20.517126996 ], [ -42.068692, -20.510410996 ], [ -42.058501, -20.499408996 ], [ -42.02243, -20.499239996 ], [ -42.015813, -20.486522996 ], [ -41.986134, -20.481782996 ] ] ] } },
{ "type": "Feature", "properties": { "CD_MUN": "3112901", "NM_MUN": "Caputira", "SIGLA_UF": "MG", "AREA_KM2": 187.704 }, "geometry": { "type": "Polygon", "coordinates": [ [ [ -42.247776, -20.083765996 ], [ -42.209942, -20.089387996 ], [ -42.210914, -20.126247996 ], [ -42.19644, -20.146802996 ], [ -42.213089, -20.161947996 ], [ -42.200104, -20.175911996 ], [ -42.204301, -20.187957996 ], [ -42.193502, -20.196570996 ], [ -42.20108, -20.236467996 ], [ -42.217604, -20.240019996 ], [ -42.206214, -20.256734996 ], [ -42.213018, -20.283258996 ], [ -42.250661, -20.273759996 ], [ -42.252138, -20.247682996 ], [ -42.275996, -20.224912996 ], [ -42.277076, -20.214239996 ], [ -42.286236, -20.212451996 ], [ -42.302038, -20.226218996 ], [ -42.313983, -20.219844996 ], [ -42.306906, -20.209867996 ], [ -42.322167, -20.177367996 ], [ -42.309228, -20.117042996 ], [ -42.250221, -20.094563996 ], [ -42.247776, -20.083765996 ] ] ] } },
{ "type": "Feature", "properties": { "CD_MUN": "3113305", "NM_MUN": "Carangola", "SIGLA_UF": "MG", "AREA_KM2": 353.404 }, "geometry": { "type": "Polygon", "coordinates": [ [ [ -42.077325, -20.599691996 ], [ -42.021849, -20.613064996 ], [ -41.97831, -20.612847996 ], [ -41.976816, -20.623588996 ], [ -41.989367, -20.635613996 ], [ -41.987685, -20.657022996 ], [ -41.973781, -20.665903996 ], [ -41.957582, -20.699497996 ], [ -41.968319, -20.717691996 ], [ -41.967419, -20.755055996 ], [ -41.982799, -20.768238996 ], [ -41.986349, -20.785535996 ], [ -41.995211, -20.784052996 ], [ -41.999256, -20.771559996 ], [ -42.021456, -20.773737996 ], [ -42.047013, -20.742108996 ], [ -42.061407, -20.743300996 ], [ -42.085606, -20.730641996 ], [ -42.093146, -20.740102996 ], [ -42.159764, -20.756644996 ], [ -42.158276, -20.768796996 ], [ -42.179278, -20.802507996 ], [ -42.20132, -20.815938996 ], [ -42.217967, -20.792275996 ], [ -42.205953, -20.763040996 ], [ -42.253099, -20.730261996 ], [ -42.237541, -20.720654996 ], [ -42.233986, -20.704440996 ], [ -42.242742, -20.701799996 ], [ -42.241958, -20.692247996 ], [ -42.227797, -20.689646996 ], [ -42.222018, -20.683173996 ], [ -42.225866, -20.672743996 ], [ -42.216118, -20.666246996 ], [ -42.209235, -20.679375996 ], [ -42.185659, -20.690087996 ], [ -42.182059, -20.679898996 ], [ -42.163673, -20.690218996 ], [ -42.134261, -20.690415996 ], [ -42.095575, -20.655747996 ], [ -42.09975, -20.639029996 ], [ -42.089466, -20.611792996 ], [ -42.077325, -20.599691996 ] ] ] } },
{ "type": "Feature", "properties": { "CD_MUN": "3113404", "NM_MUN": "Caratinga", "SIGLA_UF": "MG", "AREA_KM2": 1258.479 }, "geometry": { "type": "Polygon", "coordinates": [ [ [ -42.43207, -19.439469996 ], [ -42.394391, -19.450291996 ], [ -42.38371, -19.469447996 ], [ -42.376433, -19.445108996 ], [ -42.319951, -19.447350996 ], [ -42.299855, -19.456262996 ], [ -42.278384, -19.443758996 ], [ -42.273843, -19.448512996 ], [ -42.302063, -19.484882996 ], [ -42.28726, -19.490043996 ], [ -42.299604, -19.520866996 ], [ -42.282727, -19.533032996 ], [ -42.254215, -19.533145996 ], [ -42.250297, -19.544362996 ], [ -42.214899, -19.557789996 ], [ -42.206895, -19.602014996 ], [ -42.213267, -19.614416996 ], [ -42.180426, -19.620678996 ], [ -42.173455, -19.613164996 ], [ -42.161788, -19.615426996 ], [ -42.159542, -19.635822996 ], [ -42.166982, -19.647196996 ], [ -42.153573, -19.664503996 ], [ -42.157314, -19.673658996 ], [ -42.119501, -19.677752996 ], [ -42.128697, -19.712511996 ], [ -42.11969, -19.720120996 ], [ -42.117103, -19.738939996 ], [ -42.095218, -19.740463996 ], [ -42.088908, -19.780129996 ], [ -42.059243, -19.791640996 ], [ -42.057736, -19.815408996 ], [ -42.065516, -19.826975996 ], [ -42.057119, -19.836055996 ], [ -42.009327, -19.826568996 ], [ -42.007932, -19.793531996 ], [ -41.996441, -19.782116996 ], [ -42.00583, -19.765405996 ], [ -42.008397, -19.732729996 ], [ -41.990303, -19.733967996 ], [ -41.97504, -19.723663996 ], [ -41.962973, -19.727984996 ], [ -41.954162, -19.719929996 ], [ -41.955688, -19.703671996 ], [ -41.916919, -19.668689996 ], [ -41.903552, -19.621525996 ], [ -41.890735, -19.622866996 ], [ -41.875921, -19.597864996 ], [ -41.854266, -19.583390996 ], [ -41.814537, -19.594404996 ], [ -41.815142, -19.605376996 ], [ -41.802015, -19.607402996 ], [ -41.800526, -19.615204996 ], [ -41.80696, -19.616145996 ], [ -41.801717, -19.621538996 ], [ -41.838215, -19.635815996 ], [ -41.810295, -19.656131996 ], [ -41.811142, -19.670741996 ], [ -41.8221, -19.669809996 ], [ -41.820507, -19.679611996 ], [ -41.832219, -19.675938996 ], [ -41.840612, -19.687297996 ], [ -41.804229, -19.712387996 ], [ -41.807379, -19.720545996 ], [ -41.792499, -19.729112996 ], [ -41.795692, -19.733754996 ], [ -41.778677, -19.751550996 ], [ -41.789223, -19.755978996 ], [ -41.787923, -19.769164996 ], [ -41.796351, -19.774593996 ], [ -41.78386, -19.790557996 ], [ -41.788795, -19.807465996 ], [ -41.780009, -19.814042996 ], [ -41.810064, -19.827668996 ], [ -41.802946, -19.833267996 ], [ -41.821391, -19.828152996 ], [ -41.837785, -19.835399996 ], [ -41.847602, -19.856495996 ], [ -41.870632, -19.858281996 ], [ -41.892046, -19.886840996 ], [ -41.928615, -19.878293996 ], [ -41.953738, -19.885039996 ], [ -41.973596, -19.880355996 ], [ -41.971286, -19.938290996 ], [ -41.987552, -19.924072996 ], [ -42.02056, -19.917233996 ], [ -42.022113, -19.899790996 ], [ -42.029341, -19.896359996 ], [ -42.062588, -19.898056996 ], [ -42.079567, -19.877078996 ], [ -42.077038, -19.844759996 ], [ -42.10051, -19.848653996 ], [ -42.129463, -19.833302996 ], [ -42.153246, -19.838247996 ], [ -42.17309, -19.829028996 ], [ -42.164328, -19.845320996 ], [ -42.167582, -19.861063996 ], [ -42.157268, -19.860676996 ], [ -42.152576, -19.877972996 ], [ -42.163488, -19.885824996 ], [ -42.156309, -19.910412996 ], [ -42.162849, -19.929453996 ], [ -42.169148, -19.938376996 ], [ -42.184226, -19.922123996 ], [ -42.218476, -19.930570996 ], [ -42.235961, -19.925726996 ], [ -42.248146, -19.907831996 ], [ -42.24356, -19.895276996 ], [ -42.232436, -19.890618996 ], [ -42.234817, -19.872554996 ], [ -42.249446, -19.850607996 ], [ -42.229444, -19.833562996 ], [ -42.205095, -19.829842996 ], [ -42.210889, -19.813973996 ], [ -42.233233, -19.797131996 ], [ -42.231453, -19.745682996 ], [ -42.240708, -19.727018996 ], [ -42.221045, -19.704789996 ], [ -42.225527, -19.687765996 ], [ -42.188181, -19.695136996 ], [ -42.202672, -19.674040996 ], [ -42.197901, -19.649518996 ], [ -42.218904, -19.646863996 ], [ -42.227642, -19.588746996 ], [ -42.25803, -19.594960996 ], [ -42.26794, -19.553594996 ], [ -42.28372, -19.554952996 ], [ -42.30064, -19.538449996 ], [ -42.320555, -19.541056996 ], [ -42.324667, -19.556353996 ], [ -42.350519, -19.566790996 ], [ -42.347729, -19.590217996 ], [ -42.398625, -19.604226996 ], [ -42.412098, -19.599731996 ], [ -42.423013, -19.578535996 ], [ -42.448994, -19.577540996 ], [ -42.440521, -19.564956996 ], [ -42.467524, -19.561388996 ], [ -42.489639, -19.543656996 ], [ -42.499945, -19.517675996 ], [ -42.521198, -19.499791996 ], [ -42.514315086, -19.492309409 ], [ -42.489612502, -19.491875116 ], [ -42.473157602, -19.464621427 ], [ -42.439993, -19.464174996 ], [ -42.43207, -19.439469996 ] ] ] } },
{ "type": "Feature", "properties": { "CD_MUN": "3113602", "NM_MUN": "Careaçu", "SIGLA_UF": "MG", "AREA_KM2": 181.009 }, "geometry": { "type": "Polygon", "coordinates": [ [ [ -45.670831, -21.976843996 ], [ -45.63983, -21.987750996 ], [ -45.636699, -22.001101996 ], [ -45.615686, -22.004489996 ], [ -45.618566, -22.018846996 ], [ -45.640122, -22.033387996 ], [ -45.608832, -22.065732996 ], [ -45.597945, -22.097064996 ], [ -45.600593, -22.113684996 ], [ -45.621944, -22.127351996 ], [ -45.612437, -22.133128996 ], [ -45.621754, -22.145091996 ], [ -45.61584, -22.160430996 ], [ -45.638971, -22.158034996 ], [ -45.668865, -22.166609996 ], [ -45.672391, -22.152790996 ], [ -45.683882, -22.152130996 ], [ -45.691703, -22.135981996 ], [ -45.717872, -22.135803996 ], [ -45.725792, -22.116290996 ], [ -45.742313, -22.105695996 ], [ -45.731446, -22.080064996 ], [ -45.702232, -22.059246996 ], [ -45.709384919, -22.041343653 ], [ -45.677640242, -22.03316438 ], [ -45.696061, -22.004994996 ], [ -45.716805, -21.994116996 ], [ -45.704209, -21.986786996 ], [ -45.688518, -21.996448996 ], [ -45.685594, -21.980327996 ], [ -45.670831, -21.976843996 ] ] ] } },
{ "type": "Feature", "properties": { "CD_MUN": "3113909", "NM_MUN": "Carmo da Cachoeira", "SIGLA_UF": "MG", "AREA_KM2": 506.333 }, "geometry": { "type": "Polygon", "coordinates": [ [ [ -45.127174, -21.346949996 ], [ -45.10644, -21.393143996 ], [ -45.046339, -21.418412996 ], [ -45.03836, -21.441157996 ], [ -45.050031, -21.466648996 ], [ -45.044432, -21.477375996 ], [ -45.054158, -21.479143996 ], [ -45.050402, -21.501029996 ], [ -45.097017, -21.501837996 ], [ -45.104051, -21.516916996 ], [ -45.099945, -21.527085996 ], [ -45.112437, -21.542440996 ], [ -45.150582, -21.541187996 ], [ -45.159402, -21.533314996 ], [ -45.179112, -21.537619996 ], [ -45.194114, -21.528503996 ], [ -45.221317, -21.541995996 ], [ -45.219094, -21.556671996 ], [ -45.230428, -21.562629996 ], [ -45.283258, -21.532689995 ], [ -45.295086, -21.548982995 ], [ -45.290772, -21.519715995 ], [ -45.361607, -21.486559995 ], [ -45.369246, -21.475960996 ], [ -45.366887, -21.465560996 ], [ -45.349991, -21.456312996 ], [ -45.317471, -21.453729996 ], [ -45.333245, -21.431040996 ], [ -45.332982, -21.416850996 ], [ -45.270135, -21.374382996 ], [ -45.239778, -21.365283996 ], [ -45.236834, -21.372483996 ], [ -45.222209, -21.373875996 ], [ -45.206506, -21.355979996 ], [ -45.181735, -21.356671996 ], [ -45.172212, -21.347628996 ], [ -45.160724, -21.361615996 ], [ -45.148461, -21.361627996 ], [ -45.144401, -21.348030996 ], [ -45.127174, -21.346949996 ] ] ] } },
{ "type": "Feature", "properties": { "CD_MUN": "3114105", "NM_MUN": "Carmo de Minas", "SIGLA_UF": "MG", "AREA_KM2": 322.285 }, "geometry": { "type": "Polygon", "coordinates": [ [ [ -45.190965, -21.976152995 ], [ -45.126549, -21.981988996 ], [ -45.136015, -21.986708996 ], [ -45.130261, -22.007972996 ], [ -45.12068, -22.021140996 ], [ -45.105475, -22.023541996 ], [ -45.098652, -22.041394996 ], [ -45.083627, -22.050292996 ], [ -45.090058, -22.083689996 ], [ -45.074491056, -22.096542025 ], [ -45.089077631, -22.11188386 ], [ -45.065475914, -22.130306433 ], [ -45.060383561, -22.143870768 ], [ -45.07782, -22.152780996 ], [ -45.07699, -22.174338996 ], [ -45.064932, -22.174984996 ], [ -45.070356, -22.179621996 ], [ -45.111787, -22.184209996 ], [ -45.135436, -22.175862996 ], [ -45.157071, -22.197444996 ], [ -45.178652, -22.199105996 ], [ -45.184976, -22.185429996 ], [ -45.203601, -22.171718996 ], [ -45.222995, -22.169578996 ], [ -45.233787, -22.153458996 ], [ -45.224409, -22.130430996 ], [ -45.22897, -22.117529996 ], [ -45.248237, -22.115653996 ], [ -45.267589, -22.093320996 ], [ -45.24655, -22.074327996 ], [ -45.245336, -22.053341996 ], [ -45.210512, -22.018068996 ], [ -45.210676, -21.999878996 ], [ -45.190965, -21.976152995 ] ] ] } },
{ "type": "Feature", "properties": { "CD_MUN": "3114600", "NM_MUN": "Carrancas", "SIGLA_UF": "MG", "AREA_KM2": 727.894 }, "geometry": { "type": "Polygon", "coordinates": [ [ [ -44.581168, -21.310755996 ], [ -44.553829, -21.314068996 ], [ -44.547375, -21.338864996 ], [ -44.527612, -21.335204996 ], [ -44.511302, -21.354135996 ], [ -44.522255, -21.364781996 ], [ -44.514052, -21.373591996 ], [ -44.534018, -21.385846996 ], [ -44.53243, -21.393158996 ], [ -44.521126, -21.392731996 ], [ -44.513564, -21.407866996 ], [ -44.499843, -21.394066996 ], [ -44.497326, -21.404730996 ], [ -44.478759, -21.409752996 ], [ -44.468093, -21.435359996 ], [ -44.447068, -21.438006996 ], [ -44.466521, -21.457082996 ], [ -44.45488, -21.470297996 ], [ -44.460446, -21.489754996 ], [ -44.438528, -21.506650996 ], [ -44.461418, -21.515676996 ], [ -44.45712, -21.526759996 ], [ -44.469418, -21.526843996 ], [ -44.464308, -21.535952996 ], [ -44.471099, -21.549647996 ], [ -44.48887, -21.548521996 ], [ -44.496621, -21.576523996 ], [ -44.519927, -21.581966996 ], [ -44.529318, -21.575864996 ], [ -44.542957, -21.588965996 ], [ -44.578365, -21.591259996 ], [ -44.592994, -21.608647996 ], [ -44.645016, -21.620471996 ], [ -44.653018, -21.640838996 ], [ -44.672748, -21.642866996 ], [ -44.704725, -21.623640996 ], [ -44.725226, -21.624161996 ], [ -44.752092, -21.604982996 ], [ -44.787396, -21.610387996 ], [ -44.783255, -21.601895996 ], [ -44.792115, -21.598080996 ], [ -44.77912, -21.592025996 ], [ -44.781586, -21.575754996 ], [ -44.800565, -21.562734996 ], [ -44.801341, -21.552890996 ], [ -44.767394, -21.551639996 ], [ -44.7419, -21.530601996 ], [ -44.745986, -21.494286996 ], [ -44.770566, -21.467894996 ], [ -44.765086, -21.443206996 ], [ -44.715749, -21.437445996 ], [ -44.638346, -21.449518996 ], [ -44.649576, -21.418851996 ], [ -44.638622, -21.382373996 ], [ -44.60231, -21.364807996 ], [ -44.607412, -21.329165996 ], [ -44.579997, -21.327454996 ], [ -44.581168, -21.310755996 ] ] ] } },
{ "type": "Feature", "properties": { "CD_MUN": "3114808", "NM_MUN": "Carvalhos", "SIGLA_UF": "MG", "AREA_KM2": 282.254 }, "geometry": { "type": "Polygon", "coordinates": [ [ [ -44.482584, -21.919399995 ], [ -44.466906, -21.922994995 ], [ -44.445206, -21.946947995 ], [ -44.447794, -21.953306995 ], [ -44.430784, -21.963768995 ], [ -44.403729, -21.953634995 ], [ -44.395796, -21.957591995 ], [ -44.379177, -21.941223996 ], [ -44.383657, -21.958727996 ], [ -44.408937, -21.973872996 ], [ -44.406358, -22.014981996 ], [ -44.415666, -22.015848996 ], [ -44.429239, -22.033537996 ], [ -44.418929, -22.048992996 ], [ -44.437021, -22.067366996 ], [ -44.427444, -22.098126996 ], [ -44.435021, -22.103077996 ], [ -44.430309, -22.115426996 ], [ -44.455439, -22.102102996 ], [ -44.457838, -22.116390996 ], [ -44.477682, -22.119470996 ], [ -44.490629, -22.136616996 ], [ -44.517735, -22.125630996 ], [ -44.540828, -22.128640996 ], [ -44.528601, -22.115341996 ], [ -44.534942, -22.103537996 ], [ -44.528022, -22.081296996 ], [ -44.551564, -22.068914996 ], [ -44.546281, -22.053526996 ], [ -44.554932, -22.043737996 ], [ -44.582254, -22.029185996 ], [ -44.579483, -22.014423996 ], [ -44.570617, -22.009512996 ], [ -44.577687, -21.995374996 ], [ -44.570584, -21.979843996 ], [ -44.514354, -21.927684995 ], [ -44.482584, -21.919399995 ] ] ] } },
{ "type": "Feature", "properties": { "CD_MUN": "3115300", "NM_MUN": "Cataguases", "SIGLA_UF": "MG", "AREA_KM2": 491.767 }, "geometry": { "type": "Polygon", "coordinates": [ [ [ -42.752886, -21.203270996 ], [ -42.728983, -21.211211996 ], [ -42.72294, -21.220564996 ], [ -42.701572, -21.219941996 ], [ -42.696482, -21.226716996 ], [ -42.6906, -21.221077996 ], [ -42.676275, -21.236423996 ], [ -42.662296, -21.219822996 ], [ -42.644629, -21.222152996 ], [ -42.629533, -21.241608996 ], [ -42.61784, -21.243408996 ], [ -42.612584, -21.232646996 ], [ -42.606464, -21.247974996 ], [ -42.590083, -21.255509996 ], [ -42.588658, -21.261841996 ], [ -42.615841, -21.286244996 ], [ -42.591904, -21.300847996 ], [ -42.625679, -21.296454996 ], [ -42.619827, -21.306202996 ], [ -42.629539, -21.312326996 ], [ -42.620083, -21.324894996 ], [ -42.628694, -21.326449996 ], [ -42.626235, -21.347400996 ], [ -42.564632, -21.350438996 ], [ -42.559596, -21.336060996 ], [ -42.502396, -21.311848996 ], [ -42.510103, -21.328736996 ], [ -42.528539, -21.335954996 ], [ -42.532883, -21.345310996 ], [ -42.536012, -21.373110996 ], [ -42.531905, -21.382995996 ], [ -42.518978, -21.386500996 ], [ -42.533454, -21.437670995 ], [ -42.561503, -21.433838995 ], [ -42.564203, -21.444636995 ], [ -42.583382744, -21.452570007 ], [ -42.593915, -21.434545995 ], [ -42.587101, -21.425331995 ], [ -42.612239, -21.410936995 ], [ -42.632848373, -21.413063571 ], [ -42.625427962, -21.420010093 ], [ -42.638038038, -21.443022615 ], [ -42.654693509, -21.426737008 ], [ -42.657929826, -21.436006743 ], [ -42.662123322, -21.4305811 ], [ -42.67812, -21.446969995 ], [ -42.688798, -21.447429995 ], [ -42.720665, -21.426666995 ], [ -42.75691, -21.439122995 ], [ -42.770349, -21.456123995 ], [ -42.789249, -21.456106995 ], [ -42.788134, -21.447645995 ], [ -42.799561, -21.443834995 ], [ -42.801688, -21.433848995 ], [ -42.796088, -21.416880996 ], [ -42.778693, -21.402058996 ], [ -42.783929, -21.359476996 ], [ -42.767798, -21.351381996 ], [ -42.765216, -21.307266996 ], [ -42.767783, -21.294598996 ], [ -42.796323, -21.276968996 ], [ -42.788034, -21.268630996 ], [ -42.770504, -21.268930996 ], [ -42.76582, -21.244132996 ], [ -42.75518, -21.234966996 ], [ -42.761429, -21.209846996 ], [ -42.752886, -21.203270996 ] ] ] } },
{ "type": "Feature", "properties": { "CD_MUN": "3115508", "NM_MUN": "Caxambu", "SIGLA_UF": "MG", "AREA_KM2": 100.483 }, "geometry": { "type": "Polygon", "coordinates": [ [ [ -44.961712, -21.902821995 ], [ -44.937321, -21.914251995 ], [ -44.925738, -21.942911995 ], [ -44.91318, -21.940247995 ], [ -44.916871, -21.933058995 ], [ -44.898234, -21.949113995 ], [ -44.919415, -21.994773995 ], [ -44.91135, -22.027407995 ], [ -44.920192, -22.039060995 ], [ -44.927131, -22.082440996 ], [ -44.945949, -22.073182995 ], [ -44.952794, -22.059456995 ], [ -44.958009, -22.003745995 ], [ -44.970534, -21.974495995 ], [ -44.963792, -21.968765995 ], [ -45.00834, -21.933116995 ], [ -44.998929, -21.904617995 ], [ -44.994962, -21.912418995 ], [ -44.978479, -21.914814995 ], [ -44.961712, -21.902821995 ] ] ] } },
{ "type": "Feature", "properties": { "CD_MUN": "3115904", "NM_MUN": "Chácara", "SIGLA_UF": "MG", "AREA_KM2": 152.807 }, "geometry": { "type": "Polygon", "coordinates": [ [ [ -43.193435, -21.611451995 ], [ -43.169368, -21.614710995 ], [ -43.178343, -21.651397996 ], [ -43.169621, -21.652074996 ], [ -43.16664, -21.664632996 ], [ -43.160835, -21.656927996 ], [ -43.139023, -21.664202996 ], [ -43.132993, -21.694689996 ], [ -43.140772, -21.707845995 ], [ -43.164297, -21.697384995 ], [ -43.187587, -21.742863995 ], [ -43.248092, -21.769684995 ], [ -43.240499, -21.751837995 ], [ -43.25785, -21.754214995 ], [ -43.263229, -21.746358995 ], [ -43.257504, -21.734053995 ], [ -43.266117, -21.698235995 ], [ -43.258911, -21.681104995 ], [ -43.279913, -21.686263995 ], [ -43.294857, -21.661367996 ], [ -43.267317, -21.658666996 ], [ -43.272499, -21.644647996 ], [ -43.252719, -21.638532996 ], [ -43.251022, -21.628705996 ], [ -43.230252, -21.636925996 ], [ -43.213717, -21.625616995 ], [ -43.199017, -21.626668995 ], [ -43.193435, -21.611451995 ] ] ] } },
{ "type": "Feature", "properties": { "CD_MUN": "3116001", "NM_MUN": "Chalé", "SIGLA_UF": "MG", "AREA_KM2": 212.674 }, "geometry": { "type": "Polygon", "coordinates": [ [ [ -41.660154, -19.941030996 ], [ -41.657838, -19.970297996 ], [ -41.630145, -19.992895996 ], [ -41.617174, -19.982983996 ], [ -41.593715, -20.001864996 ], [ -41.56636, -19.986439996 ], [ -41.562077, -19.995920996 ], [ -41.548008, -19.994933996 ], [ -41.56834, -20.052176996 ], [ -41.580148, -20.068933996 ], [ -41.586236, -20.056868996 ], [ -41.62106, -20.075619996 ], [ -41.629209, -20.070131996 ], [ -41.662558, -20.097041996 ], [ -41.726748, -20.102252996 ], [ -41.739064, -20.087093996 ], [ -41.734542, -20.075583996 ], [ -41.745687, -20.074781996 ], [ -41.737066, -20.067643996 ], [ -41.744287, -20.061086996 ], [ -41.732357, -20.053078996 ], [ -41.750616, -20.042270996 ], [ -41.742047, -20.031998996 ], [ -41.744846, -20.022438996 ], [ -41.736207, -20.022247996 ], [ -41.736891, -20.012082996 ], [ -41.726319, -20.005004996 ], [ -41.717624, -20.007282996 ], [ -41.722331, -19.986419996 ], [ -41.716909, -19.975239996 ], [ -41.711035, -19.979468996 ], [ -41.696887, -19.968859996 ], [ -41.698128, -19.954363996 ], [ -41.679828, -19.958891996 ], [ -41.660154, -19.941030996 ] ] ] } },
{ "type": "Feature", "properties": { "CD_MUN": "3116209", "NM_MUN": "Chiador", "SIGLA_UF": "MG", "AREA_KM2": 252.852 }, "geometry": { "type": "Polygon", "coordinates": [ [ [ -42.886108, -21.852251996 ], [ -42.8752, -21.857411996 ], [ -42.899185, -21.890599996 ], [ -42.885016, -21.901002996 ], [ -42.907563, -21.908024996 ], [ -42.904356, -21.916524996 ], [ -42.921113, -21.932911996 ], [ -42.917083, -21.956853996 ], [ -42.932444, -21.969825996 ], [ -42.925895, -21.979750996 ], [ -42.912695, -21.973911996 ], [ -42.909625459, -21.990723504 ], [ -42.968985459, -22.014895039 ], [ -42.989804296, -22.034228273 ], [ -43.007877403, -22.031507906 ], [ -43.039152142, -22.044594499 ], [ -43.033161161, -22.065904859 ], [ -43.066212555, -22.089754339 ], [ -43.07504046, -22.093391968 ], [ -43.076460023, -22.083632475 ], [ -43.106182115, -22.082656525 ], [ -43.122240917, -22.089399448 ], [ -43.129404246, -22.106922886 ], [ -43.142257991, -22.104446907 ], [ -43.154735756, -22.077542241 ], [ -43.127549528, -22.045981435 ], [ -43.128535698, -22.029311764 ], [ -43.144896, -22.008801997 ], [ -43.142158, -21.980476996 ], [ -43.120793, -21.986346996 ], [ -43.116297, -21.995513996 ], [ -43.087435, -21.995922996 ], [ -43.084673, -21.985893996 ], [ -43.07627, -21.990308996 ], [ -43.067114, -21.982307996 ], [ -43.056571, -21.957951996 ], [ -43.039517, -21.951108996 ], [ -43.032084, -21.954770996 ], [ -43.032902, -21.966049996 ], [ -43.030172, -21.974642996 ], [ -43.028012, -21.976190996 ], [ -43.010585, -21.939867996 ], [ -42.96766, -21.943512996 ], [ -42.953551, -21.921733996 ], [ -42.923004, -21.898350996 ], [ -42.92247, -21.888599996 ], [ -42.896238, -21.876751996 ], [ -42.881915, -21.862969996 ], [ -42.886108, -21.852251996 ] ] ] } },
{ "type": "Feature", "properties": { "CD_MUN": "3116704", "NM_MUN": "Coimbra", "SIGLA_UF": "MG", "AREA_KM2": 106.875 }, "geometry": { "type": "Polygon", "coordinates": [ [ [ -42.729187, -20.803866996 ], [ -42.710063, -20.818187996 ], [ -42.713442, -20.835599996 ], [ -42.703109, -20.852763996 ], [ -42.733242, -20.861053996 ], [ -42.763746, -20.875943996 ], [ -42.762858, -20.881433996 ], [ -42.772152, -20.876111996 ], [ -42.780873, -20.882209996 ], [ -42.78474, -20.876964996 ], [ -42.778017, -20.871225996 ], [ -42.797485, -20.866252996 ], [ -42.801744, -20.882503996 ], [ -42.833071, -20.870592996 ], [ -42.85121, -20.880643996 ], [ -42.864578, -20.873115996 ], [ -42.876924, -20.847022996 ], [ -42.888121, -20.845025996 ], [ -42.886141, -20.824842996 ], [ -42.845525, -20.838978996 ], [ -42.84459, -20.816371996 ], [ -42.830017, -20.808888996 ], [ -42.810558, -20.807667996 ], [ -42.784264, -20.825464996 ], [ -42.729187, -20.803866996 ] ] ] } },
{ "type": "Feature", "properties": { "CD_MUN": "3117207", "NM_MUN": "Conceição das Pedras", "SIGLA_UF": "MG", "AREA_KM2": 102.206 }, "geometry": { "type": "Polygon", "coordinates": [ [ [ -45.373314, -22.087759996 ], [ -45.341693, -22.105517996 ], [ -45.324564, -22.104122996 ], [ -45.337594, -22.121725996 ], [ -45.374937, -22.141189996 ], [ -45.364387, -22.148449996 ], [ -45.369438, -22.159166996 ], [ -45.466315, -22.194702996 ], [ -45.507841, -22.191649996 ], [ -45.508775, -22.177086996 ], [ -45.486525, -22.155689996 ], [ -45.501076, -22.139400996 ], [ -45.46328, -22.132282996 ], [ -45.445281, -22.119741996 ], [ -45.417683, -22.121681996 ], [ -45.405147, -22.108889996 ], [ -45.375439, -22.107081996 ], [ -45.36272, -22.099051996 ], [ -45.373314, -22.087759996 ] ] ] } },
{ "type": "Feature", "properties": { "CD_MUN": "3117405", "NM_MUN": "Conceição de Ipanema", "SIGLA_UF": "MG", "AREA_KM2": 253.935 }, "geometry": { "type": "Polygon", "coordinates": [ [ [ -41.598768, -19.804035996 ], [ -41.590903, -19.807334996 ], [ -41.591216, -19.836604996 ], [ -41.573224, -19.851812996 ], [ -41.605083, -19.889011996 ], [ -41.598438, -19.919482996 ], [ -41.60913, -19.924881996 ], [ -41.593282, -19.935110996 ], [ -41.614636, -19.941699996 ], [ -41.608772, -19.953745996 ], [ -41.618013, -19.962993996 ], [ -41.638125, -19.962644996 ], [ -41.642141, -19.972158996 ], [ -41.655908, -19.972197996 ], [ -41.66064, -19.941026996 ], [ -41.679828, -19.958891996 ], [ -41.698128, -19.954363996 ], [ -41.696887, -19.968859996 ], [ -41.7189, -19.977615996 ], [ -41.719817, -19.997779996 ], [ -41.735375, -19.998414996 ], [ -41.766011, -19.983136996 ], [ -41.799953, -19.992545996 ], [ -41.807493, -19.989523996 ], [ -41.79794, -19.979731996 ], [ -41.806947, -19.948479996 ], [ -41.842043, -19.941477996 ], [ -41.840426, -19.924407996 ], [ -41.834149, -19.931817996 ], [ -41.825951, -19.923307996 ], [ -41.795693, -19.924564996 ], [ -41.783182, -19.914731996 ], [ -41.777117, -19.927242996 ], [ -41.752867, -19.914969996 ], [ -41.741558, -19.917356996 ], [ -41.714563, -19.873250996 ], [ -41.708249, -19.873942996 ], [ -41.709234, -19.863770996 ], [ -41.669554, -19.859096996 ], [ -41.652094, -19.845884996 ], [ -41.654483, -19.831586996 ], [ -41.641091, -19.822092996 ], [ -41.616603, -19.819780996 ], [ -41.598768, -19.804035996 ] ] ] } },
{ "type": "Feature", "properties": { "CD_MUN": "3117702", "NM_MUN": "Conceição do Rio Verde", "SIGLA_UF": "MG", "AREA_KM2": 369.681 }, "geometry": { "type": "Polygon", "coordinates": [ [ [ -45.077652, -21.772275995 ], [ -45.039076, -21.779822995 ], [ -45.035845, -21.805692995 ], [ -45.025686, -21.820549995 ], [ -45.013891, -21.829820995 ], [ -44.984206, -21.830119995 ], [ -44.975395, -21.844057995 ], [ -44.995043, -21.862695995 ], [ -44.988406, -21.870927995 ], [ -44.995247, -21.873933995 ], [ -44.995124, -21.899961995 ], [ -45.007251, -21.917761995 ], [ -45.00834, -21.933116995 ], [ -44.995622, -21.954142995 ], [ -45.019516, -21.957036995 ], [ -45.051249, -21.977765995 ], [ -45.050352, -22.003642995 ], [ -45.058392, -22.012946995 ], [ -45.074389, -22.009927995 ], [ -45.073761, -21.994270995 ], [ -45.084149, -21.984007995 ], [ -45.092142, -21.989751995 ], [ -45.103258, -21.969398995 ], [ -45.126549, -21.981988996 ], [ -45.192025, -21.976070995 ], [ -45.20045, -21.985427996 ], [ -45.200339, -21.972410995 ], [ -45.212105, -21.971596995 ], [ -45.216912, -21.961133995 ], [ -45.215668, -21.909746996 ], [ -45.111864, -21.848170995 ], [ -45.118358, -21.828056995 ], [ -45.111312, -21.806681995 ], [ -45.125103, -21.790254995 ], [ -45.123353, -21.781693995 ], [ -45.098485, -21.786398995 ], [ -45.077652, -21.772275995 ] ] ] } },
{ "type": "Feature", "properties": { "CD_MUN": "3117801", "NM_MUN": "Conceição dos Ouros", "SIGLA_UF": "MG", "AREA_KM2": 180.236 }, "geometry": { "type": "Polygon", "coordinates": [ [ [ -45.679181, -22.374705996 ], [ -45.690707, -22.395963996 ], [ -45.68159094, -22.462562983 ], [ -45.69868, -22.478969996 ], [ -45.700387, -22.499803996 ], [ -45.711374, -22.503507996 ], [ -45.772701, -22.466140996 ], [ -45.786472, -22.489906996 ], [ -45.811092, -22.494866996 ], [ -45.822844, -22.508786996 ], [ -45.853385, -22.488708996 ], [ -45.884472963, -22.499713173 ], [ -45.88739306, -22.468937045 ], [ -45.849222, -22.454504996 ], [ -45.846641, -22.416213996 ], [ -45.831437, -22.403331996 ], [ -45.819655, -22.409908996 ], [ -45.804226, -22.384668996 ], [ -45.797396, -22.382481996 ], [ -45.794261, -22.398433996 ], [ -45.76676, -22.406846996 ], [ -45.754975, -22.397728996 ], [ -45.735275, -22.402045996 ], [ -45.731165, -22.411393996 ], [ -45.737089, -22.417761996 ], [ -45.729927, -22.421106996 ], [ -45.718781, -22.415202996 ], [ -45.721904, -22.407294996 ], [ -45.69876, -22.379881996 ], [ -45.679181, -22.374705996 ] ] ] } },
{ "type": "Feature", "properties": { "CD_MUN": "3119609", "NM_MUN": "Coronel Pacheco", "SIGLA_UF": "MG", "AREA_KM2": 131.511 }, "geometry": { "type": "Polygon", "coordinates": [ [ [ -43.289365, -21.540463996 ], [ -43.263335, -21.544902996 ], [ -43.262858, -21.572398995 ], [ -43.253573, -21.577387995 ], [ -43.240392, -21.571532995 ], [ -43.223919, -21.585886995 ], [ -43.213726, -21.609989995 ], [ -43.231658, -21.617807995 ], [ -43.230252, -21.636925996 ], [ -43.249339, -21.628266996 ], [ -43.252719, -21.638532996 ], [ -43.272339, -21.644486996 ], [ -43.267317, -21.658666996 ], [ -43.288118, -21.662652996 ], [ -43.303377, -21.653469995 ], [ -43.324581, -21.662795995 ], [ -43.339675, -21.652240995 ], [ -43.336854, -21.642841995 ], [ -43.355457, -21.636407995 ], [ -43.357577, -21.620378995 ], [ -43.347797, -21.617578995 ], [ -43.363263, -21.593582995 ], [ -43.344029, -21.563737996 ], [ -43.324788, -21.566046996 ], [ -43.314839, -21.555427996 ], [ -43.301916, -21.558137996 ], [ -43.289365, -21.540463996 ] ] ] } },
{ "type": "Feature", "properties": { "CD_MUN": "3120508", "NM_MUN": "Cristina", "SIGLA_UF": "MG", "AREA_KM2": 311.33 }, "geometry": { "type": "Polygon", "coordinates": [ [ [ -45.236505352, -22.114532386 ], [ -45.224461, -22.129195996 ], [ -45.234834, -22.150363996 ], [ -45.223203, -22.169436996 ], [ -45.200713, -22.172937996 ], [ -45.179661, -22.198744996 ], [ -45.16438, -22.200621996 ], [ -45.227395, -22.257191996 ], [ -45.253235, -22.288079996 ], [ -45.25299, -22.303028996 ], [ -45.279192, -22.311437996 ], [ -45.296222, -22.299195996 ], [ -45.32398, -22.301053996 ], [ -45.331627, -22.276055996 ], [ -45.321826, -22.256887996 ], [ -45.340451, -22.267656996 ], [ -45.35006, -22.264628996 ], [ -45.355861, -22.276534996 ], [ -45.374397, -22.269618996 ], [ -45.363804, -22.223772996 ], [ -45.38371, -22.219884996 ], [ -45.386432, -22.201089996 ], [ -45.378379, -22.195785996 ], [ -45.393801, -22.167982996 ], [ -45.368965, -22.158787996 ], [ -45.364387, -22.148449996 ], [ -45.374757, -22.140978996 ], [ -45.33303, -22.118691996 ], [ -45.292008, -22.132463996 ], [ -45.250871, -22.113912996 ], [ -45.236505352, -22.114532386 ] ] ] } },
{ "type": "Feature", "properties": { "CD_MUN": "3120805", "NM_MUN": "Cruzília", "SIGLA_UF": "MG", "AREA_KM2": 522.419 }, "geometry": { "type": "Polygon", "coordinates": [ [ [ -44.806635, -21.586651996 ], [ -44.783255, -21.601895996 ], [ -44.787151, -21.610526996 ], [ -44.752092, -21.604982996 ], [ -44.725507, -21.624044996 ], [ -44.704725, -21.623640996 ], [ -44.676218, -21.640413996 ], [ -44.691948, -21.658014996 ], [ -44.680053, -21.676607996 ], [ -44.692611, -21.695303996 ], [ -44.6888, -21.703542996 ], [ -44.703166, -21.715152996 ], [ -44.691627, -21.743327996 ], [ -44.696457, -21.741280996 ], [ -44.699358, -21.764721996 ], [ -44.727644, -21.768765996 ], [ -44.751933, -21.824861996 ], [ -44.741627, -21.832737996 ], [ -44.743912, -21.847139996 ], [ -44.770651, -21.865576996 ], [ -44.788419, -21.868279996 ], [ -44.83537, -21.909527996 ], [ -44.847019, -21.902293996 ], [ -44.844433, -21.888760996 ], [ -44.858006, -21.884176996 ], [ -44.862175, -21.849626996 ], [ -44.896328, -21.829341996 ], [ -44.890685, -21.808989996 ], [ -44.85446, -21.797410996 ], [ -44.871608, -21.788832996 ], [ -44.874539, -21.759144996 ], [ -44.888655, -21.756120996 ], [ -44.888121, -21.711547996 ], [ -44.882387, -21.707968996 ], [ -44.893675, -21.677450996 ], [ -44.871034, -21.605510996 ], [ -44.831361, -21.598740996 ], [ -44.825719, -21.590107996 ], [ -44.817496, -21.595723996 ], [ -44.806635, -21.586651996 ] ] ] } },
{ "type": "Feature", "properties": { "CD_MUN": "3121100", "NM_MUN": "Delfim Moreira", "SIGLA_UF": "MG", "AREA_KM2": 408.473 }, "geometry": { "type": "Polygon", "coordinates": [ [ [ -45.228198, -22.369579996 ], [ -45.211338, -22.372898996 ], [ -45.200129, -22.392992996 ], [ -45.189356, -22.384976996 ], [ -45.167977, -22.391797996 ], [ -45.169965, -22.400574996 ], [ -45.239825, -22.443630996 ], [ -45.24638, -22.473288996 ], [ -45.221787, -22.483631996 ], [ -45.197595, -22.480243996 ], [ -45.164515268, -22.537928715 ], [ -45.178045602, -22.549876921 ], [ -45.260172905, -22.582053421 ], [ -45.261406944, -22.60711559 ], [ -45.274239997, -22.616238469 ], [ -45.332961986, -22.617639217 ], [ -45.36095818, -22.638761397 ], [ -45.410521092, -22.651671025 ], [ -45.408796201, -22.63348944 ], [ -45.419941, -22.618163996 ], [ -45.395181, -22.615017996 ], [ -45.39313, -22.598202996 ], [ -45.376675, -22.583235996 ], [ -45.372709, -22.556366996 ], [ -45.356025, -22.551555996 ], [ -45.337075, -22.519417996 ], [ -45.35248, -22.495373996 ], [ -45.370855, -22.485773996 ], [ -45.356304, -22.470541996 ], [ -45.381841, -22.450024996 ], [ -45.364955, -22.441685996 ], [ -45.334669, -22.404955996 ], [ -45.304373, -22.401495996 ], [ -45.260443185, -22.37464738 ], [ -45.24227, -22.378431996 ], [ -45.228198, -22.369579996 ] ] ] } },
{ "type": "Feature", "properties": { "CD_MUN": "3121308", "NM_MUN": "Descoberto", "SIGLA_UF": "MG", "AREA_KM2": 213.168 }, "geometry": { "type": "Polygon", "coordinates": [ [ [ -42.902514, -21.368440996 ], [ -42.894267, -21.376044996 ], [ -42.912603, -21.404513996 ], [ -42.892869, -21.413079996 ], [ -42.895711, -21.439939996 ], [ -42.875641, -21.460882995 ], [ -42.889238, -21.486159995 ], [ -42.883375, -21.490053995 ], [ -42.919323, -21.525886996 ], [ -42.946979, -21.514713996 ], [ -42.954746, -21.519710996 ], [ -42.960019, -21.499562996 ], [ -42.979881, -21.502023996 ], [ -42.987985, -21.488361996 ], [ -43.0276, -21.504088996 ], [ -43.024026, -21.494853996 ], [ -43.058639, -21.475805995 ], [ -43.062352, -21.455884995 ], [ -43.053313, -21.457832995 ], [ -43.040787, -21.435729996 ], [ -43.046358, -21.425469996 ], [ -43.060338, -21.430388996 ], [ -43.046083, -21.400599996 ], [ -43.031525, -21.395031996 ], [ -43.018937, -21.407831996 ], [ -42.999757, -21.391989996 ], [ -42.978987, -21.389950996 ], [ -42.965082, -21.397394996 ], [ -42.938007, -21.367892996 ], [ -42.902514, -21.368440996 ] ] ] } },
{ "type": "Feature", "properties": { "CD_MUN": "3121506", "NM_MUN": "Desterro do Melo", "SIGLA_UF": "MG", "AREA_KM2": 142.279 }, "geometry": { "type": "Polygon", "coordinates": [ [ [ -43.511336, -21.068303996 ], [ -43.516696, -21.092867996 ], [ -43.502189, -21.095222996 ], [ -43.498038, -21.114985996 ], [ -43.465154, -21.130766996 ], [ -43.465051, -21.145949996 ], [ -43.43206, -21.144236996 ], [ -43.417235, -21.158142996 ], [ -43.419378, -21.165704996 ], [ -43.451546, -21.174528996 ], [ -43.45349, -21.195070996 ], [ -43.475577, -21.198091996 ], [ -43.491813, -21.191503996 ], [ -43.500446, -21.201626996 ], [ -43.55062, -21.202883996 ], [ -43.564487, -21.173239996 ], [ -43.598775, -21.166611996 ], [ -43.606725, -21.115739996 ], [ -43.593875, -21.107095996 ], [ -43.574852, -21.127861996 ], [ -43.561098, -21.131778996 ], [ -43.537541, -21.107825996 ], [ -43.536497, -21.092217996 ], [ -43.518789, -21.069127996 ], [ -43.511336, -21.068303996 ] ] ] } },
{ "type": "Feature", "properties": { "CD_MUN": "3121902", "NM_MUN": "Divinésia", "SIGLA_UF": "MG", "AREA_KM2": 116.97 }, "geometry": { "type": "Polygon", "coordinates": [ [ [ -42.995564, -20.927002996 ], [ -42.967285, -20.975429996 ], [ -42.953816, -20.967651996 ], [ -42.947532, -20.985311996 ], [ -42.92363, -21.002414996 ], [ -42.924725, -21.021854996 ], [ -42.937005, -21.035480996 ], [ -42.972899, -21.031240996 ], [ -42.966589, -21.045358996 ], [ -42.978921, -21.058590996 ], [ -42.990133, -21.038184996 ], [ -43.008938, -21.037238996 ], [ -43.013806, -21.018224996 ], [ -43.031498, -21.026147996 ], [ -43.036729, -21.004347996 ], [ -43.068922, -20.979788996 ], [ -43.06877, -20.963795996 ], [ -43.043447, -20.940388996 ], [ -43.041601, -20.929288996 ], [ -43.029152, -20.927441996 ], [ -43.023088, -20.934915996 ], [ -42.995564, -20.927002996 ] ] ] } },
{ "type": "Feature", "properties": { "CD_MUN": "3122009", "NM_MUN": "Divino", "SIGLA_UF": "MG", "AREA_KM2": 337.776 }, "geometry": { "type": "Polygon", "coordinates": [ [ [ -42.149179, -20.467661996 ], [ -42.134388, -20.470523996 ], [ -42.134503, -20.493618996 ], [ -42.091619, -20.492574996 ], [ -42.08967, -20.507462996 ], [ -42.071201, -20.507671996 ], [ -42.065822, -20.517126996 ], [ -42.086857, -20.541821996 ], [ -42.070653, -20.585162996 ], [ -42.078388, -20.591060996 ], [ -42.078276, -20.606542996 ], [ -42.092989, -20.616683996 ], [ -42.091203, -20.630317996 ], [ -42.099775, -20.639248996 ], [ -42.095575, -20.655747996 ], [ -42.134261, -20.690415996 ], [ -42.163673, -20.690218996 ], [ -42.182059, -20.679898996 ], [ -42.185659, -20.690087996 ], [ -42.209015, -20.679537996 ], [ -42.226913, -20.655384996 ], [ -42.246396, -20.651836996 ], [ -42.263402, -20.615072996 ], [ -42.285476, -20.612830996 ], [ -42.295432, -20.603314996 ], [ -42.296623, -20.585365996 ], [ -42.30952, -20.580497996 ], [ -42.309035, -20.571333996 ], [ -42.358239, -20.578908996 ], [ -42.357439, -20.567861996 ], [ -42.345432, -20.561650996 ], [ -42.348483, -20.544318996 ], [ -42.317715, -20.547486996 ], [ -42.307474, -20.535943996 ], [ -42.29753, -20.538892996 ], [ -42.289267, -20.554723996 ], [ -42.276929, -20.547908996 ], [ -42.275847, -20.558522996 ], [ -42.26293, -20.568211996 ], [ -42.237793, -20.565734996 ], [ -42.209687, -20.593152996 ], [ -42.188183, -20.573297996 ], [ -42.195594, -20.552225996 ], [ -42.184874, -20.550349996 ], [ -42.174713, -20.540678996 ], [ -42.177159, -20.531800996 ], [ -42.167315, -20.527554996 ], [ -42.163957, -20.480501996 ], [ -42.149179, -20.467661996 ] ] ] } },
{ "type": "Feature", "properties": { "CD_MUN": "3122801", "NM_MUN": "Dom Viçoso", "SIGLA_UF": "MG", "AREA_KM2": 113.921 }, "geometry": { "type": "Polygon", "coordinates": [ [ [ -45.066034, -22.179476996 ], [ -45.06446, -22.225841996 ], [ -45.073614, -22.236865996 ], [ -45.08903, -22.232842996 ], [ -45.12785, -22.261594996 ], [ -45.146901, -22.261177996 ], [ -45.17408, -22.288238996 ], [ -45.21894, -22.268777996 ], [ -45.242658, -22.285949996 ], [ -45.227022, -22.256790996 ], [ -45.136969, -22.176496996 ], [ -45.111787, -22.184209996 ], [ -45.088305, -22.176711996 ], [ -45.066034, -22.179476996 ] ] ] } },
{ "type": "Feature", "properties": { "CD_MUN": "3122900", "NM_MUN": "Dona Euzébia", "SIGLA_UF": "MG", "AREA_KM2": 70.231 }, "geometry": { "type": "Polygon", "coordinates": [ [ [ -42.813755, -21.260695996 ], [ -42.767783, -21.294598996 ], [ -42.765216, -21.307266996 ], [ -42.767798, -21.351381996 ], [ -42.783929, -21.359476996 ], [ -42.781234, -21.384341996 ], [ -42.799713, -21.391755996 ], [ -42.823141, -21.379140996 ], [ -42.830287, -21.387989996 ], [ -42.839136, -21.364855996 ], [ -42.818235617, -21.321658731 ], [ -42.833528, -21.312846996 ], [ -42.815621, -21.287458996 ], [ -42.813755, -21.260695996 ] ] ] } },
{ "type": "Feature", "properties": { "CD_MUN": "3123304", "NM_MUN": "Dores do Turvo", "SIGLA_UF": "MG", "AREA_KM2": 231.169 }, "geometry": { "type": "Polygon", "coordinates": [ [ [ -43.1724, -20.925909996 ], [ -43.163873, -20.958776996 ], [ -43.149409, -20.975587996 ], [ -43.131806, -20.982340996 ], [ -43.112386, -20.977242996 ], [ -43.102423, -20.955794996 ], [ -43.094314, -20.972019996 ], [ -43.106958, -20.996274996 ], [ -43.100391, -21.011812996 ], [ -43.082959, -21.017785996 ], [ -43.095838, -21.052892996 ], [ -43.081639, -21.072826996 ], [ -43.094611, -21.092602996 ], [ -43.094985, -21.107551996 ], [ -43.119804, -21.119143996 ], [ -43.137976, -21.120389996 ], [ -43.138383, -21.099372996 ], [ -43.15388, -21.068022996 ], [ -43.175638, -21.080960996 ], [ -43.185063, -21.073950996 ], [ -43.216453, -21.084163996 ], [ -43.224843, -21.079158996 ], [ -43.230634, -21.087905996 ], [ -43.243381, -21.083525996 ], [ -43.231011, -21.044568996 ], [ -43.249455, -21.035135996 ], [ -43.244723, -21.022194996 ], [ -43.255844, -21.010009996 ], [ -43.244895, -20.996008996 ], [ -43.248567, -20.983212996 ], [ -43.207807, -20.932804996 ], [ -43.193393, -20.939330996 ], [ -43.1724, -20.925909996 ] ] ] } },
{ "type": "Feature", "properties": { "CD_MUN": "3123528", "NM_MUN": "Durandé", "SIGLA_UF": "MG", "AREA_KM2": 217.461 }, "geometry": { "type": "Polygon", "coordinates": [ [ [ -41.806441, -20.041660996 ], [ -41.789996, -20.042901996 ], [ -41.768557, -20.066875996 ], [ -41.746537, -20.057519996 ], [ -41.737078, -20.067390996 ], [ -41.745687, -20.074781996 ], [ -41.734542, -20.075583996 ], [ -41.739064, -20.087093996 ], [ -41.726732, -20.102126996 ], [ -41.745166, -20.131732996 ], [ -41.736336, -20.192408996 ], [ -41.747554, -20.194085996 ], [ -41.758454007, -20.208236677 ], [ -41.774963059, -20.260099245 ], [ -41.787968, -20.241316996 ], [ -41.81004, -20.241845996 ], [ -41.820281, -20.234104996 ], [ -41.816131, -20.208819996 ], [ -41.847531, -20.205697996 ], [ -41.847808, -20.200259996 ], [ -41.869327, -20.205243996 ], [ -41.880476, -20.181162996 ], [ -41.874445, -20.173047996 ], [ -41.88739, -20.169205996 ], [ -41.853527, -20.147715996 ], [ -41.857433, -20.140764996 ], [ -41.829732, -20.115118996 ], [ -41.826206, -20.089511996 ], [ -41.816755, -20.084801996 ], [ -41.824374, -20.064614996 ], [ -41.806441, -20.041660996 ] ] ] } },
{ "type": "Feature", "properties": { "CD_MUN": "3124005", "NM_MUN": "Ervália", "SIGLA_UF": "MG", "AREA_KM2": 357.489 }, "geometry": { "type": "Polygon", "coordinates": [ [ [ -42.604301, -20.753492996 ], [ -42.59213, -20.768979996 ], [ -42.57401, -20.774683996 ], [ -42.55957, -20.766132996 ], [ -42.543146, -20.777265996 ], [ -42.522147, -20.767883996 ], [ -42.513523, -20.753258996 ], [ -42.494987, -20.767408996 ], [ -42.488857, -20.756870996 ], [ -42.479201, -20.760164996 ], [ -42.489059, -20.780840996 ], [ -42.482865, -20.789331996 ], [ -42.490125, -20.829280996 ], [ -42.524574, -20.892788996 ], [ -42.547848, -20.892587996 ], [ -42.581753, -20.952733996 ], [ -42.61186, -20.986296996 ], [ -42.628166, -20.977801996 ], [ -42.631303, -20.938052996 ], [ -42.657636, -20.895014996 ], [ -42.666171, -20.908369996 ], [ -42.683422, -20.909750996 ], [ -42.711797, -20.892374996 ], [ -42.720929, -20.895424996 ], [ -42.729872, -20.861675996 ], [ -42.704195, -20.854079996 ], [ -42.710081, -20.839820996 ], [ -42.668806, -20.812778996 ], [ -42.668668, -20.794206996 ], [ -42.660196, -20.789988996 ], [ -42.659988, -20.779150996 ], [ -42.667573, -20.777252996 ], [ -42.662009, -20.755905996 ], [ -42.621558, -20.764163996 ], [ -42.604301, -20.753492996 ] ] ] } },
{ "type": "Feature", "properties": { "CD_MUN": "3124203", "NM_MUN": "Espera Feliz", "SIGLA_UF": "MG", "AREA_KM2": 317.638 }, "geometry": { "type": "Polygon", "coordinates": [ [ [ -41.847749, -20.490826996 ], [ -41.825422757, -20.483258849 ], [ -41.804450572, -20.543411023 ], [ -41.828391198, -20.557296182 ], [ -41.841299188, -20.600442039 ], [ -41.856694292, -20.615766687 ], [ -41.839179313, -20.624835241 ], [ -41.817413915, -20.624538677 ], [ -41.821197949, -20.637131729 ], [ -41.807297337, -20.643690959 ], [ -41.819482206, -20.657808223 ], [ -41.827644338, -20.656409515 ], [ -41.824156902, -20.663037279 ], [ -41.850662529, -20.691171744 ], [ -41.886954, -20.682639996 ], [ -41.895645, -20.668002996 ], [ -41.914540072, -20.661131762 ], [ -41.929068, -20.675630996 ], [ -41.951331, -20.680776996 ], [ -41.957552, -20.695106996 ], [ -41.973781, -20.665903996 ], [ -41.987685, -20.657022996 ], [ -41.989367, -20.635613996 ], [ -41.976816, -20.623588996 ], [ -41.978802, -20.612344996 ], [ -42.021849, -20.613064996 ], [ -42.077424, -20.599509996 ], [ -42.070653, -20.585162996 ], [ -42.073884, -20.565286996 ], [ -42.087337, -20.544614996 ], [ -42.063477, -20.515210996 ], [ -42.044547, -20.518186996 ], [ -42.033235, -20.535933996 ], [ -41.993801, -20.552134996 ], [ -41.979284, -20.574494996 ], [ -41.971474, -20.575277996 ], [ -41.959066, -20.536365996 ], [ -41.952078, -20.555390996 ], [ -41.935033, -20.564329996 ], [ -41.923983, -20.560979996 ], [ -41.898679, -20.580640996 ], [ -41.889637, -20.568904996 ], [ -41.870701, -20.570108996 ], [ -41.864399, -20.524873996 ], [ -41.847749, -20.490826996 ] ] ] } },
{ "type": "Feature", "properties": { "CD_MUN": "3124609", "NM_MUN": "Estrela Dalva", "SIGLA_UF": "MG", "AREA_KM2": 131.365 }, "geometry": { "type": "Polygon", "coordinates": [ [ [ -42.44749, -21.634035995 ], [ -42.440691, -21.647509995 ], [ -42.427965, -21.642629996 ], [ -42.425204, -21.668928996 ], [ -42.434657, -21.695595996 ], [ -42.42774, -21.698522996 ], [ -42.42734, -21.712933996 ], [ -42.419399, -21.714432996 ], [ -42.422406, -21.740781996 ], [ -42.408035, -21.732517996 ], [ -42.401283, -21.752767996 ], [ -42.377698613, -21.748389072 ], [ -42.463243094, -21.786221294 ], [ -42.482839, -21.740070996 ], [ -42.493646, -21.733418996 ], [ -42.482241, -21.715866996 ], [ -42.489433, -21.704986996 ], [ -42.503912, -21.707892996 ], [ -42.514168, -21.697678996 ], [ -42.526552, -21.703274996 ], [ -42.528272, -21.696255996 ], [ -42.551824, -21.694021996 ], [ -42.558911, -21.680651996 ], [ -42.542421, -21.667555995 ], [ -42.537965, -21.651094995 ], [ -42.501594, -21.659766995 ], [ -42.477562, -21.650137995 ], [ -42.470419, -21.657035995 ], [ -42.44749, -21.634035995 ] ] ] } },
{ "type": "Feature", "properties": { "CD_MUN": "3124906", "NM_MUN": "Eugenópolis", "SIGLA_UF": "MG", "AREA_KM2": 309.395 }, "geometry": { "type": "Polygon", "coordinates": [ [ [ -42.215228, -20.856729996 ], [ -42.185023, -20.871168996 ], [ -42.172551, -20.890323996 ], [ -42.171798, -20.922133996 ], [ -42.159044, -20.943664996 ], [ -42.1672, -20.951378996 ], [ -42.165626, -20.977597996 ], [ -42.180817, -20.974343996 ], [ -42.196099, -20.996570996 ], [ -42.225832, -21.008408996 ], [ -42.220523, -21.023858996 ], [ -42.170238, -21.039947996 ], [ -42.164754, -21.058653996 ], [ -42.152928, -21.059992996 ], [ -42.144702, -21.071869996 ], [ -42.118545566, -21.07521973 ], [ -42.133309539, -21.080707469 ], [ -42.140215489, -21.103471993 ], [ -42.163688831, -21.100683053 ], [ -42.172185074, -21.130939823 ], [ -42.191944, -21.133580996 ], [ -42.223856, -21.118614996 ], [ -42.23251, -21.134108996 ], [ -42.2631, -21.128691996 ], [ -42.273895, -21.142404996 ], [ -42.298819, -21.122551996 ], [ -42.296117, -21.086258996 ], [ -42.2841, -21.068626996 ], [ -42.27182, -21.071472996 ], [ -42.253942, -21.051102996 ], [ -42.297811, -21.025319996 ], [ -42.298657, -21.000142996 ], [ -42.273875, -20.974492996 ], [ -42.265741, -20.954178996 ], [ -42.269489, -20.917766996 ], [ -42.247696, -20.896668996 ], [ -42.235518, -20.894456996 ], [ -42.215228, -20.856729996 ] ] ] } },
{ "type": "Feature", "properties": { "CD_MUN": "3125002", "NM_MUN": "Ewbank da Câmara", "SIGLA_UF": "MG", "AREA_KM2": 103.834 }, "geometry": { "type": "Polygon", "coordinates": [ [ [ -43.502268, -21.516782995 ], [ -43.497698, -21.525878995 ], [ -43.492249, -21.519764995 ], [ -43.472855, -21.530591995 ], [ -43.473115, -21.539956995 ], [ -43.496294, -21.532722995 ], [ -43.489695, -21.549065995 ], [ -43.51118, -21.560151995 ], [ -43.513739, -21.585806995 ], [ -43.527286, -21.591715995 ], [ -43.541733, -21.620636995 ], [ -43.597329, -21.614663995 ], [ -43.600083, -21.631433995 ], [ -43.610794, -21.640332995 ], [ -43.62102, -21.614099995 ], [ -43.641235, -21.606756995 ], [ -43.646509, -21.594056995 ], [ -43.634621, -21.580281995 ], [ -43.602252, -21.567244995 ], [ -43.586892, -21.569598995 ], [ -43.572083, -21.548116995 ], [ -43.565574, -21.554302995 ], [ -43.554748, -21.546414995 ], [ -43.5475, -21.520920995 ], [ -43.526418, -21.513672995 ], [ -43.502268, -21.516782995 ] ] ] } },
{ "type": "Feature", "properties": { "CD_MUN": "3125309", "NM_MUN": "Faria Lemos", "SIGLA_UF": "MG", "AREA_KM2": 165.224 }, "geometry": { "type": "Polygon", "coordinates": [ [ [ -42.083444, -20.730827996 ], [ -42.061407, -20.743300996 ], [ -42.047013, -20.742108996 ], [ -42.021456, -20.773737996 ], [ -41.999256, -20.771559996 ], [ -41.988642, -20.786345996 ], [ -41.982799, -20.768238996 ], [ -41.967419, -20.755055996 ], [ -41.968151, -20.732636996 ], [ -41.933498, -20.735813996 ], [ -41.926829, -20.743734996 ], [ -41.938405, -20.776899996 ], [ -41.926167631, -20.801415567 ], [ -41.935620996, -20.827705326 ], [ -41.928420437, -20.841994153 ], [ -41.970279, -20.819815996 ], [ -41.979428, -20.818790996 ], [ -41.986801, -20.828481996 ], [ -42.03781, -20.807328996 ], [ -42.092266, -20.810026996 ], [ -42.121485, -20.793549996 ], [ -42.143777, -20.796842996 ], [ -42.172207, -20.785703996 ], [ -42.158276, -20.768796996 ], [ -42.158468, -20.755705996 ], [ -42.093146, -20.740102996 ], [ -42.083444, -20.730827996 ] ] ] } },
{ "type": "Feature", "properties": { "CD_MUN": "3125952", "NM_MUN": "Fervedouro", "SIGLA_UF": "MG", "AREA_KM2": 357.683 }, "geometry": { "type": "Polygon", "coordinates": [ [ [ -42.311875, -20.570515996 ], [ -42.30952, -20.580497996 ], [ -42.296623, -20.585365996 ], [ -42.295067, -20.603705996 ], [ -42.285232, -20.612910996 ], [ -42.266998, -20.612142996 ], [ -42.246225, -20.652020996 ], [ -42.237609, -20.649085996 ], [ -42.216118, -20.666246996 ], [ -42.225866, -20.672743996 ], [ -42.226824, -20.688661996 ], [ -42.242404, -20.693085996 ], [ -42.242694, -20.701869996 ], [ -42.233966, -20.705143996 ], [ -42.237653, -20.720884996 ], [ -42.253099, -20.730261996 ], [ -42.247218, -20.737105996 ], [ -42.257859, -20.748550996 ], [ -42.254516, -20.753530996 ], [ -42.275225, -20.754494996 ], [ -42.268111, -20.744044996 ], [ -42.298219, -20.736136996 ], [ -42.308778, -20.723842996 ], [ -42.307997, -20.709729996 ], [ -42.320646, -20.704462996 ], [ -42.328402, -20.732965996 ], [ -42.324023, -20.748724996 ], [ -42.350722, -20.777438996 ], [ -42.381277, -20.766415996 ], [ -42.393068, -20.753208996 ], [ -42.419987, -20.769948996 ], [ -42.433607, -20.751322996 ], [ -42.471038, -20.749981996 ], [ -42.481189, -20.722608996 ], [ -42.471367, -20.718537996 ], [ -42.476605, -20.707089996 ], [ -42.469553, -20.690162996 ], [ -42.449005, -20.692046996 ], [ -42.429717, -20.667339996 ], [ -42.417148, -20.666922996 ], [ -42.419417, -20.659580996 ], [ -42.408772, -20.656070947 ], [ -42.410618, -20.635511996 ], [ -42.389069, -20.599987996 ], [ -42.377138, -20.597843996 ], [ -42.379098, -20.588958996 ], [ -42.364783, -20.579324996 ], [ -42.326992, -20.578378996 ], [ -42.311875, -20.570515996 ] ] ] } },
{ "type": "Feature", "properties": { "CD_MUN": "3127388", "NM_MUN": "Goianá", "SIGLA_UF": "MG", "AREA_KM2": 152.039 }, "geometry": { "type": "Polygon", "coordinates": [ [ [ -43.240885, -21.494804995 ], [ -43.185847, -21.514720995 ], [ -43.165974, -21.502692995 ], [ -43.158045, -21.527672995 ], [ -43.147281, -21.513995995 ], [ -43.132544, -21.520948995 ], [ -43.109883, -21.504042995 ], [ -43.103638, -21.518543995 ], [ -43.134705, -21.598165996 ], [ -43.153859, -21.596898995 ], [ -43.168633, -21.617719995 ], [ -43.189676, -21.609033995 ], [ -43.198807, -21.626530995 ], [ -43.224924, -21.632799995 ], [ -43.231658, -21.617807995 ], [ -43.213401, -21.608517995 ], [ -43.223919, -21.585886995 ], [ -43.240576, -21.571393995 ], [ -43.25409, -21.577386995 ], [ -43.264597, -21.568349995 ], [ -43.255372, -21.525850995 ], [ -43.262678, -21.514391995 ], [ -43.240885, -21.494804995 ] ] ] } },
{ "type": "Feature", "properties": { "CD_MUN": "3127404", "NM_MUN": "Gonçalves", "SIGLA_UF": "MG", "AREA_KM2": 187.353 }, "geometry": { "type": "Polygon", "coordinates": [ [ [ -45.87914, -22.607557996 ], [ -45.868474, -22.622291996 ], [ -45.838847, -22.628649996 ], [ -45.809535, -22.611337996 ], [ -45.760703, -22.624007996 ], [ -45.719158658, -22.620008998 ], [ -45.693992663, -22.651709888 ], [ -45.716182813, -22.661992422 ], [ -45.742806738, -22.659166862 ], [ -45.787858892, -22.693356526 ], [ -45.811641029, -22.69870766 ], [ -45.819927819, -22.722718611 ], [ -45.807046, -22.740670996 ], [ -45.849406, -22.756286996 ], [ -45.85607, -22.740849996 ], [ -45.873116, -22.745794996 ], [ -45.873205, -22.725352996 ], [ -45.921324, -22.720485996 ], [ -45.94912, -22.694348996 ], [ -45.908853, -22.687164996 ], [ -45.877838, -22.668229996 ], [ -45.877218, -22.659798996 ], [ -45.892891, -22.645144996 ], [ -45.870202, -22.631216996 ], [ -45.880355, -22.623604996 ], [ -45.87914, -22.607557996 ] ] ] } },
{ "type": "Feature", "properties": { "CD_MUN": "3128204", "NM_MUN": "Guaraciaba", "SIGLA_UF": "MG", "AREA_KM2": 348.596 }, "geometry": { "type": "Polygon", "coordinates": [ [ [ -43.035423, -20.450042996 ], [ -42.992124, -20.467651996 ], [ -42.99313, -20.474534996 ], [ -43.005451, -20.476796996 ], [ -42.981276, -20.489598996 ], [ -42.98361, -20.496092996 ], [ -42.962115, -20.520761996 ], [ -42.919898, -20.531475996 ], [ -42.894189, -20.564598996 ], [ -42.880946, -20.569839996 ], [ -42.939742, -20.602789996 ], [ -42.947347, -20.618380996 ], [ -42.936632, -20.626502996 ], [ -42.941229, -20.648774996 ], [ -42.928001, -20.657958996 ], [ -42.935115, -20.667302996 ], [ -42.966692, -20.678415996 ], [ -42.972663, -20.657634996 ], [ -42.985307, -20.658406996 ], [ -42.98708, -20.668084996 ], [ -42.99664, -20.657032996 ], [ -43.020339, -20.655513996 ], [ -43.009647, -20.620575996 ], [ -43.019707, -20.600260996 ], [ -43.06072, -20.597725996 ], [ -43.079547, -20.581544996 ], [ -43.120752, -20.603811996 ], [ -43.117894, -20.590596996 ], [ -43.1324, -20.579452996 ], [ -43.122441, -20.573166996 ], [ -43.14381, -20.558002996 ], [ -43.145007, -20.539971996 ], [ -43.154152, -20.538436996 ], [ -43.149312, -20.529095996 ], [ -43.155808, -20.509204996 ], [ -43.110117, -20.500213996 ], [ -43.102404, -20.486819996 ], [ -43.079976, -20.482255996 ], [ -43.069872, -20.464372996 ], [ -43.035423, -20.450042996 ] ] ] } },
{ "type": "Feature", "properties": { "CD_MUN": "3128402", "NM_MUN": "Guarani", "SIGLA_UF": "MG", "AREA_KM2": 264.194 }, "geometry": { "type": "Polygon", "coordinates": [ [ [ -43.072371, -21.291140996 ], [ -43.050648, -21.314383996 ], [ -43.026216, -21.314268996 ], [ -43.018378, -21.321911996 ], [ -43.004928, -21.306025996 ], [ -42.994524, -21.311192996 ], [ -42.987487, -21.305574996 ], [ -42.975887, -21.318625996 ], [ -42.961904, -21.314088996 ], [ -42.951339, -21.298017996 ], [ -42.936839, -21.306030996 ], [ -42.926405, -21.302833996 ], [ -42.947185, -21.384892996 ], [ -42.965082, -21.397394996 ], [ -42.978987, -21.389950996 ], [ -43.000015, -21.392045996 ], [ -43.018937, -21.407831996 ], [ -43.036925, -21.394551996 ], [ -43.061433, -21.432089996 ], [ -43.078616, -21.440555996 ], [ -43.119067, -21.419926996 ], [ -43.133528, -21.398324996 ], [ -43.158665, -21.391159996 ], [ -43.163295, -21.364980996 ], [ -43.184816, -21.354264996 ], [ -43.15721, -21.314790996 ], [ -43.161624, -21.305559996 ], [ -43.140761, -21.310123996 ], [ -43.138749, -21.317814996 ], [ -43.128336, -21.310080996 ], [ -43.125363, -21.293504996 ], [ -43.112118, -21.293582996 ], [ -43.111932, -21.300992996 ], [ -43.072371, -21.291140996 ] ] ] } },
{ "type": "Feature", "properties": { "CD_MUN": "3128501", "NM_MUN": "Guarará", "SIGLA_UF": "MG", "AREA_KM2": 88.655 }, "geometry": { "type": "Polygon", "coordinates": [ [ [ -43.020421, -21.699821995 ], [ -43.013544, -21.715516995 ], [ -43.002846, -21.710321995 ], [ -42.991077, -21.718467995 ], [ -42.98007, -21.705883995 ], [ -42.962993, -21.708762995 ], [ -42.955444, -21.721160995 ], [ -42.970934, -21.740809995 ], [ -42.968926, -21.754432995 ], [ -43.028995, -21.790819995 ], [ -43.03216, -21.817686995 ], [ -43.042794, -21.827086995 ], [ -43.06101, -21.823341995 ], [ -43.059872, -21.812593995 ], [ -43.076288, -21.799088995 ], [ -43.062186, -21.779357995 ], [ -43.074249, -21.769146995 ], [ -43.053134, -21.745166995 ], [ -43.059451, -21.727917995 ], [ -43.055164, -21.715959995 ], [ -43.020421, -21.699821995 ] ] ] } },
{ "type": "Feature", "properties": { "CD_MUN": "3128808", "NM_MUN": "Guidoval", "SIGLA_UF": "MG", "AREA_KM2": 158.375 }, "geometry": { "type": "Polygon", "coordinates": [ [ [ -42.789824, -21.096607996 ], [ -42.782367, -21.112903996 ], [ -42.735264, -21.113762996 ], [ -42.725445, -21.121041996 ], [ -42.7285, -21.137305996 ], [ -42.70673, -21.141850996 ], [ -42.745826, -21.201225996 ], [ -42.761144, -21.209077996 ], [ -42.75518, -21.234966996 ], [ -42.76582, -21.244132996 ], [ -42.770759, -21.269344996 ], [ -42.793603, -21.271749996 ], [ -42.813755, -21.260695996 ], [ -42.799539, -21.247604996 ], [ -42.809018, -21.239855996 ], [ -42.799339, -21.227506996 ], [ -42.815068, -21.192130996 ], [ -42.804673, -21.178131996 ], [ -42.828332, -21.166744996 ], [ -42.851574, -21.167048996 ], [ -42.861868, -21.156871996 ], [ -42.85632, -21.146213996 ], [ -42.862423, -21.133929996 ], [ -42.854689, -21.127695996 ], [ -42.856686, -21.116969996 ], [ -42.849224, -21.115501996 ], [ -42.850834, -21.105524996 ], [ -42.830074, -21.112043996 ], [ -42.824031, -21.101252996 ], [ -42.789824, -21.096607996 ] ] ] } },
{ "type": "Feature", "properties": { "CD_MUN": "3129004", "NM_MUN": "Guiricema", "SIGLA_UF": "MG", "AREA_KM2": 293.578 }, "geometry": { "type": "Polygon", "coordinates": [ [ [ -42.713377, -20.892341996 ], [ -42.683422, -20.909750996 ], [ -42.666171, -20.908369996 ], [ -42.657636, -20.895014996 ], [ -42.631303, -20.938052996 ], [ -42.628166, -20.977801996 ], [ -42.611275, -20.987998996 ], [ -42.631736, -21.011263996 ], [ -42.622155, -21.036306996 ], [ -42.645927, -21.041809996 ], [ -42.642588, -21.058925996 ], [ -42.6585, -21.062505996 ], [ -42.661063, -21.090970996 ], [ -42.690686, -21.094078996 ], [ -42.680854, -21.114714996 ], [ -42.70673, -21.141850996 ], [ -42.7285, -21.137305996 ], [ -42.725445, -21.121041996 ], [ -42.746845, -21.108920996 ], [ -42.783564, -21.112335996 ], [ -42.790139, -21.095986996 ], [ -42.763678, -21.063140996 ], [ -42.770619, -21.056472996 ], [ -42.762376, -21.044713996 ], [ -42.767181, -21.024386996 ], [ -42.756892, -21.014072996 ], [ -42.749612, -20.985701996 ], [ -42.754228, -20.974438996 ], [ -42.747949, -20.972582996 ], [ -42.759593, -20.960036996 ], [ -42.731724, -20.940994996 ], [ -42.735415, -20.924389996 ], [ -42.713377, -20.892341996 ] ] ] } },
{ "type": "Feature", "properties": { "CD_MUN": "3129202", "NM_MUN": "Heliodora", "SIGLA_UF": "MG", "AREA_KM2": 153.95 }, "geometry": { "type": "Polygon", "coordinates": [ [ [ -45.477115, -21.989441996 ], [ -45.490114, -22.007985996 ], [ -45.453189, -22.041697996 ], [ -45.451423, -22.061860996 ], [ -45.453679, -22.077577996 ], [ -45.472695, -22.086601996 ], [ -45.529013, -22.088267996 ], [ -45.597646, -22.102956996 ], [ -45.605539, -22.070857996 ], [ -45.639926, -22.034677996 ], [ -45.632739, -22.023634996 ], [ -45.614299, -22.017125996 ], [ -45.533195, -22.006475996 ], [ -45.477115, -21.989441996 ] ] ] } },
{ "type": "Feature", "properties": { "CD_MUN": "3129400", "NM_MUN": "Ibertioga", "SIGLA_UF": "MG", "AREA_KM2": 346.24 }, "geometry": { "type": "Polygon", "coordinates": [ [ [ -43.878123, -21.354711996 ], [ -43.875555, -21.368149996 ], [ -43.891077, -21.383614996 ], [ -43.879277, -21.404899996 ], [ -43.857186, -21.413513996 ], [ -43.84818, -21.453698996 ], [ -43.854184, -21.466911996 ], [ -43.835537, -21.470557996 ], [ -43.82343, -21.509183996 ], [ -43.83361, -21.500418996 ], [ -43.837658, -21.509814996 ], [ -43.846755, -21.507634996 ], [ -43.856137, -21.496762996 ], [ -43.861804, -21.504241996 ], [ -43.873174, -21.494129996 ], [ -43.874928, -21.502895996 ], [ -43.893911, -21.511916996 ], [ -43.922666, -21.502595996 ], [ -43.935767, -21.524811996 ], [ -43.952424, -21.520040996 ], [ -43.98064, -21.543826996 ], [ -43.999023, -21.542139996 ], [ -44.002819, -21.530025996 ], [ -44.012343, -21.539077996 ], [ -44.026336, -21.534987996 ], [ -44.054708, -21.517542996 ], [ -44.050947, -21.450899996 ], [ -44.071182, -21.435991996 ], [ -44.089107, -21.435374996 ], [ -44.067775, -21.405778996 ], [ -44.054208, -21.407270996 ], [ -44.037217, -21.384203996 ], [ -43.994107, -21.359716996 ], [ -43.975911, -21.373084996 ], [ -43.934737, -21.373096996 ], [ -43.923594, -21.387234996 ], [ -43.91451, -21.368643996 ], [ -43.878123, -21.354711996 ] ] ] } },
{ "type": "Feature", "properties": { "CD_MUN": "3130804", "NM_MUN": "Ingaí", "SIGLA_UF": "MG", "AREA_KM2": 305.591 }, "geometry": { "type": "Polygon", "coordinates": [ [ [ -44.991708, -21.334755996 ], [ -44.945701, -21.348633996 ], [ -44.882935, -21.340664996 ], [ -44.874713, -21.348282996 ], [ -44.878995, -21.362911996 ], [ -44.866958, -21.364273996 ], [ -44.867898, -21.370556996 ], [ -44.835943, -21.367806996 ], [ -44.834918, -21.381801996 ], [ -44.81791, -21.393288996 ], [ -44.819691, -21.424743996 ], [ -44.809125, -21.448477996 ], [ -44.815187, -21.466367996 ], [ -44.806765, -21.479249996 ], [ -44.818189, -21.488609996 ], [ -44.819401, -21.521245996 ], [ -44.870453, -21.498130996 ], [ -44.862863, -21.479110996 ], [ -44.877627, -21.454636996 ], [ -44.892436, -21.471935996 ], [ -44.925498, -21.463450996 ], [ -44.945732, -21.470588996 ], [ -44.95375, -21.462081996 ], [ -44.946711, -21.450393996 ], [ -44.950323, -21.434286996 ], [ -44.991386, -21.461978996 ], [ -45.009013, -21.445882996 ], [ -45.010803, -21.434555996 ], [ -45.047598, -21.407673996 ], [ -45.086278, -21.402928996 ], [ -45.071213, -21.400773996 ], [ -45.049374, -21.369305996 ], [ -45.037586, -21.372931996 ], [ -45.027252, -21.344049996 ], [ -44.991295, -21.326404996 ], [ -44.991708, -21.334755996 ] ] ] } },
{ "type": "Feature", "properties": { "CD_MUN": "3131208", "NM_MUN": "Ipanema", "SIGLA_UF": "MG", "AREA_KM2": 456.641 }, "geometry": { "type": "Polygon", "coordinates": [ [ [ -41.811153, -19.580125996 ], [ -41.762312145, -19.58769829 ], [ -41.763978311, -19.59334634 ], [ -41.73002, -19.608555996 ], [ -41.694637, -19.644534996 ], [ -41.694084, -19.667888996 ], [ -41.679875, -19.688737996 ], [ -41.679526, -19.716940996 ], [ -41.687362, -19.732722996 ], [ -41.674667, -19.742368996 ], [ -41.665156, -19.768638996 ], [ -41.673608, -19.798656996 ], [ -41.66312, -19.808666996 ], [ -41.651945, -19.845448996 ], [ -41.672064, -19.859974996 ], [ -41.709234, -19.863770996 ], [ -41.708249, -19.873942996 ], [ -41.714563, -19.873250996 ], [ -41.729628, -19.906939996 ], [ -41.742608, -19.917877996 ], [ -41.752867, -19.914969996 ], [ -41.777117, -19.927242996 ], [ -41.783182, -19.914731996 ], [ -41.795205, -19.924430996 ], [ -41.825244, -19.923175996 ], [ -41.836045, -19.931755996 ], [ -41.843474, -19.922657996 ], [ -41.836449, -19.920232996 ], [ -41.83058, -19.897931996 ], [ -41.808493, -19.893558996 ], [ -41.818711, -19.886508996 ], [ -41.807746, -19.875399996 ], [ -41.821902, -19.871123996 ], [ -41.813581, -19.856704996 ], [ -41.815192, -19.838664996 ], [ -41.800296, -19.833127996 ], [ -41.810064, -19.827668996 ], [ -41.779956, -19.813605996 ], [ -41.788795, -19.807465996 ], [ -41.78386, -19.790557996 ], [ -41.796351, -19.774593996 ], [ -41.787923, -19.769164996 ], [ -41.789223, -19.755978996 ], [ -41.778677, -19.751550996 ], [ -41.795692, -19.733754996 ], [ -41.792499, -19.729112996 ], [ -41.807379, -19.720545996 ], [ -41.804229, -19.712387996 ], [ -41.840612, -19.687297996 ], [ -41.832219, -19.675938996 ], [ -41.820507, -19.679611996 ], [ -41.8221, -19.669809996 ], [ -41.811142, -19.670741996 ], [ -41.810295, -19.656131996 ], [ -41.838215, -19.635815996 ], [ -41.801717, -19.621538996 ], [ -41.80696, -19.616145996 ], [ -41.800526, -19.615204996 ], [ -41.802015, -19.607402996 ], [ -41.815142, -19.605376996 ], [ -41.817024, -19.598330996 ], [ -41.811153, -19.580125996 ] ] ] } },
{ "type": "Feature", "properties": { "CD_MUN": "3132404", "NM_MUN": "Itajubá", "SIGLA_UF": "MG", "AREA_KM2": 294.835 }, "geometry": { "type": "Polygon", "coordinates": [ [ [ -45.339993, -22.339255996 ], [ -45.332485, -22.347013996 ], [ -45.306708, -22.346283996 ], [ -45.288375, -22.355600996 ], [ -45.268482, -22.351338996 ], [ -45.261423043, -22.377633344 ], [ -45.30011, -22.399975996 ], [ -45.334927, -22.405108996 ], [ -45.364955, -22.441685996 ], [ -45.381416, -22.449386996 ], [ -45.381944, -22.455883996 ], [ -45.359255, -22.467211996 ], [ -45.387181, -22.479487996 ], [ -45.387722, -22.494087996 ], [ -45.398285, -22.504962996 ], [ -45.390116, -22.512339996 ], [ -45.399488, -22.532288996 ], [ -45.419119, -22.526443996 ], [ -45.430147, -22.539725996 ], [ -45.447749, -22.532080996 ], [ -45.424596, -22.503557996 ], [ -45.463852, -22.505383996 ], [ -45.477451, -22.496001996 ], [ -45.477727, -22.483780996 ], [ -45.490169, -22.475558996 ], [ -45.504897, -22.478034996 ], [ -45.502127, -22.470680996 ], [ -45.523798, -22.459985996 ], [ -45.515994, -22.437439996 ], [ -45.530293, -22.388271996 ], [ -45.506133, -22.370715996 ], [ -45.481523, -22.378205996 ], [ -45.482369, -22.354998996 ], [ -45.457303, -22.360054996 ], [ -45.444807, -22.354634996 ], [ -45.44905, -22.375970996 ], [ -45.420407, -22.378475996 ], [ -45.408229, -22.365068996 ], [ -45.390884, -22.373877996 ], [ -45.381104, -22.355807996 ], [ -45.36963, -22.358126996 ], [ -45.339993, -22.339255996 ] ] ] } },
{ "type": "Feature", "properties": { "CD_MUN": "3132602", "NM_MUN": "Itamarati de Minas", "SIGLA_UF": "MG", "AREA_KM2": 94.568 }, "geometry": { "type": "Polygon", "coordinates": [ [ [ -42.885004, -21.369795996 ], [ -42.86144, -21.387617996 ], [ -42.858436, -21.403785996 ], [ -42.840526, -21.402919996 ], [ -42.82341, -21.379141996 ], [ -42.800252, -21.391745996 ], [ -42.781283, -21.384439996 ], [ -42.778875, -21.402506996 ], [ -42.813725, -21.438862995 ], [ -42.799539, -21.448997995 ], [ -42.804583, -21.458723995 ], [ -42.811597, -21.454975995 ], [ -42.82498, -21.473004995 ], [ -42.843468, -21.463226995 ], [ -42.845201, -21.477276995 ], [ -42.864309, -21.474865995 ], [ -42.871945, -21.484736995 ], [ -42.886221, -21.483074995 ], [ -42.875693, -21.460148995 ], [ -42.895711, -21.439939996 ], [ -42.892869, -21.413079996 ], [ -42.912605, -21.404020996 ], [ -42.894257, -21.372515996 ], [ -42.885004, -21.369795996 ] ] ] } },
{ "type": "Feature", "properties": { "CD_MUN": "3133006", "NM_MUN": "Itamonte", "SIGLA_UF": "MG", "AREA_KM2": 431.792 }, "geometry": { "type": "Polygon", "coordinates": [ [ [ -44.783694, -22.185469996 ], [ -44.774673, -22.200950996 ], [ -44.766548, -22.201406996 ], [ -44.761225, -22.221580996 ], [ -44.751453, -22.224445996 ], [ -44.688769, -22.222034996 ], [ -44.67138, -22.238889996 ], [ -44.654753, -22.227550996 ], [ -44.629834, -22.232393996 ], [ -44.606598, -22.225533996 ], [ -44.597633, -22.255222996 ], [ -44.616835, -22.267202996 ], [ -44.602882, -22.273444996 ], [ -44.605527, -22.278405996 ], [ -44.666104, -22.320203996 ], [ -44.656679, -22.369529996 ], [ -44.680340254, -22.374134787 ], [ -44.725447223, -22.358925239 ], [ -44.744696057, -22.375590151 ], [ -44.805415, -22.393754996 ], [ -44.82611, -22.363713996 ], [ -44.859513, -22.364504996 ], [ -44.8667, -22.341191996 ], [ -44.859655, -22.325177996 ], [ -44.863181, -22.310289996 ], [ -44.891535, -22.307686996 ], [ -44.897561, -22.289331996 ], [ -44.882439009, -22.272142602 ], [ -44.886057, -22.253184996 ], [ -44.865446, -22.244932996 ], [ -44.87121, -22.237298996 ], [ -44.853079, -22.210213996 ], [ -44.824104, -22.193233996 ], [ -44.783694, -22.185469996 ] ] ] } },
{ "type": "Feature", "properties": { "CD_MUN": "3133105", "NM_MUN": "Itanhandu", "SIGLA_UF": "MG", "AREA_KM2": 143.363 }, "geometry": { "type": "Polygon", "coordinates": [ [ [ -44.932795872, -22.255849291 ], [ -44.91166, -22.266685996 ], [ -44.909966, -22.258923996 ], [ -44.886337332, -22.263780498 ], [ -44.882439009, -22.272142602 ], [ -44.897561, -22.289331996 ], [ -44.891535, -22.307686996 ], [ -44.863181, -22.310289996 ], [ -44.859655, -22.325177996 ], [ -44.8667, -22.341191996 ], [ -44.859994, -22.363779996 ], [ -44.82611, -22.363713996 ], [ -44.803528674, -22.393695695 ], [ -44.806003626, -22.401856565 ], [ -44.823609, -22.404445996 ], [ -44.8787, -22.377143996 ], [ -44.894414, -22.381193996 ], [ -44.908715, -22.369244996 ], [ -44.908698, -22.359801996 ], [ -44.918172, -22.360672996 ], [ -44.911527, -22.344245996 ], [ -44.915005, -22.325986996 ], [ -44.95681, -22.316299996 ], [ -44.966793, -22.336478996 ], [ -45.015388, -22.339800996 ], [ -45.008983, -22.308945996 ], [ -45.018972, -22.298874996 ], [ -45.014798, -22.275936996 ], [ -44.99539, -22.268891996 ], [ -44.975008, -22.277996996 ], [ -44.957578, -22.258958996 ], [ -44.932795872, -22.255849291 ] ] ] } },
{ "type": "Feature", "properties": { "CD_MUN": "3134509", "NM_MUN": "Itutinga", "SIGLA_UF": "MG", "AREA_KM2": 372.018 }, "geometry": { "type": "Polygon", "coordinates": [ [ [ -44.722904, -21.225769996 ], [ -44.709748, -21.216492996 ], [ -44.690687, -21.217147996 ], [ -44.679689, -21.239460996 ], [ -44.687347, -21.241928996 ], [ -44.655737, -21.282107996 ], [ -44.63764, -21.279073996 ], [ -44.631621, -21.290100996 ], [ -44.59762, -21.308234996 ], [ -44.600849, -21.318091996 ], [ -44.6128, -21.316428996 ], [ -44.617914, -21.329693996 ], [ -44.613632, -21.342494996 ], [ -44.602364, -21.346553996 ], [ -44.601369, -21.363292996 ], [ -44.638734, -21.382614996 ], [ -44.649576, -21.418851996 ], [ -44.638346, -21.449518996 ], [ -44.735884, -21.438573996 ], [ -44.765086, -21.443206996 ], [ -44.771021, -21.464215996 ], [ -44.763265, -21.477808996 ], [ -44.784162, -21.473444996 ], [ -44.785065, -21.464326996 ], [ -44.814737, -21.468724996 ], [ -44.809125, -21.448477996 ], [ -44.819691, -21.424743996 ], [ -44.817789, -21.392854996 ], [ -44.804307, -21.376898996 ], [ -44.773464, -21.364915996 ], [ -44.766306, -21.350665996 ], [ -44.770885, -21.340120996 ], [ -44.75024, -21.307989996 ], [ -44.751498075, -21.283221819 ], [ -44.773194, -21.261143996 ], [ -44.765242, -21.257783996 ], [ -44.7596, -21.234802996 ], [ -44.74388, -21.230608996 ], [ -44.747083, -21.222026996 ], [ -44.737857, -21.203739996 ], [ -44.722904, -21.225769996 ] ] ] } },
{ "type": "Feature", "properties": { "CD_MUN": "3135506", "NM_MUN": "Jequeri", "SIGLA_UF": "MG", "AREA_KM2": 547.897 }, "geometry": { "type": "Polygon", "coordinates": [ [ [ -42.689157, -20.344448996 ], [ -42.646266, -20.348871996 ], [ -42.656097, -20.357302996 ], [ -42.642716, -20.357639996 ], [ -42.639031, -20.374702996 ], [ -42.575443, -20.371855996 ], [ -42.563318, -20.379561996 ], [ -42.53846, -20.356827996 ], [ -42.518613, -20.359785996 ], [ -42.513517, -20.370422996 ], [ -42.531703, -20.409887996 ], [ -42.525634, -20.417243996 ], [ -42.530398, -20.455978996 ], [ -42.506352, -20.468084996 ], [ -42.510444, -20.490497996 ], [ -42.502685, -20.501755996 ], [ -42.513714, -20.518998996 ], [ -42.492916, -20.541289996 ], [ -42.488306, -20.579554996 ], [ -42.509137, -20.577600996 ], [ -42.521253, -20.586072996 ], [ -42.523122, -20.578526996 ], [ -42.533815, -20.579513996 ], [ -42.534745, -20.604047996 ], [ -42.542986, -20.608702996 ], [ -42.553594, -20.595730996 ], [ -42.580002, -20.606084996 ], [ -42.596692, -20.598337996 ], [ -42.608773, -20.605930996 ], [ -42.641625, -20.584894996 ], [ -42.643176, -20.574406996 ], [ -42.632973, -20.562956996 ], [ -42.642159, -20.552284996 ], [ -42.65095, -20.558780996 ], [ -42.679423, -20.531373996 ], [ -42.698842, -20.534916996 ], [ -42.728764, -20.517062996 ], [ -42.747657, -20.525290996 ], [ -42.764474, -20.515117996 ], [ -42.747314, -20.488343996 ], [ -42.754956, -20.473174996 ], [ -42.749929, -20.464995996 ], [ -42.758549, -20.459350996 ], [ -42.744846, -20.444463996 ], [ -42.750655, -20.403247996 ], [ -42.718024, -20.386862996 ], [ -42.693709, -20.362945996 ], [ -42.689157, -20.344448996 ] ] ] } },
{ "type": "Feature", "properties": { "CD_MUN": "3135902", "NM_MUN": "Jesuânia", "SIGLA_UF": "MG", "AREA_KM2": 153.852 }, "geometry": { "type": "Polygon", "coordinates": [ [ [ -45.215668, -21.909746996 ], [ -45.212277, -21.971435995 ], [ -45.200204, -21.972651995 ], [ -45.20045, -21.985427996 ], [ -45.222981, -22.033164996 ], [ -45.260344, -22.042453996 ], [ -45.297511, -22.075022996 ], [ -45.335557, -22.087655996 ], [ -45.341422, -22.105500996 ], [ -45.37034, -22.083872996 ], [ -45.343291, -22.040457996 ], [ -45.311147, -22.023433996 ], [ -45.319679, -22.005314996 ], [ -45.304322, -21.970153996 ], [ -45.278387, -21.961874996 ], [ -45.274502, -21.950070996 ], [ -45.215668, -21.909746996 ] ] ] } },
{ "type": "Feature", "properties": { "CD_MUN": "3136702", "NM_MUN": "Juiz de Fora", "SIGLA_UF": "MG", "AREA_KM2": 1435.749 }, "geometry": { "type": "Polygon", "coordinates": [ [ [ -43.471238, -21.527820995 ], [ -43.439122, -21.524114995 ], [ -43.436539, -21.537399995 ], [ -43.426729, -21.540651995 ], [ -43.414617, -21.532032995 ], [ -43.387801, -21.545700995 ], [ -43.386709, -21.557405995 ], [ -43.376914, -21.557137995 ], [ -43.347797, -21.617578995 ], [ -43.357577, -21.620378995 ], [ -43.355543, -21.636200995 ], [ -43.335246, -21.644419995 ], [ -43.339147, -21.652862995 ], [ -43.319701, -21.664009995 ], [ -43.301557, -21.653701995 ], [ -43.279225, -21.686551995 ], [ -43.258911, -21.681104995 ], [ -43.266117, -21.698235995 ], [ -43.257504, -21.734053995 ], [ -43.263229, -21.746358995 ], [ -43.25785, -21.754214995 ], [ -43.240499, -21.751837995 ], [ -43.24895, -21.769116995 ], [ -43.187587, -21.742863995 ], [ -43.169198, -21.761630995 ], [ -43.177124, -21.793518995 ], [ -43.146932, -21.812469995 ], [ -43.188784, -21.854569996 ], [ -43.208998, -21.841228995 ], [ -43.224202, -21.846006995 ], [ -43.23698, -21.861753995 ], [ -43.248553, -21.848974995 ], [ -43.242674, -21.834208995 ], [ -43.251359, -21.828315995 ], [ -43.273552, -21.838840995 ], [ -43.281195, -21.822517995 ], [ -43.299806, -21.819065995 ], [ -43.308721, -21.825597995 ], [ -43.341005104, -21.810726403 ], [ -43.366822, -21.822279995 ], [ -43.36622, -21.828110995 ], [ -43.37569, -21.825934995 ], [ -43.374825, -21.833440995 ], [ -43.382944, -21.833139995 ], [ -43.390709, -21.845719995 ], [ -43.393826, -21.858482995 ], [ -43.384695, -21.864488995 ], [ -43.37457, -21.895959995 ], [ -43.404925, -21.877129995 ], [ -43.418058, -21.893931995 ], [ -43.427331, -21.882002995 ], [ -43.416694, -21.876718995 ], [ -43.416714, -21.854259995 ], [ -43.443246, -21.859076995 ], [ -43.441436029, -21.877077454 ], [ -43.460382785, -21.874338573 ], [ -43.456955, -21.887992995 ], [ -43.466167, -21.883481995 ], [ -43.474484, -21.891358995 ], [ -43.477669767, -21.880615458 ], [ -43.497808, -21.880705995 ], [ -43.491120726, -21.887778199 ], [ -43.495432247, -21.904924501 ], [ -43.487961, -21.906019995 ], [ -43.496114, -21.915200995 ], [ -43.491246, -21.937810995 ], [ -43.585127, -21.998924996 ], [ -43.59546, -21.978275995 ], [ -43.57639, -21.963762995 ], [ -43.578526, -21.953694995 ], [ -43.608424, -21.905394995 ], [ -43.641471, -21.910821995 ], [ -43.653267, -21.901476995 ], [ -43.637168, -21.884677995 ], [ -43.643088, -21.869967995 ], [ -43.657416, -21.866082995 ], [ -43.665456, -21.853244995 ], [ -43.62953, -21.815360995 ], [ -43.634702, -21.796785995 ], [ -43.651839, -21.789596995 ], [ -43.654834, -21.767077995 ], [ -43.666858, -21.754324995 ], [ -43.668994, -21.736526995 ], [ -43.660237, -21.733281995 ], [ -43.660114, -21.723077995 ], [ -43.679487, -21.714209995 ], [ -43.682889, -21.693198995 ], [ -43.67004, -21.670081995 ], [ -43.685245, -21.661279995 ], [ -43.684209, -21.626726995 ], [ -43.656781, -21.597090995 ], [ -43.63589, -21.612599995 ], [ -43.62102, -21.614099995 ], [ -43.610794, -21.640332995 ], [ -43.600083, -21.631433995 ], [ -43.597329, -21.614663995 ], [ -43.541733, -21.620636995 ], [ -43.527286, -21.591715995 ], [ -43.513739, -21.585806995 ], [ -43.51118, -21.560151995 ], [ -43.489695, -21.549065995 ], [ -43.495973, -21.532355995 ], [ -43.475802, -21.542628995 ], [ -43.471238, -21.527820995 ] ] ] } },
{ "type": "Feature", "properties": { "CD_MUN": "3137700", "NM_MUN": "Lajinha", "SIGLA_UF": "MG", "AREA_KM2": 431.92 }, "geometry": { "type": "Polygon", "coordinates": [ [ [ -41.560166, -20.033438996 ], [ -41.53633, -20.059862996 ], [ -41.519733, -20.051845996 ], [ -41.50357, -20.057356996 ], [ -41.50241, -20.108688996 ], [ -41.490623, -20.119680996 ], [ -41.469415, -20.110529996 ], [ -41.453273, -20.121548996 ], [ -41.428222, -20.165004996 ], [ -41.437355, -20.191793996 ], [ -41.411140354, -20.207369559 ], [ -41.756753686, -20.206865963 ], [ -41.747554, -20.194085996 ], [ -41.736336, -20.192408996 ], [ -41.745166, -20.131732996 ], [ -41.725868, -20.101381996 ], [ -41.662558, -20.097041996 ], [ -41.629209, -20.070131996 ], [ -41.62106, -20.075619996 ], [ -41.586467, -20.056913996 ], [ -41.580148, -20.068933996 ], [ -41.560166, -20.033438996 ] ] ] } },
{ "type": "Feature", "properties": { "CD_MUN": "3137809", "NM_MUN": "Lambari", "SIGLA_UF": "MG", "AREA_KM2": 213.11 }, "geometry": { "type": "Polygon", "coordinates": [ [ [ -45.270864, -21.908893996 ], [ -45.262446, -21.933825996 ], [ -45.276336, -21.960214996 ], [ -45.302843, -21.969007996 ], [ -45.306336, -21.984445996 ], [ -45.317369, -21.987581996 ], [ -45.31953, -22.015578996 ], [ -45.311147, -22.023433996 ], [ -45.343291, -22.040457996 ], [ -45.364202, -22.074227996 ], [ -45.458598, -22.081927996 ], [ -45.452882, -22.042659996 ], [ -45.468188, -22.023747996 ], [ -45.484946, -22.018321996 ], [ -45.490114, -22.007985996 ], [ -45.482197, -21.992817996 ], [ -45.433358, -21.976795996 ], [ -45.414831, -21.963035996 ], [ -45.39512, -21.962789996 ], [ -45.348358, -21.944254996 ], [ -45.306783, -21.916428996 ], [ -45.299235, -21.921486996 ], [ -45.270864, -21.908893996 ] ] ] } },
{ "type": "Feature", "properties": { "CD_MUN": "3138005", "NM_MUN": "Laranjal", "SIGLA_UF": "MG", "AREA_KM2": 204.882 }, "geometry": { "type": "Polygon", "coordinates": [ [ [ -42.425871, -21.256223996 ], [ -42.398103, -21.290562996 ], [ -42.414353, -21.327129996 ], [ -42.432274, -21.332431996 ], [ -42.423807, -21.348654996 ], [ -42.383576, -21.378237996 ], [ -42.390471, -21.391603996 ], [ -42.376627, -21.421338996 ], [ -42.392548, -21.450616996 ], [ -42.398557, -21.444070996 ], [ -42.430876, -21.447703996 ], [ -42.444913, -21.434282996 ], [ -42.454404, -21.438131995 ], [ -42.457853, -21.424549995 ], [ -42.471038, -21.415239995 ], [ -42.476545, -21.420061995 ], [ -42.479557, -21.400024995 ], [ -42.498604, -21.383795995 ], [ -42.523464, -21.400317996 ], [ -42.519024, -21.386247996 ], [ -42.531905, -21.382995996 ], [ -42.536104, -21.372650996 ], [ -42.529173, -21.336716996 ], [ -42.510103, -21.328736996 ], [ -42.48451, -21.287231996 ], [ -42.452587, -21.268588996 ], [ -42.44683, -21.255050996 ], [ -42.425871, -21.256223996 ] ] ] } },
{ "type": "Feature", "properties": { "CD_MUN": "3138401", "NM_MUN": "Leopoldina", "SIGLA_UF": "MG", "AREA_KM2": 943.077 }, "geometry": { "type": "Polygon", "coordinates": [ [ [ -42.49953, -21.383698995 ], [ -42.479557, -21.400024995 ], [ -42.476545, -21.420061995 ], [ -42.471038, -21.415239995 ], [ -42.457853, -21.424549995 ], [ -42.452752, -21.439651995 ], [ -42.473016, -21.439513995 ], [ -42.480853, -21.447740995 ], [ -42.468496, -21.460230995 ], [ -42.47395, -21.472104995 ], [ -42.487741, -21.472002995 ], [ -42.527769, -21.512713995 ], [ -42.553529, -21.517938995 ], [ -42.558006, -21.533307995 ], [ -42.54336, -21.544095995 ], [ -42.532341, -21.539958995 ], [ -42.514226, -21.561097995 ], [ -42.490911, -21.557107995 ], [ -42.477217, -21.577014995 ], [ -42.428444, -21.584716995 ], [ -42.42317, -21.599884995 ], [ -42.410567, -21.601500995 ], [ -42.42281, -21.616200995 ], [ -42.418911, -21.633141995 ], [ -42.440421, -21.647508995 ], [ -42.449702, -21.633621995 ], [ -42.470419, -21.657035995 ], [ -42.477562, -21.650137995 ], [ -42.501594, -21.659766995 ], [ -42.537965, -21.651094995 ], [ -42.542421, -21.667555995 ], [ -42.559096, -21.680801995 ], [ -42.584064, -21.680868995 ], [ -42.61042, -21.705472995 ], [ -42.622688, -21.702087996 ], [ -42.617895, -21.691800995 ], [ -42.630253, -21.695138995 ], [ -42.64773, -21.686518995 ], [ -42.647774, -21.693777995 ], [ -42.676957, -21.692396995 ], [ -42.677672, -21.684986995 ], [ -42.70015, -21.685662995 ], [ -42.726747, -21.667706995 ], [ -42.730117, -21.653844995 ], [ -42.746162, -21.651021996 ], [ -42.749931, -21.621387995 ], [ -42.779823, -21.591522995 ], [ -42.79117, -21.590016995 ], [ -42.830959, -21.543833995 ], [ -42.865693, -21.584582995 ], [ -42.847659, -21.528546995 ], [ -42.862333, -21.516978995 ], [ -42.860254, -21.509255995 ], [ -42.892595, -21.529386995 ], [ -42.895561, -21.518605995 ], [ -42.909713, -21.515857996 ], [ -42.883375, -21.490053995 ], [ -42.889285, -21.486630995 ], [ -42.883666, -21.481172995 ], [ -42.845201, -21.477276995 ], [ -42.843468, -21.463226995 ], [ -42.82498, -21.473004995 ], [ -42.811597, -21.454975995 ], [ -42.804583, -21.458723995 ], [ -42.799539, -21.448997995 ], [ -42.809493, -21.445616995 ], [ -42.813725, -21.438862995 ], [ -42.799187, -21.424422996 ], [ -42.800314, -21.442586995 ], [ -42.78827, -21.447451995 ], [ -42.781997, -21.460759995 ], [ -42.75691, -21.439122995 ], [ -42.720665, -21.426666995 ], [ -42.688798, -21.447429995 ], [ -42.67812, -21.446969995 ], [ -42.662123322, -21.4305811 ], [ -42.657929826, -21.436006743 ], [ -42.654693509, -21.426737008 ], [ -42.638038038, -21.443022615 ], [ -42.625427962, -21.420010093 ], [ -42.632848373, -21.413063571 ], [ -42.612239, -21.410936995 ], [ -42.588173, -21.423804995 ], [ -42.593869, -21.434832995 ], [ -42.582477173, -21.452682959 ], [ -42.564203, -21.444636995 ], [ -42.561503, -21.433838995 ], [ -42.534148, -21.438282995 ], [ -42.525957, -21.428427995 ], [ -42.52632, -21.403277995 ], [ -42.49953, -21.383698995 ] ] ] } },
{ "type": "Feature", "properties": { "CD_MUN": "3138500", "NM_MUN": "Liberdade", "SIGLA_UF": "MG", "AREA_KM2": 401.337 }, "geometry": { "type": "Polygon", "coordinates": [ [ [ -44.365256, -21.861459996 ], [ -44.326607, -21.869920996 ], [ -44.31868, -21.924861996 ], [ -44.283033, -21.929952996 ], [ -44.280145, -21.947326996 ], [ -44.266485, -21.959338996 ], [ -44.266737, -21.973940996 ], [ -44.236638, -21.979872996 ], [ -44.239078, -22.020183996 ], [ -44.228009, -22.041276996 ], [ -44.231541, -22.084631995 ], [ -44.250352, -22.084524995 ], [ -44.259447, -22.104335995 ], [ -44.281961, -22.117040995 ], [ -44.291689, -22.111697995 ], [ -44.300586, -22.117766995 ], [ -44.311944, -22.135055995 ], [ -44.310666, -22.149607995 ], [ -44.319375, -22.155500996 ], [ -44.331317, -22.117160996 ], [ -44.34207, -22.108835996 ], [ -44.354074, -22.106320996 ], [ -44.369313, -22.116700996 ], [ -44.380084, -22.107039996 ], [ -44.429741, -22.115609996 ], [ -44.434904, -22.104606996 ], [ -44.427444, -22.098126996 ], [ -44.437021, -22.067366996 ], [ -44.418929, -22.048992996 ], [ -44.429239, -22.033537996 ], [ -44.415666, -22.015848996 ], [ -44.406271, -22.014740996 ], [ -44.408937, -21.973872996 ], [ -44.383657, -21.958727996 ], [ -44.379149, -21.941694996 ], [ -44.384842, -21.933525995 ], [ -44.381392, -21.912285995 ], [ -44.39856, -21.866399996 ], [ -44.383227, -21.873909996 ], [ -44.365256, -21.861459996 ] ] ] } },
{ "type": "Feature", "properties": { "CD_MUN": "3138609", "NM_MUN": "Lima Duarte", "SIGLA_UF": "MG", "AREA_KM2": 848.564 }, "geometry": { "type": "Polygon", "coordinates": [ [ [ -43.957101, -21.635052996 ], [ -43.886543, -21.683900996 ], [ -43.873016, -21.678840996 ], [ -43.872375, -21.710147996 ], [ -43.828168, -21.720343996 ], [ -43.786638, -21.712693996 ], [ -43.778779, -21.733332996 ], [ -43.749658, -21.755460996 ], [ -43.755925, -21.781698996 ], [ -43.731793, -21.781334996 ], [ -43.71473, -21.804720996 ], [ -43.700821, -21.791409996 ], [ -43.709672, -21.775794996 ], [ -43.697039, -21.778196996 ], [ -43.69406, -21.759114996 ], [ -43.67543, -21.747343996 ], [ -43.665448, -21.750150995 ], [ -43.651839, -21.789596995 ], [ -43.634702, -21.796785995 ], [ -43.629965, -21.818558995 ], [ -43.640157, -21.820374995 ], [ -43.640725, -21.829462995 ], [ -43.665487, -21.853403996 ], [ -43.68663, -21.833332996 ], [ -43.716105, -21.858422996 ], [ -43.728241, -21.862566996 ], [ -43.742349, -21.854947996 ], [ -43.765678, -21.864302996 ], [ -43.778071, -21.873598996 ], [ -43.775918, -21.893742996 ], [ -43.764961, -21.908327996 ], [ -43.780791, -21.936851996 ], [ -43.814689, -21.957257996 ], [ -43.859875, -21.964861996 ], [ -43.867643, -21.962315996 ], [ -43.87188, -21.946734996 ], [ -43.865019, -21.928354996 ], [ -43.887783, -21.918827996 ], [ -43.893908, -21.899997996 ], [ -43.915503, -21.889501996 ], [ -43.905853, -21.876377996 ], [ -43.929708, -21.864183996 ], [ -43.921844, -21.855510996 ], [ -43.929844, -21.844662996 ], [ -43.953633, -21.856256996 ], [ -43.980272, -21.849722996 ], [ -43.982914, -21.863620996 ], [ -44.024523, -21.854856996 ], [ -44.053391, -21.865409996 ], [ -44.077328, -21.886462996 ], [ -44.086911, -21.885192996 ], [ -44.098665, -21.877011996 ], [ -44.098586, -21.857083996 ], [ -44.084718, -21.831435996 ], [ -44.095169, -21.830892996 ], [ -44.101381, -21.820455996 ], [ -44.093688, -21.815941996 ], [ -44.099764, -21.802987996 ], [ -44.09206, -21.803012996 ], [ -44.08919, -21.792152996 ], [ -44.076442, -21.796602996 ], [ -44.074988, -21.783776996 ], [ -44.083686, -21.775029996 ], [ -44.068306, -21.749942996 ], [ -44.078301, -21.734508996 ], [ -44.053776, -21.713246996 ], [ -44.024354, -21.714148996 ], [ -43.987796, -21.697053996 ], [ -43.995901, -21.679768996 ], [ -44.01679, -21.676670996 ], [ -44.015495, -21.664083996 ], [ -44.002057, -21.657701996 ], [ -43.980267, -21.668454996 ], [ -43.970234, -21.654211996 ], [ -43.948081, -21.651556996 ], [ -43.957101, -21.635052996 ] ] ] } },
{ "type": "Feature", "properties": { "CD_MUN": "3138674", "NM_MUN": "Luisburgo", "SIGLA_UF": "MG", "AREA_KM2": 145.418 }, "geometry": { "type": "Polygon", "coordinates": [ [ [ -42.088726, -20.360429996 ], [ -42.042543, -20.378393996 ], [ -42.030673, -20.393718996 ], [ -42.032398, -20.402575996 ], [ -42.012067, -20.408102996 ], [ -42.005951, -20.441158996 ], [ -42.018846, -20.452187996 ], [ -42.024557, -20.474454996 ], [ -42.062895, -20.482342996 ], [ -42.054234, -20.492794996 ], [ -42.06876, -20.509526996 ], [ -42.08967, -20.507462996 ], [ -42.091619, -20.492574996 ], [ -42.134503, -20.493618996 ], [ -42.136357, -20.481699996 ], [ -42.11635, -20.388392996 ], [ -42.101015, -20.367619996 ], [ -42.088726, -20.360429996 ] ] ] } },
{ "type": "Feature", "properties": { "CD_MUN": "3138708", "NM_MUN": "Luminárias", "SIGLA_UF": "MG", "AREA_KM2": 500.143 }, "geometry": { "type": "Polygon", "coordinates": [ [ [ -45.060937, -21.408679996 ], [ -45.010803, -21.434555996 ], [ -45.009013, -21.445882996 ], [ -44.991386, -21.461978996 ], [ -44.950323, -21.434286996 ], [ -44.946711, -21.450393996 ], [ -44.95375, -21.462081996 ], [ -44.945732, -21.470588996 ], [ -44.925498, -21.463450996 ], [ -44.892436, -21.471935996 ], [ -44.877627, -21.454636996 ], [ -44.862863, -21.479110996 ], [ -44.870453, -21.498130996 ], [ -44.841097, -21.506325996 ], [ -44.820643, -21.521653996 ], [ -44.818189, -21.488609996 ], [ -44.806765, -21.479249996 ], [ -44.813344, -21.469063996 ], [ -44.784573, -21.464451996 ], [ -44.784162, -21.473444996 ], [ -44.752083, -21.482134996 ], [ -44.747427, -21.508619996 ], [ -44.739935, -21.512764996 ], [ -44.742217, -21.531610996 ], [ -44.767394, -21.551639996 ], [ -44.801341, -21.552890996 ], [ -44.800211, -21.563092996 ], [ -44.783858, -21.570554996 ], [ -44.77933, -21.592207996 ], [ -44.795452, -21.597596996 ], [ -44.811324, -21.586494996 ], [ -44.817496, -21.595723996 ], [ -44.825719, -21.590107996 ], [ -44.831361, -21.598740996 ], [ -44.871034, -21.605510996 ], [ -44.878114, -21.627740996 ], [ -44.893718, -21.637902996 ], [ -44.911133, -21.642067996 ], [ -44.965139, -21.629383996 ], [ -45.036869, -21.631919996 ], [ -45.02755, -21.600493996 ], [ -45.054362, -21.557426996 ], [ -45.050959, -21.547115996 ], [ -45.065918, -21.506530996 ], [ -45.062413, -21.498896996 ], [ -45.050287, -21.500824996 ], [ -45.054158, -21.479143996 ], [ -45.044432, -21.477375996 ], [ -45.050031, -21.466648996 ], [ -45.038354, -21.441456996 ], [ -45.046163, -21.418592996 ], [ -45.060937, -21.408679996 ] ] ] } },
{ "type": "Feature", "properties": { "CD_MUN": "3139102", "NM_MUN": "Madre de Deus de Minas", "SIGLA_UF": "MG", "AREA_KM2": 492.909 }, "geometry": { "type": "Polygon", "coordinates": [ [ [ -44.259157, -21.370998996 ], [ -44.208617, -21.376876996 ], [ -44.19813, -21.386594996 ], [ -44.20779, -21.434704996 ], [ -44.275174, -21.449874996 ], [ -44.272442, -21.471068996 ], [ -44.2824, -21.479012996 ], [ -44.267875, -21.495359996 ], [ -44.261749, -21.482451996 ], [ -44.255586, -21.502072996 ], [ -44.245846, -21.501434996 ], [ -44.252326, -21.486530996 ], [ -44.235744, -21.483548996 ], [ -44.240617, -21.489431996 ], [ -44.225705, -21.531351996 ], [ -44.227813, -21.544367996 ], [ -44.21324, -21.551113996 ], [ -44.22183, -21.571291996 ], [ -44.215067, -21.581346996 ], [ -44.239724, -21.612418996 ], [ -44.267181, -21.595169996 ], [ -44.26394, -21.582899996 ], [ -44.27039, -21.576731996 ], [ -44.329256, -21.597366996 ], [ -44.346827, -21.589332996 ], [ -44.370278, -21.597331996 ], [ -44.381426, -21.592602996 ], [ -44.388912, -21.575934996 ], [ -44.411992, -21.567286996 ], [ -44.411625, -21.557188996 ], [ -44.42664, -21.554430996 ], [ -44.424209, -21.531226996 ], [ -44.441167, -21.528039996 ], [ -44.442077, -21.517909996 ], [ -44.46157, -21.516344996 ], [ -44.438408, -21.506373996 ], [ -44.460446, -21.489754996 ], [ -44.45488, -21.470297996 ], [ -44.466521, -21.457082996 ], [ -44.446851, -21.438857996 ], [ -44.470871, -21.432946996 ], [ -44.481241, -21.407122996 ], [ -44.443694, -21.396674996 ], [ -44.433982, -21.412675996 ], [ -44.42315, -21.408365996 ], [ -44.415868, -21.414688996 ], [ -44.395617, -21.406082996 ], [ -44.385441, -21.413827996 ], [ -44.379201, -21.405798996 ], [ -44.364171, -21.408463996 ], [ -44.334703, -21.387253996 ], [ -44.259157, -21.370998996 ] ] ] } },
{ "type": "Feature", "properties": { "CD_MUN": "3139409", "NM_MUN": "Manhuaçu", "SIGLA_UF": "MG", "AREA_KM2": 628.318 }, "geometry": { "type": "Polygon", "coordinates": [ [ [ -42.163221, -19.989849996 ], [ -42.14176, -20.015720996 ], [ -42.12537, -20.019206996 ], [ -42.122032, -20.038975996 ], [ -42.110122, -20.036872996 ], [ -42.104097, -20.055035996 ], [ -42.082152, -20.073865996 ], [ -42.072588, -20.116370996 ], [ -42.082767, -20.148659996 ], [ -42.072755, -20.166845996 ], [ -42.047981, -20.167541996 ], [ -42.027002, -20.149162996 ], [ -42.004084, -20.171605996 ], [ -41.998043, -20.151561996 ], [ -41.971864, -20.147880996 ], [ -41.970362, -20.155091996 ], [ -41.954342, -20.159244996 ], [ -41.965904, -20.167343996 ], [ -41.95748, -20.181122996 ], [ -41.970567, -20.185309996 ], [ -41.968469, -20.210257996 ], [ -41.992827, -20.216575996 ], [ -42.001369, -20.229699996 ], [ -42.000269, -20.309564996 ], [ -42.007136, -20.317723996 ], [ -42.000812, -20.324714996 ], [ -42.008216, -20.338657996 ], [ -42.025456, -20.343197996 ], [ -42.029928, -20.366092996 ], [ -42.039774, -20.375954996 ], [ -42.084395, -20.365857996 ], [ -42.101446, -20.351892996 ], [ -42.122318, -20.351610996 ], [ -42.123391, -20.339451996 ], [ -42.109523, -20.316013996 ], [ -42.116654, -20.303746996 ], [ -42.14442, -20.291849996 ], [ -42.189095, -20.287736996 ], [ -42.200174, -20.293477996 ], [ -42.212157, -20.286001996 ], [ -42.206214, -20.256734996 ], [ -42.217604, -20.240019996 ], [ -42.20108, -20.236467996 ], [ -42.193507, -20.196835996 ], [ -42.204721, -20.187133996 ], [ -42.200104, -20.175911996 ], [ -42.212823, -20.168950996 ], [ -42.207354, -20.150229996 ], [ -42.196464, -20.147387996 ], [ -42.209582, -20.131777996 ], [ -42.211761, -20.115658996 ], [ -42.195687, -20.033297996 ], [ -42.203374, -20.021845996 ], [ -42.196571, -20.002470996 ], [ -42.163221, -19.989849996 ] ] ] } },
{ "type": "Feature", "properties": { "CD_MUN": "3139508", "NM_MUN": "Manhumirim", "SIGLA_UF": "MG", "AREA_KM2": 182.9 }, "geometry": { "type": "Polygon", "coordinates": [ [ [ -41.954226, -20.293981996 ], [ -41.920465, -20.292162996 ], [ -41.923243, -20.308608996 ], [ -41.912772, -20.303657996 ], [ -41.91147, -20.312962996 ], [ -41.868621, -20.305074996 ], [ -41.859895, -20.295551996 ], [ -41.822111219, -20.310924768 ], [ -41.836477906, -20.330379334 ], [ -41.847498297, -20.32800618 ], [ -41.844398833, -20.340931248 ], [ -41.85946443, -20.372928097 ], [ -41.875304, -20.370873996 ], [ -41.895964, -20.386057996 ], [ -41.920262, -20.384637996 ], [ -41.929063, -20.396088996 ], [ -41.947955, -20.385321996 ], [ -41.964413, -20.406911996 ], [ -41.971037, -20.396763996 ], [ -41.992734, -20.397893996 ], [ -42.007458, -20.410521996 ], [ -42.032398, -20.402575996 ], [ -42.030673, -20.393718996 ], [ -42.045688, -20.376840996 ], [ -42.032447, -20.370873996 ], [ -42.025456, -20.343197996 ], [ -42.008216, -20.338657996 ], [ -42.000775, -20.324439996 ], [ -42.007136, -20.317723996 ], [ -41.99175, -20.306186996 ], [ -41.991954, -20.297769996 ], [ -41.956417, -20.301068996 ], [ -41.954226, -20.293981996 ] ] ] } },
{ "type": "Feature", "properties": { "CD_MUN": "3139805", "NM_MUN": "Mar de Espanha", "SIGLA_UF": "MG", "AREA_KM2": 371.6 }, "geometry": { "type": "Polygon", "coordinates": [ [ [ -42.960052, -21.743338996 ], [ -42.949054, -21.747355996 ], [ -42.944224, -21.769298996 ], [ -42.955064, -21.787664996 ], [ -42.951525, -21.800797996 ], [ -42.963234, -21.805246996 ], [ -42.967272, -21.823950996 ], [ -42.959511, -21.832672996 ], [ -42.894445, -21.812404996 ], [ -42.894247, -21.827373996 ], [ -42.881529, -21.831719996 ], [ -42.887557, -21.840529996 ], [ -42.883189, -21.865213996 ], [ -42.92247, -21.888599996 ], [ -42.923004, -21.898350996 ], [ -42.953551, -21.921733996 ], [ -42.96766, -21.943512996 ], [ -43.010585, -21.939867996 ], [ -43.028012, -21.976190996 ], [ -43.032084, -21.954770996 ], [ -43.039763, -21.951130996 ], [ -43.056571, -21.957951996 ], [ -43.075998, -21.990206996 ], [ -43.084155, -21.985746996 ], [ -43.087435, -21.995922996 ], [ -43.117563, -21.994932996 ], [ -43.118681, -21.976166996 ], [ -43.13187, -21.964407996 ], [ -43.113827, -21.964711996 ], [ -43.117112, -21.952713996 ], [ -43.109308, -21.951187996 ], [ -43.117803, -21.934752996 ], [ -43.107073, -21.929426996 ], [ -43.116897, -21.922245996 ], [ -43.130217, -21.928465996 ], [ -43.153185, -21.922344996 ], [ -43.13726, -21.908544996 ], [ -43.14062, -21.895131996 ], [ -43.124297, -21.857560996 ], [ -43.091808, -21.846443996 ], [ -43.074746, -21.826600996 ], [ -43.042596, -21.826961995 ], [ -43.029943, -21.813562995 ], [ -43.028995, -21.790819995 ], [ -42.969096, -21.754593995 ], [ -42.96399, -21.731859995 ], [ -42.960052, -21.743338996 ] ] ] } },
{ "type": "Feature", "properties": { "CD_MUN": "3139904", "NM_MUN": "Maria da Fé", "SIGLA_UF": "MG", "AREA_KM2": 202.898 }, "geometry": { "type": "Polygon", "coordinates": [ [ [ -45.321826, -22.256887996 ], [ -45.331617, -22.277827996 ], [ -45.323258, -22.301356996 ], [ -45.296222, -22.299195996 ], [ -45.279439948, -22.311429008 ], [ -45.255907, -22.305087996 ], [ -45.25281, -22.287498996 ], [ -45.236545, -22.285929996 ], [ -45.21894, -22.268777996 ], [ -45.178789, -22.284269996 ], [ -45.152591, -22.314484996 ], [ -45.174278, -22.318097996 ], [ -45.198807, -22.307300996 ], [ -45.215676, -22.335581996 ], [ -45.205607, -22.352562996 ], [ -45.24227, -22.378431996 ], [ -45.261028905, -22.376405639 ], [ -45.268731, -22.351226996 ], [ -45.288375, -22.355600996 ], [ -45.306708, -22.346283996 ], [ -45.332485, -22.347013996 ], [ -45.339993, -22.339255996 ], [ -45.36963, -22.358126996 ], [ -45.381104, -22.355807996 ], [ -45.390884, -22.373877996 ], [ -45.408229, -22.365068996 ], [ -45.420407, -22.378475996 ], [ -45.449237, -22.375799996 ], [ -45.443153, -22.363745996 ], [ -45.449293, -22.325433996 ], [ -45.415749, -22.317505996 ], [ -45.403341, -22.287681996 ], [ -45.390252, -22.291999996 ], [ -45.375647, -22.269550996 ], [ -45.355861, -22.276534996 ], [ -45.35006, -22.264628996 ], [ -45.340451, -22.267656996 ], [ -45.321826, -22.256887996 ] ] ] } },
{ "type": "Feature", "properties": { "CD_MUN": "3140209", "NM_MUN": "Maripá de Minas", "SIGLA_UF": "MG", "AREA_KM2": 77.338 }, "geometry": { "type": "Polygon", "coordinates": [ [ [ -42.981306, -21.649832996 ], [ -42.957909, -21.669945996 ], [ -42.938096, -21.655030996 ], [ -42.915215, -21.660240996 ], [ -42.919369, -21.672590996 ], [ -42.899337, -21.692772996 ], [ -42.898097, -21.718346996 ], [ -42.906776, -21.728130996 ], [ -42.935529, -21.731964996 ], [ -42.937105, -21.741738996 ], [ -42.951892, -21.742581996 ], [ -42.959107, -21.739287996 ], [ -42.954879, -21.717615995 ], [ -42.962993, -21.708762995 ], [ -42.984965, -21.705918995 ], [ -42.991077, -21.718467995 ], [ -43.002846, -21.710321995 ], [ -43.013765, -21.715423995 ], [ -43.029109, -21.675736996 ], [ -42.996701, -21.673347996 ], [ -42.997206, -21.664002996 ], [ -42.981306, -21.649832996 ] ] ] } },
{ "type": "Feature", "properties": { "CD_MUN": "3140407", "NM_MUN": "Marmelópolis", "SIGLA_UF": "MG", "AREA_KM2": 107.902 }, "geometry": { "type": "Polygon", "coordinates": [ [ [ -45.170407, -22.400505996 ], [ -45.159855, -22.433549996 ], [ -45.149142, -22.434039996 ], [ -45.142681, -22.420855996 ], [ -45.136812, -22.450022996 ], [ -45.108824, -22.449318996 ], [ -45.098186, -22.459397996 ], [ -45.10282604, -22.489908347 ], [ -45.150323283, -22.507355433 ], [ -45.166761244, -22.530711739 ], [ -45.175804, -22.524334996 ], [ -45.179033, -22.506986996 ], [ -45.193118, -22.497730996 ], [ -45.197793, -22.480092996 ], [ -45.221787, -22.483631996 ], [ -45.24638, -22.473288996 ], [ -45.239825, -22.443630996 ], [ -45.170407, -22.400505996 ] ] ] } },
{ "type": "Feature", "properties": { "CD_MUN": "3140530", "NM_MUN": "Martins Soares", "SIGLA_UF": "MG", "AREA_KM2": 113.268 }, "geometry": { "type": "Polygon", "coordinates": [ [ [ -41.868816, -20.205532996 ], [ -41.847808, -20.200259996 ], [ -41.847531, -20.205697996 ], [ -41.815705, -20.209188996 ], [ -41.820281, -20.234104996 ], [ -41.81004, -20.241845996 ], [ -41.788199, -20.241200996 ], [ -41.775502, -20.253990996 ], [ -41.782140381, -20.294475847 ], [ -41.815725571, -20.310819141 ], [ -41.850708, -20.296157996 ], [ -41.887655, -20.305273996 ], [ -41.903094, -20.272407996 ], [ -41.893034, -20.251632996 ], [ -41.897604, -20.227614996 ], [ -41.873074, -20.197994996 ], [ -41.868816, -20.205532996 ] ] ] } },
{ "type": "Feature", "properties": { "CD_MUN": "3140803", "NM_MUN": "Matias Barbosa", "SIGLA_UF": "MG", "AREA_KM2": 157.066 }, "geometry": { "type": "Polygon", "coordinates": [ [ [ -43.341005104, -21.810726403 ], [ -43.308437, -21.825644995 ], [ -43.299806, -21.819065995 ], [ -43.281195, -21.822517995 ], [ -43.273552, -21.838840995 ], [ -43.252112, -21.828266995 ], [ -43.242882, -21.834034995 ], [ -43.248553, -21.848974995 ], [ -43.227205, -21.873530995 ], [ -43.221524, -21.890336995 ], [ -43.227108, -21.897453995 ], [ -43.213827, -21.894008995 ], [ -43.216278, -21.906174995 ], [ -43.230068, -21.910029995 ], [ -43.241957, -21.928635995 ], [ -43.255309, -21.930305995 ], [ -43.266412, -21.923445995 ], [ -43.262465, -21.911053995 ], [ -43.270631, -21.900130995 ], [ -43.281934, -21.908813995 ], [ -43.303552, -21.909032995 ], [ -43.313667, -21.919679995 ], [ -43.334024, -21.911417995 ], [ -43.373089, -21.918249995 ], [ -43.365663, -21.912002995 ], [ -43.382792, -21.909587995 ], [ -43.374196, -21.889254995 ], [ -43.393826, -21.858482995 ], [ -43.390709, -21.845719995 ], [ -43.382944, -21.833139995 ], [ -43.374825, -21.833440995 ], [ -43.37569, -21.825934995 ], [ -43.36622, -21.828110995 ], [ -43.366822, -21.822279995 ], [ -43.341005104, -21.810726403 ] ] ] } },
{ "type": "Feature", "properties": { "CD_MUN": "3140902", "NM_MUN": "Matipó", "SIGLA_UF": "MG", "AREA_KM2": 266.99 }, "geometry": { "type": "Polygon", "coordinates": [ [ [ -42.314775, -20.202917996 ], [ -42.306846, -20.210326996 ], [ -42.314298, -20.219442996 ], [ -42.306618, -20.225186996 ], [ -42.291587, -20.222949996 ], [ -42.286236, -20.212451996 ], [ -42.276639, -20.214549996 ], [ -42.275996, -20.224912996 ], [ -42.252138, -20.247682996 ], [ -42.250661, -20.273759996 ], [ -42.196294, -20.293856996 ], [ -42.199088, -20.306590996 ], [ -42.206338, -20.324052996 ], [ -42.224012, -20.334718996 ], [ -42.237684, -20.332630996 ], [ -42.241301, -20.342996996 ], [ -42.254583, -20.336434996 ], [ -42.280143, -20.344138996 ], [ -42.274869, -20.354269996 ], [ -42.285353, -20.376059996 ], [ -42.304308, -20.381651996 ], [ -42.321662, -20.370040996 ], [ -42.328963, -20.379409996 ], [ -42.345513, -20.380222996 ], [ -42.346406, -20.396958996 ], [ -42.364565, -20.404684996 ], [ -42.390759, -20.388280996 ], [ -42.386994, -20.379129996 ], [ -42.397871, -20.377553996 ], [ -42.394245, -20.359713996 ], [ -42.415334, -20.349836996 ], [ -42.412404, -20.320842996 ], [ -42.39085, -20.280564996 ], [ -42.36788, -20.281454996 ], [ -42.375238, -20.273646996 ], [ -42.361561, -20.260925996 ], [ -42.36358, -20.247601996 ], [ -42.321693, -20.234065996 ], [ -42.327752, -20.218422996 ], [ -42.314775, -20.202917996 ] ] ] } },
{ "type": "Feature", "properties": { "CD_MUN": "3141603", "NM_MUN": "Mercês", "SIGLA_UF": "MG", "AREA_KM2": 348.271 }, "geometry": { "type": "Polygon", "coordinates": [ [ [ -43.270761, -21.060969996 ], [ -43.257254, -21.082572996 ], [ -43.239647, -21.087661996 ], [ -43.255198, -21.102563996 ], [ -43.248772, -21.118895996 ], [ -43.259898, -21.140719996 ], [ -43.248509, -21.148983996 ], [ -43.275384, -21.185029996 ], [ -43.275231, -21.192285996 ], [ -43.249609, -21.201343996 ], [ -43.244784, -21.210714996 ], [ -43.25212, -21.242594996 ], [ -43.271151, -21.252473996 ], [ -43.262055, -21.271102996 ], [ -43.27029, -21.281782996 ], [ -43.286548, -21.280034996 ], [ -43.304179, -21.293923996 ], [ -43.324203, -21.296496996 ], [ -43.344787, -21.281906996 ], [ -43.373557, -21.283961996 ], [ -43.377047, -21.259445996 ], [ -43.392723, -21.255760996 ], [ -43.418011, -21.264367996 ], [ -43.428496, -21.248194996 ], [ -43.444994, -21.247862996 ], [ -43.447598, -21.225541996 ], [ -43.43536, -21.223227996 ], [ -43.439948, -21.198442996 ], [ -43.451413, -21.193941996 ], [ -43.451763, -21.174727996 ], [ -43.420944, -21.167282996 ], [ -43.417642, -21.158095996 ], [ -43.402436, -21.154777996 ], [ -43.39537, -21.166786996 ], [ -43.362428, -21.151175996 ], [ -43.355431, -21.094221996 ], [ -43.303555, -21.074455996 ], [ -43.298235, -21.061677996 ], [ -43.270761, -21.060969996 ] ] ] } },
{ "type": "Feature", "properties": { "CD_MUN": "3141900", "NM_MUN": "Minduri", "SIGLA_UF": "MG", "AREA_KM2": 219.774 }, "geometry": { "type": "Polygon", "coordinates": [ [ [ -44.519927, -21.581966996 ], [ -44.493654, -21.579508996 ], [ -44.513613, -21.617752996 ], [ -44.533485, -21.630350996 ], [ -44.545128, -21.651247996 ], [ -44.570328, -21.654490996 ], [ -44.571858, -21.675609996 ], [ -44.585995, -21.687713996 ], [ -44.584035, -21.697396996 ], [ -44.57268, -21.700216996 ], [ -44.582921, -21.712568996 ], [ -44.580666, -21.751257996 ], [ -44.61285, -21.750476996 ], [ -44.625325, -21.765591996 ], [ -44.6458, -21.774086996 ], [ -44.674018, -21.761904996 ], [ -44.682549, -21.748367996 ], [ -44.689228, -21.750682996 ], [ -44.703245, -21.715681996 ], [ -44.689327, -21.704630996 ], [ -44.692536, -21.695085996 ], [ -44.680215, -21.678204996 ], [ -44.692026, -21.658496996 ], [ -44.679311, -21.642469996 ], [ -44.653018, -21.640838996 ], [ -44.645016, -21.620471996 ], [ -44.592994, -21.608647996 ], [ -44.578365, -21.591259996 ], [ -44.542957, -21.588965996 ], [ -44.529318, -21.575864996 ], [ -44.519927, -21.581966996 ] ] ] } },
{ "type": "Feature", "properties": { "CD_MUN": "3142106", "NM_MUN": "Miradouro", "SIGLA_UF": "MG", "AREA_KM2": 301.672 }, "geometry": { "type": "Polygon", "coordinates": [ [ [ -42.471038, -20.749981996 ], [ -42.433607, -20.751322996 ], [ -42.423203, -20.769546996 ], [ -42.393068, -20.753208996 ], [ -42.381277, -20.766415996 ], [ -42.366227, -20.769105996 ], [ -42.345063, -20.804866996 ], [ -42.351476, -20.813709996 ], [ -42.346783, -20.818662996 ], [ -42.353962, -20.821100996 ], [ -42.325528, -20.835107996 ], [ -42.325855, -20.850357996 ], [ -42.309099, -20.852869996 ], [ -42.305128, -20.863263996 ], [ -42.275619, -20.859102996 ], [ -42.271479, -20.845368996 ], [ -42.259849, -20.842125996 ], [ -42.267039, -20.861888996 ], [ -42.295361, -20.872114996 ], [ -42.30118, -20.907224996 ], [ -42.321825, -20.903392996 ], [ -42.345731, -20.913824996 ], [ -42.335612, -20.923149996 ], [ -42.348062, -20.958787996 ], [ -42.416386, -20.943928996 ], [ -42.427545, -20.919302996 ], [ -42.422911, -20.905378996 ], [ -42.440846, -20.910188996 ], [ -42.444232, -20.899369996 ], [ -42.4345, -20.888730996 ], [ -42.446503, -20.872434996 ], [ -42.514026, -20.867033996 ], [ -42.490125, -20.829280996 ], [ -42.485656, -20.767206996 ], [ -42.471038, -20.749981996 ] ] ] } },
{ "type": "Feature", "properties": { "CD_MUN": "3142205", "NM_MUN": "Miraí", "SIGLA_UF": "MG", "AREA_KM2": 320.695 }, "geometry": { "type": "Polygon", "coordinates": [ [ [ -42.546453, -21.044234996 ], [ -42.543446, -21.051583996 ], [ -42.556562, -21.073926996 ], [ -42.528516, -21.074546996 ], [ -42.50115, -21.091123996 ], [ -42.517283, -21.106063996 ], [ -42.510576, -21.120337996 ], [ -42.515165, -21.127042996 ], [ -42.563293, -21.141509996 ], [ -42.521508, -21.173056996 ], [ -42.529469, -21.204525996 ], [ -42.549362, -21.208551996 ], [ -42.557562, -21.223502996 ], [ -42.591977, -21.215439996 ], [ -42.613285, -21.229009996 ], [ -42.621566, -21.243957996 ], [ -42.644629, -21.222152996 ], [ -42.662296, -21.219822996 ], [ -42.676275, -21.236423996 ], [ -42.6906, -21.221077996 ], [ -42.696482, -21.226716996 ], [ -42.701572, -21.219941996 ], [ -42.72294, -21.220564996 ], [ -42.730034, -21.210609996 ], [ -42.751134, -21.205766996 ], [ -42.719748, -21.165750996 ], [ -42.717504, -21.152262996 ], [ -42.680977, -21.114944996 ], [ -42.690353, -21.093747996 ], [ -42.668508, -21.094340996 ], [ -42.655275, -21.077519996 ], [ -42.623282, -21.077090996 ], [ -42.58311, -21.050633996 ], [ -42.560016, -21.055594996 ], [ -42.546453, -21.044234996 ] ] ] } },
{ "type": "Feature", "properties": { "CD_MUN": "3142601", "NM_MUN": "Monsenhor Paulo", "SIGLA_UF": "MG", "AREA_KM2": 216.54 }, "geometry": { "type": "Polygon", "coordinates": [ [ [ -45.485707, -21.669494995 ], [ -45.477571, -21.672270995 ], [ -45.461798, -21.658005995 ], [ -45.454351, -21.659732995 ], [ -45.43483, -21.684220995 ], [ -45.416869, -21.667478996 ], [ -45.41118, -21.678639996 ], [ -45.392921, -21.685482996 ], [ -45.379333, -21.711139996 ], [ -45.39674, -21.731107996 ], [ -45.393115, -21.745409996 ], [ -45.493287, -21.813061996 ], [ -45.4994, -21.796645996 ], [ -45.568949, -21.784518996 ], [ -45.565713, -21.752709996 ], [ -45.579835, -21.729863995 ], [ -45.55122, -21.703876995 ], [ -45.535356, -21.700565995 ], [ -45.521953, -21.683298995 ], [ -45.50212, -21.681886995 ], [ -45.508759, -21.674829995 ], [ -45.500234, -21.671606995 ], [ -45.494019, -21.647790995 ], [ -45.485707, -21.669494995 ] ] ] } },
{ "type": "Feature", "properties": { "CD_MUN": "3143906", "NM_MUN": "Muriaé", "SIGLA_UF": "MG", "AREA_KM2": 841.693 }, "geometry": { "type": "Polygon", "coordinates": [ [ [ -42.514026, -20.867033996 ], [ -42.441634, -20.875303996 ], [ -42.4345, -20.888730996 ], [ -42.444232, -20.899369996 ], [ -42.440846, -20.910188996 ], [ -42.422911, -20.905378996 ], [ -42.427545, -20.919302996 ], [ -42.416386, -20.943928996 ], [ -42.355274, -20.955205996 ], [ -42.342666, -20.974387996 ], [ -42.310157, -20.981810996 ], [ -42.294592, -20.995263996 ], [ -42.294155, -21.012108996 ], [ -42.30195, -21.020334996 ], [ -42.254002, -21.050861996 ], [ -42.27182, -21.071472996 ], [ -42.2841, -21.068626996 ], [ -42.295942, -21.085788996 ], [ -42.307625, -21.146710996 ], [ -42.322319, -21.160433996 ], [ -42.32244, -21.181186996 ], [ -42.336148, -21.183842996 ], [ -42.327247, -21.212606996 ], [ -42.356693, -21.210863996 ], [ -42.363084, -21.217775996 ], [ -42.365094, -21.232717996 ], [ -42.343816, -21.242144996 ], [ -42.341094, -21.261843996 ], [ -42.331215, -21.272309996 ], [ -42.346819, -21.301659996 ], [ -42.374465, -21.307547996 ], [ -42.399072, -21.300623996 ], [ -42.404688, -21.276699996 ], [ -42.419542, -21.258464996 ], [ -42.446388, -21.254856996 ], [ -42.452587, -21.268588996 ], [ -42.463666, -21.269400996 ], [ -42.537047, -21.224394996 ], [ -42.525372, -21.213542996 ], [ -42.528366, -21.186944996 ], [ -42.521508, -21.173056996 ], [ -42.563293, -21.141509996 ], [ -42.515165, -21.127042996 ], [ -42.510576, -21.120337996 ], [ -42.517283, -21.106063996 ], [ -42.501138, -21.091353996 ], [ -42.528516, -21.074546996 ], [ -42.556708, -21.073730996 ], [ -42.543446, -21.051583996 ], [ -42.546405, -21.043580996 ], [ -42.526176, -21.029552996 ], [ -42.530703, -21.003086996 ], [ -42.539795, -20.995824996 ], [ -42.522844, -20.988075996 ], [ -42.514061, -21.004333996 ], [ -42.497193, -21.002970996 ], [ -42.479426, -21.013566996 ], [ -42.472873, -21.001146996 ], [ -42.469875, -21.010666996 ], [ -42.440535, -21.016486996 ], [ -42.441563, -21.005108996 ], [ -42.4232, -20.982139996 ], [ -42.429343, -20.953065996 ], [ -42.449942, -20.954723996 ], [ -42.460703, -20.965068996 ], [ -42.473564, -20.962572996 ], [ -42.489387, -20.958241996 ], [ -42.499884, -20.942617996 ], [ -42.523659, -20.950724996 ], [ -42.529351, -20.937360996 ], [ -42.566112, -20.922061996 ], [ -42.547663, -20.892416996 ], [ -42.524919, -20.893109996 ], [ -42.514026, -20.867033996 ] ] ] } },
{ "type": "Feature", "properties": { "CD_MUN": "3144003", "NM_MUN": "Mutum", "SIGLA_UF": "MG", "AREA_KM2": 1250.824 }, "geometry": { "type": "Polygon", "coordinates": [ [ [ -41.386489, -19.658291996 ], [ -41.380159, -19.673865996 ], [ -41.388041, -19.702369996 ], [ -41.38072, -19.713679996 ], [ -41.393034, -19.749203996 ], [ -41.380165, -19.760903996 ], [ -41.383211, -19.767732996 ], [ -41.362308, -19.761169996 ], [ -41.352562, -19.767372996 ], [ -41.344557, -19.794572996 ], [ -41.326638, -19.799756996 ], [ -41.335911, -19.833882996 ], [ -41.287563, -19.861903996 ], [ -41.290517, -19.884208996 ], [ -41.279156, -19.880426996 ], [ -41.273454, -19.894091996 ], [ -41.2999, -19.904540996 ], [ -41.291827, -19.929140996 ], [ -41.302693351, -19.938060877 ], [ -41.320015, -19.980026879 ], [ -41.308094652, -20.013019245 ], [ -41.324183531, -20.05236017 ], [ -41.333556285, -20.058839568 ], [ -41.337533298, -20.086978739 ], [ -41.345218982, -20.088984734 ], [ -41.347518026, -20.123908498 ], [ -41.375932478, -20.16194954 ], [ -41.382114496, -20.188813112 ], [ -41.409091776, -20.197699448 ], [ -41.411856151, -20.20610179 ], [ -41.437355, -20.191793996 ], [ -41.428222, -20.165004996 ], [ -41.453273, -20.121548996 ], [ -41.469415, -20.110529996 ], [ -41.490623, -20.119680996 ], [ -41.50241, -20.108688996 ], [ -41.50357, -20.057356996 ], [ -41.519733, -20.051845996 ], [ -41.537145, -20.059575996 ], [ -41.53738, -20.049674996 ], [ -41.559656, -20.033105996 ], [ -41.548008, -19.994933996 ], [ -41.562077, -19.995920996 ], [ -41.56636, -19.986439996 ], [ -41.593715, -20.001864996 ], [ -41.617174, -19.982983996 ], [ -41.630145, -19.992895996 ], [ -41.648567, -19.973122996 ], [ -41.638125, -19.962644996 ], [ -41.616815, -19.962197996 ], [ -41.608772, -19.953745996 ], [ -41.614636, -19.941699996 ], [ -41.593282, -19.935110996 ], [ -41.60913, -19.924881996 ], [ -41.598438, -19.919482996 ], [ -41.605706, -19.890916996 ], [ -41.573224, -19.851812996 ], [ -41.593875, -19.825157996 ], [ -41.579567, -19.790298996 ], [ -41.586964, -19.782038996 ], [ -41.554444, -19.754644996 ], [ -41.551487, -19.722437996 ], [ -41.522284, -19.722126996 ], [ -41.508853, -19.713216996 ], [ -41.51236, -19.696025996 ], [ -41.5063, -19.704840996 ], [ -41.495738, -19.699812996 ], [ -41.49086, -19.681188996 ], [ -41.479816, -19.684159996 ], [ -41.482248, -19.690033996 ], [ -41.474752, -19.685075996 ], [ -41.473184, -19.692158996 ], [ -41.427598, -19.693207996 ], [ -41.418614, -19.672220996 ], [ -41.386489, -19.658291996 ] ] ] } },
{ "type": "Feature", "properties": { "CD_MUN": "3144409", "NM_MUN": "Natércia", "SIGLA_UF": "MG", "AREA_KM2": 188.719 }, "geometry": { "type": "Polygon", "coordinates": [ [ [ -45.529013, -22.088267996 ], [ -45.364202, -22.074227996 ], [ -45.373314, -22.087759996 ], [ -45.362701, -22.098832996 ], [ -45.375439, -22.107081996 ], [ -45.405147, -22.108889996 ], [ -45.417683, -22.121681996 ], [ -45.445281, -22.119741996 ], [ -45.46328, -22.132282996 ], [ -45.501076, -22.139400996 ], [ -45.486878, -22.157574996 ], [ -45.508775, -22.177086996 ], [ -45.508058, -22.209952996 ], [ -45.518309, -22.216591996 ], [ -45.577159, -22.188815996 ], [ -45.590819, -22.177788996 ], [ -45.590611, -22.166783996 ], [ -45.61584, -22.160430996 ], [ -45.621744, -22.146587996 ], [ -45.612437, -22.133128996 ], [ -45.621869, -22.127121996 ], [ -45.600753, -22.113880996 ], [ -45.602807, -22.104347996 ], [ -45.529013, -22.088267996 ] ] ] } },
{ "type": "Feature", "properties": { "CD_MUN": "3145406", "NM_MUN": "Olaria", "SIGLA_UF": "MG", "AREA_KM2": 178.242 }, "geometry": { "type": "Polygon", "coordinates": [ [ [ -43.930978, -21.844601996 ], [ -43.921844, -21.855510996 ], [ -43.929708, -21.864183996 ], [ -43.905853, -21.876377996 ], [ -43.915503, -21.889501996 ], [ -43.893908, -21.899997996 ], [ -43.887783, -21.918827996 ], [ -43.864835, -21.928792996 ], [ -43.87194, -21.945813996 ], [ -43.865404, -21.959614996 ], [ -43.892292, -21.965998996 ], [ -43.895754, -21.974175996 ], [ -43.92723, -21.963025996 ], [ -43.950902, -21.965171996 ], [ -43.963938, -21.953550996 ], [ -43.976927, -21.956661996 ], [ -43.999623, -21.930312996 ], [ -43.999557, -21.912712996 ], [ -44.006604, -21.906693996 ], [ -44.031764, -21.910514996 ], [ -44.050359, -21.926996996 ], [ -44.070362, -21.926111996 ], [ -44.077871, -21.893817996 ], [ -44.08947, -21.886989996 ], [ -44.024523, -21.854856996 ], [ -43.982914, -21.863620996 ], [ -43.980272, -21.849722996 ], [ -43.953633, -21.856256996 ], [ -43.930978, -21.844601996 ] ] ] } },
{ "type": "Feature", "properties": { "CD_MUN": "3145505", "NM_MUN": "Olímpio Noronha", "SIGLA_UF": "MG", "AREA_KM2": 54.633 }, "geometry": { "type": "Polygon", "coordinates": [ [ [ -45.245133, -22.037723996 ], [ -45.235652, -22.043507996 ], [ -45.245543, -22.053857996 ], [ -45.24655, -22.074327996 ], [ -45.267589, -22.093320996 ], [ -45.250601, -22.113826996 ], [ -45.291712, -22.132445996 ], [ -45.333998, -22.119034996 ], [ -45.324606, -22.103374996 ], [ -45.336484, -22.103081996 ], [ -45.337268, -22.088981996 ], [ -45.297511, -22.075022996 ], [ -45.275735, -22.052460996 ], [ -45.245133, -22.037723996 ] ] ] } },
{ "type": "Feature", "properties": { "CD_MUN": "3145703", "NM_MUN": "Oliveira Fortes", "SIGLA_UF": "MG", "AREA_KM2": 111.13 }, "geometry": { "type": "Polygon", "coordinates": [ [ [ -43.475306, -21.283870996 ], [ -43.466296, -21.309169996 ], [ -43.425283, -21.308036996 ], [ -43.432701, -21.322322996 ], [ -43.423179, -21.327815996 ], [ -43.430009, -21.330878996 ], [ -43.423865, -21.336743996 ], [ -43.439617, -21.347248996 ], [ -43.44372, -21.361240996 ], [ -43.472606, -21.372276996 ], [ -43.472696, -21.360182996 ], [ -43.489262, -21.362068996 ], [ -43.496985, -21.354962996 ], [ -43.503425, -21.363675996 ], [ -43.529644, -21.367716996 ], [ -43.558028, -21.356290996 ], [ -43.597941, -21.369538996 ], [ -43.614156, -21.362033996 ], [ -43.614861, -21.370269996 ], [ -43.626875, -21.377407996 ], [ -43.631068, -21.375696996 ], [ -43.604795, -21.332571996 ], [ -43.593057, -21.338157996 ], [ -43.583797, -21.320603996 ], [ -43.555276, -21.306201996 ], [ -43.542572, -21.320706996 ], [ -43.527996, -21.312571996 ], [ -43.506607, -21.315715996 ], [ -43.50351, -21.298180996 ], [ -43.475306, -21.283870996 ] ] ] } },
{ "type": "Feature", "properties": { "CD_MUN": "3145851", "NM_MUN": "Oratórios", "SIGLA_UF": "MG", "AREA_KM2": 89.068 }, "geometry": { "type": "Polygon", "coordinates": [ [ [ -42.803649, -20.362879996 ], [ -42.772181, -20.368666996 ], [ -42.756672, -20.389232996 ], [ -42.744305, -20.393286996 ], [ -42.751837, -20.408074996 ], [ -42.744846, -20.444463996 ], [ -42.758378, -20.456183996 ], [ -42.772841, -20.451970996 ], [ -42.78037, -20.464324996 ], [ -42.797131, -20.458958996 ], [ -42.805616, -20.470027996 ], [ -42.813593, -20.467916996 ], [ -42.814536, -20.483554996 ], [ -42.829347, -20.496954996 ], [ -42.821239, -20.506278996 ], [ -42.827117, -20.513514996 ], [ -42.837689, -20.509246996 ], [ -42.840564, -20.487678996 ], [ -42.824045, -20.435606996 ], [ -42.831323, -20.403438996 ], [ -42.814237, -20.392195996 ], [ -42.803649, -20.362879996 ] ] ] } },
{ "type": "Feature", "properties": { "CD_MUN": "3145877", "NM_MUN": "Orizânia", "SIGLA_UF": "MG", "AREA_KM2": 121.8 }, "geometry": { "type": "Polygon", "coordinates": [ [ [ -42.208572, -20.431551996 ], [ -42.188214, -20.433916996 ], [ -42.184883, -20.449655996 ], [ -42.159668, -20.456154996 ], [ -42.15629, -20.467679996 ], [ -42.167248, -20.496918996 ], [ -42.167193, -20.527324996 ], [ -42.177159, -20.531800996 ], [ -42.174713, -20.540678996 ], [ -42.184874, -20.550349996 ], [ -42.195483, -20.551983996 ], [ -42.188011, -20.572884996 ], [ -42.210151, -20.593255996 ], [ -42.238, -20.565619996 ], [ -42.261541, -20.568522996 ], [ -42.275494, -20.558855996 ], [ -42.276786, -20.543536996 ], [ -42.267706, -20.516236996 ], [ -42.256377, -20.508171996 ], [ -42.258847, -20.500187996 ], [ -42.246182, -20.496616996 ], [ -42.24024, -20.477050996 ], [ -42.214249, -20.467844996 ], [ -42.204022, -20.436707996 ], [ -42.208572, -20.431551996 ] ] ] } },
{ "type": "Feature", "properties": { "CD_MUN": "3146602", "NM_MUN": "Paiva", "SIGLA_UF": "MG", "AREA_KM2": 58.419 }, "geometry": { "type": "Polygon", "coordinates": [ [ [ -43.427033, -21.250912996 ], [ -43.418011, -21.264367996 ], [ -43.392723, -21.255760996 ], [ -43.377047, -21.259445996 ], [ -43.380426, -21.269726996 ], [ -43.371682, -21.284666996 ], [ -43.395837, -21.302933996 ], [ -43.408116, -21.330491996 ], [ -43.423865, -21.336743996 ], [ -43.430009, -21.330878996 ], [ -43.423179, -21.327815996 ], [ -43.432687, -21.322563996 ], [ -43.426263, -21.306463996 ], [ -43.466296, -21.309169996 ], [ -43.476832, -21.281251996 ], [ -43.46156, -21.275949996 ], [ -43.459712, -21.263131996 ], [ -43.444371, -21.250651996 ], [ -43.427033, -21.250912996 ] ] ] } },
{ "type": "Feature", "properties": { "CD_MUN": "3146701", "NM_MUN": "Palma", "SIGLA_UF": "MG", "AREA_KM2": 316.476 }, "geometry": { "type": "Polygon", "coordinates": [ [ [ -42.399072, -21.300623996 ], [ -42.324607, -21.317945996 ], [ -42.321867, -21.327779996 ], [ -42.280684, -21.342616996 ], [ -42.271173, -21.342857996 ], [ -42.267618, -21.333790996 ], [ -42.261203, -21.348611996 ], [ -42.241357, -21.342305996 ], [ -42.22936503, -21.35150234 ], [ -42.230307654, -21.367014801 ], [ -42.251940644, -21.386861405 ], [ -42.237276168, -21.392822103 ], [ -42.237519226, -21.402162463 ], [ -42.255088819, -21.409766695 ], [ -42.267529298, -21.399651772 ], [ -42.275311701, -21.404179385 ], [ -42.27536625, -21.428308469 ], [ -42.292124921, -21.459238115 ], [ -42.27098301, -21.466052107 ], [ -42.271250629, -21.475027641 ], [ -42.254615402, -21.486978146 ], [ -42.273861948, -21.50389543 ], [ -42.285601067, -21.528120159 ], [ -42.297188245, -21.523535495 ], [ -42.306304724, -21.529084656 ], [ -42.302526076, -21.538914572 ], [ -42.309412915, -21.551486092 ], [ -42.330433667, -21.559842865 ], [ -42.324772005, -21.569443555 ], [ -42.346004143, -21.582744683 ], [ -42.354037, -21.569976996 ], [ -42.35083, -21.552426996 ], [ -42.359396, -21.551656996 ], [ -42.366966, -21.532441996 ], [ -42.348549, -21.500682996 ], [ -42.355372, -21.492918996 ], [ -42.37158, -21.492512996 ], [ -42.367983, -21.485295996 ], [ -42.391776, -21.445452996 ], [ -42.376627, -21.421338996 ], [ -42.390471, -21.391603996 ], [ -42.383576, -21.378237996 ], [ -42.423807, -21.348654996 ], [ -42.43225, -21.332650996 ], [ -42.414353, -21.327129996 ], [ -42.411435, -21.311034996 ], [ -42.399072, -21.300623996 ] ] ] } },
{ "type": "Feature", "properties": { "CD_MUN": "3147303", "NM_MUN": "Paraisópolis", "SIGLA_UF": "MG", "AREA_KM2": 331.238 }, "geometry": { "type": "Polygon", "coordinates": [ [ [ -45.769848, -22.467160996 ], [ -45.711374, -22.503507996 ], [ -45.700087, -22.499415996 ], [ -45.704719, -22.507438996 ], [ -45.694328, -22.534427996 ], [ -45.679687, -22.535993996 ], [ -45.68805, -22.562799996 ], [ -45.678505, -22.573110996 ], [ -45.6954392, -22.586338563 ], [ -45.718454773, -22.577991391 ], [ -45.734599669, -22.597448978 ], [ -45.737428896, -22.608538737 ], [ -45.730042218, -22.618745629 ], [ -45.747278, -22.624933996 ], [ -45.809535, -22.611337996 ], [ -45.839156, -22.628622996 ], [ -45.868474, -22.622291996 ], [ -45.868746, -22.613803996 ], [ -45.883171, -22.606013996 ], [ -45.880259, -22.623835996 ], [ -45.870202, -22.631216996 ], [ -45.892891, -22.645144996 ], [ -45.877218, -22.659798996 ], [ -45.87921, -22.669881996 ], [ -45.934288, -22.694305996 ], [ -45.958722, -22.691670996 ], [ -45.931718, -22.646727996 ], [ -45.952338, -22.619535996 ], [ -45.963294, -22.617473996 ], [ -45.963374, -22.602722996 ], [ -45.954835, -22.602191996 ], [ -45.952379, -22.588332996 ], [ -45.944941, -22.586765996 ], [ -45.926316, -22.601045996 ], [ -45.90267, -22.600388996 ], [ -45.897322, -22.588436996 ], [ -45.905479, -22.583697996 ], [ -45.895645, -22.585213996 ], [ -45.872586, -22.539673996 ], [ -45.879906, -22.533565996 ], [ -45.870804, -22.523689996 ], [ -45.882973, -22.499900996 ], [ -45.853385, -22.488708996 ], [ -45.822844, -22.508786996 ], [ -45.811092, -22.494866996 ], [ -45.787563, -22.490776996 ], [ -45.778588, -22.469721996 ], [ -45.769848, -22.467160996 ] ] ] } },
{ "type": "Feature", "properties": { "CD_MUN": "3147600", "NM_MUN": "Passa Quatro", "SIGLA_UF": "MG", "AREA_KM2": 277.221 }, "geometry": { "type": "Polygon", "coordinates": [ [ [ -44.958246, -22.317354996 ], [ -44.91482, -22.326147996 ], [ -44.911527, -22.344245996 ], [ -44.918172, -22.360672996 ], [ -44.908698, -22.359801996 ], [ -44.908715, -22.369244996 ], [ -44.894414, -22.381193996 ], [ -44.862258, -22.382053996 ], [ -44.850822, -22.393903996 ], [ -44.809396051, -22.404341169 ], [ -44.807983896, -22.414111215 ], [ -44.833652745, -22.431262862 ], [ -44.872153554, -22.424327835 ], [ -44.889730834, -22.432123987 ], [ -44.897841065, -22.452910335 ], [ -44.940070217, -22.452669116 ], [ -44.965859118, -22.475192827 ], [ -44.991814136, -22.466172922 ], [ -45.027149903, -22.470226842 ], [ -45.028403387, -22.463197655 ], [ -45.10282604, -22.489908347 ], [ -45.100083, -22.459931996 ], [ -45.08078, -22.456577996 ], [ -45.076616, -22.436958996 ], [ -45.053255, -22.427292996 ], [ -45.04871, -22.413914996 ], [ -45.062897, -22.389352996 ], [ -45.049257, -22.360619996 ], [ -45.015388, -22.339800996 ], [ -44.966793, -22.336478996 ], [ -44.958246, -22.317354996 ] ] ] } },
{ "type": "Feature", "properties": { "CD_MUN": "3147808", "NM_MUN": "Passa Vinte", "SIGLA_UF": "MG", "AREA_KM2": 246.565 }, "geometry": { "type": "Polygon", "coordinates": [ [ [ -44.229309, -22.075897995 ], [ -44.207275, -22.070402996 ], [ -44.20679, -22.084399995 ], [ -44.196567, -22.081833995 ], [ -44.18792, -22.093258995 ], [ -44.191622, -22.103565995 ], [ -44.217578, -22.105488995 ], [ -44.222953, -22.127485995 ], [ -44.202562, -22.126541995 ], [ -44.193254, -22.136311995 ], [ -44.200698, -22.162468995 ], [ -44.191649, -22.167673995 ], [ -44.200341, -22.178130995 ], [ -44.181799, -22.195462995 ], [ -44.186406, -22.222740995 ], [ -44.180704887, -22.233571442 ], [ -44.201240072, -22.251200753 ], [ -44.213109776, -22.246055606 ], [ -44.223669053, -22.259939228 ], [ -44.242959908, -22.267629361 ], [ -44.249518937, -22.260387531 ], [ -44.260575279, -22.267868033 ], [ -44.263506145, -22.243435925 ], [ -44.291509622, -22.24306137 ], [ -44.322348929, -22.26112733 ], [ -44.323895977, -22.253738842 ], [ -44.357167012, -22.256056228 ], [ -44.351944, -22.225055995 ], [ -44.339886, -22.217250995 ], [ -44.341431, -22.205915995 ], [ -44.353717, -22.204067995 ], [ -44.354788, -22.191584995 ], [ -44.328156, -22.173637995 ], [ -44.310666, -22.149607995 ], [ -44.311944, -22.135055995 ], [ -44.300586, -22.117766995 ], [ -44.291961, -22.111708995 ], [ -44.281727, -22.116960995 ], [ -44.259447, -22.104335995 ], [ -44.250547, -22.084642995 ], [ -44.235781, -22.087715995 ], [ -44.229309, -22.075897995 ] ] ] } },
{ "type": "Feature", "properties": { "CD_MUN": "3148202", "NM_MUN": "Patrocínio do Muriaé", "SIGLA_UF": "MG", "AREA_KM2": 108.246 }, "geometry": { "type": "Polygon", "coordinates": [ [ [ -42.223623, -21.118625996 ], [ -42.192519, -21.133433996 ], [ -42.174493752, -21.131777546 ], [ -42.208332766, -21.179016067 ], [ -42.194433477, -21.201737387 ], [ -42.202640471, -21.221242841 ], [ -42.216364, -21.224124996 ], [ -42.22924, -21.209683996 ], [ -42.248354, -21.206218996 ], [ -42.255164, -21.193485996 ], [ -42.274421, -21.202536996 ], [ -42.297786, -21.186526996 ], [ -42.327468, -21.210318996 ], [ -42.336148, -21.183842996 ], [ -42.32244, -21.181186996 ], [ -42.322319, -21.160433996 ], [ -42.312276, -21.156148996 ], [ -42.308696, -21.132221996 ], [ -42.298819, -21.122551996 ], [ -42.273381, -21.142395996 ], [ -42.2631, -21.128691996 ], [ -42.23251, -21.134108996 ], [ -42.223623, -21.118625996 ] ] ] } },
{ "type": "Feature", "properties": { "CD_MUN": "3148301", "NM_MUN": "Paula Cândido", "SIGLA_UF": "MG", "AREA_KM2": 268.321 }, "geometry": { "type": "Polygon", "coordinates": [ [ [ -42.991736, -20.758663996 ], [ -42.957397, -20.774614996 ], [ -42.952215, -20.813552996 ], [ -42.936633, -20.818338996 ], [ -42.921067, -20.806880996 ], [ -42.886141, -20.824842996 ], [ -42.882431, -20.834317996 ], [ -42.888276, -20.849645996 ], [ -42.907882, -20.859823996 ], [ -42.904261, -20.875895996 ], [ -42.911216, -20.890788996 ], [ -42.920276, -20.893231996 ], [ -42.936921, -20.921945996 ], [ -42.947489, -20.924256996 ], [ -42.948246, -20.938612996 ], [ -42.933119, -20.947561996 ], [ -42.945171, -20.955048996 ], [ -42.946118, -20.985788996 ], [ -42.953816, -20.967651996 ], [ -42.967285, -20.975429996 ], [ -42.992282, -20.927399996 ], [ -43.023088, -20.934915996 ], [ -43.036885, -20.929424996 ], [ -43.042338, -20.882077996 ], [ -43.076365, -20.869582996 ], [ -43.081732, -20.859481996 ], [ -43.070067, -20.841804996 ], [ -43.054421, -20.835656996 ], [ -43.058723, -20.826354996 ], [ -43.0817, -20.816214996 ], [ -43.079325, -20.810289996 ], [ -43.057747, -20.797463996 ], [ -43.040672, -20.798688996 ], [ -43.035877, -20.769530996 ], [ -43.02393, -20.756366996 ], [ -42.991736, -20.758663996 ] ] ] } },
{ "type": "Feature", "properties": { "CD_MUN": "3148756", "NM_MUN": "Pedra Bonita", "SIGLA_UF": "MG", "AREA_KM2": 173.928 }, "geometry": { "type": "Polygon", "coordinates": [ [ [ -42.409084, -20.350285996 ], [ -42.393973, -20.360112996 ], [ -42.39851, -20.374654996 ], [ -42.386994, -20.379129996 ], [ -42.390575, -20.388439996 ], [ -42.364565, -20.404684996 ], [ -42.345062, -20.394748996 ], [ -42.344131, -20.436476996 ], [ -42.326263, -20.467911996 ], [ -42.335063, -20.495652996 ], [ -42.316975, -20.506950996 ], [ -42.320701, -20.514353996 ], [ -42.313748, -20.520469996 ], [ -42.317322, -20.545178996 ], [ -42.348483, -20.544318996 ], [ -42.345506, -20.561868996 ], [ -42.373088, -20.588294996 ], [ -42.397061, -20.586390996 ], [ -42.415096, -20.563855996 ], [ -42.406509, -20.533125996 ], [ -42.394895, -20.528020996 ], [ -42.385575, -20.508510996 ], [ -42.408506, -20.471625996 ], [ -42.403264, -20.449613996 ], [ -42.434322, -20.435625996 ], [ -42.41892, -20.414842996 ], [ -42.426359, -20.358708996 ], [ -42.409084, -20.350285996 ] ] ] } },
{ "type": "Feature", "properties": { "CD_MUN": "3148806", "NM_MUN": "Pedra do Anta", "SIGLA_UF": "MG", "AREA_KM2": 173.168 }, "geometry": { "type": "Polygon", "coordinates": [ [ [ -42.724578, -20.520065996 ], [ -42.699597, -20.534750996 ], [ -42.675593, -20.532983996 ], [ -42.65095, -20.558780996 ], [ -42.642159, -20.552284996 ], [ -42.634004, -20.569280996 ], [ -42.642731, -20.573513996 ], [ -42.641156, -20.583488996 ], [ -42.6533, -20.584800996 ], [ -42.65513, -20.605941996 ], [ -42.675458, -20.600531996 ], [ -42.672159, -20.612144996 ], [ -42.679981, -20.619058996 ], [ -42.667052, -20.632316996 ], [ -42.674823, -20.637094996 ], [ -42.680132, -20.631833996 ], [ -42.685015, -20.652748996 ], [ -42.717013, -20.658440996 ], [ -42.734321, -20.669875996 ], [ -42.745961, -20.660687996 ], [ -42.7691, -20.667666996 ], [ -42.768691, -20.617024996 ], [ -42.784402, -20.609342996 ], [ -42.80696, -20.618840996 ], [ -42.785815, -20.578803996 ], [ -42.775553, -20.575154996 ], [ -42.792384, -20.547405996 ], [ -42.774554, -20.529596996 ], [ -42.757505, -20.550310996 ], [ -42.731691, -20.545055996 ], [ -42.724578, -20.520065996 ] ] ] } },
{ "type": "Feature", "properties": { "CD_MUN": "3149002", "NM_MUN": "Pedra Dourada", "SIGLA_UF": "MG", "AREA_KM2": 69.99 }, "geometry": { "type": "Polygon", "coordinates": [ [ [ -42.172207, -20.785703996 ], [ -42.101632, -20.801951996 ], [ -42.110952, -20.810205996 ], [ -42.097918, -20.822936996 ], [ -42.097357, -20.838404996 ], [ -42.108321, -20.857254996 ], [ -42.147469, -20.848062996 ], [ -42.155974, -20.855569996 ], [ -42.172379, -20.854770996 ], [ -42.187343, -20.869859996 ], [ -42.207676, -20.861281996 ], [ -42.200493, -20.845597996 ], [ -42.211168, -20.824112996 ], [ -42.179449, -20.802679996 ], [ -42.172207, -20.785703996 ] ] ] } },
{ "type": "Feature", "properties": { "CD_MUN": "3149101", "NM_MUN": "Pedralva", "SIGLA_UF": "MG", "AREA_KM2": 217.989 }, "geometry": { "type": "Polygon", "coordinates": [ [ [ -45.393801, -22.167982996 ], [ -45.378361, -22.196015996 ], [ -45.386432, -22.201089996 ], [ -45.38497, -22.217364996 ], [ -45.364278, -22.223079996 ], [ -45.365664, -22.240230996 ], [ -45.374397, -22.269618996 ], [ -45.390252, -22.291999996 ], [ -45.403341, -22.287681996 ], [ -45.415946, -22.317646996 ], [ -45.452493, -22.326789996 ], [ -45.491289, -22.312741996 ], [ -45.492616, -22.303696996 ], [ -45.510884, -22.311440996 ], [ -45.524591, -22.303044996 ], [ -45.520923, -22.287358996 ], [ -45.533726, -22.271803996 ], [ -45.557342, -22.258930996 ], [ -45.548527, -22.238747996 ], [ -45.50833, -22.210458996 ], [ -45.507841, -22.191649996 ], [ -45.46746, -22.194956996 ], [ -45.393801, -22.167982996 ] ] ] } },
{ "type": "Feature", "properties": { "CD_MUN": "3149408", "NM_MUN": "Pedro Teixeira", "SIGLA_UF": "MG", "AREA_KM2": 112.959 }, "geometry": { "type": "Polygon", "coordinates": [ [ [ -43.744874, -21.658781996 ], [ -43.740653, -21.670610996 ], [ -43.737651, -21.663854996 ], [ -43.732712, -21.672491996 ], [ -43.716631, -21.669123996 ], [ -43.690827, -21.708140996 ], [ -43.658391, -21.727214995 ], [ -43.668994, -21.736526995 ], [ -43.667894, -21.750390996 ], [ -43.67543, -21.747343996 ], [ -43.69406, -21.759114996 ], [ -43.697039, -21.778196996 ], [ -43.710092, -21.776380996 ], [ -43.700821, -21.791409996 ], [ -43.713967, -21.804871996 ], [ -43.731793, -21.781334996 ], [ -43.755925, -21.781698996 ], [ -43.749756, -21.755241996 ], [ -43.777968, -21.734263996 ], [ -43.789577, -21.712703996 ], [ -43.770066, -21.663087996 ], [ -43.744874, -21.658781996 ] ] ] } },
{ "type": "Feature", "properties": { "CD_MUN": "3149507", "NM_MUN": "Pequeri", "SIGLA_UF": "MG", "AREA_KM2": 90.833 }, "geometry": { "type": "Polygon", "coordinates": [ [ [ -43.154496, -21.752467995 ], [ -43.142683, -21.760087995 ], [ -43.146834, -21.786744995 ], [ -43.112796, -21.795804995 ], [ -43.106649, -21.805691995 ], [ -43.089515, -21.788009995 ], [ -43.059799, -21.812811995 ], [ -43.061215, -21.823179996 ], [ -43.075203, -21.826896996 ], [ -43.082953, -21.840567996 ], [ -43.123975, -21.857171996 ], [ -43.128636, -21.876519996 ], [ -43.155031, -21.898495996 ], [ -43.166889, -21.890393996 ], [ -43.16951, -21.867044996 ], [ -43.178204, -21.867747996 ], [ -43.188784, -21.854569996 ], [ -43.146932, -21.812469995 ], [ -43.161994, -21.808567995 ], [ -43.178296, -21.789985995 ], [ -43.171187, -21.785954995 ], [ -43.171244, -21.759519995 ], [ -43.154496, -21.752467995 ] ] ] } },
{ "type": "Feature", "properties": { "CD_MUN": "3150109", "NM_MUN": "Piau", "SIGLA_UF": "MG", "AREA_KM2": 192.196 }, "geometry": { "type": "Polygon", "coordinates": [ [ [ -43.306547, -21.432142996 ], [ -43.303931, -21.438899996 ], [ -43.300642, -21.432327996 ], [ -43.271624, -21.439090996 ], [ -43.265018, -21.433706996 ], [ -43.257244, -21.463778995 ], [ -43.230923, -21.452750995 ], [ -43.225437, -21.465467995 ], [ -43.208492, -21.463491995 ], [ -43.201262, -21.483793995 ], [ -43.211948, -21.485400995 ], [ -43.212353, -21.492553995 ], [ -43.242883, -21.494233995 ], [ -43.245781, -21.503494995 ], [ -43.256978, -21.506306995 ], [ -43.263335, -21.544902996 ], [ -43.288529, -21.540142996 ], [ -43.303096, -21.558664996 ], [ -43.314839, -21.555427996 ], [ -43.326952, -21.566594996 ], [ -43.338001, -21.560529996 ], [ -43.360373, -21.587023995 ], [ -43.376914, -21.557137995 ], [ -43.386709, -21.557405995 ], [ -43.387801, -21.545700995 ], [ -43.419151, -21.530886995 ], [ -43.409146, -21.520433995 ], [ -43.411913, -21.511828995 ], [ -43.401482, -21.511229995 ], [ -43.402587, -21.500960995 ], [ -43.380699, -21.489476995 ], [ -43.374138, -21.463709995 ], [ -43.351185, -21.460486995 ], [ -43.34393, -21.449964995 ], [ -43.324201, -21.456696995 ], [ -43.306547, -21.432142996 ] ] ] } },
{ "type": "Feature", "properties": { "CD_MUN": "3150208", "NM_MUN": "Piedade de Ponte Nova", "SIGLA_UF": "MG", "AREA_KM2": 83.733 }, "geometry": { "type": "Polygon", "coordinates": [ [ [ -42.728737, -20.192541996 ], [ -42.690142, -20.193888996 ], [ -42.677197, -20.207853996 ], [ -42.691932, -20.232417996 ], [ -42.687475, -20.241205996 ], [ -42.671874, -20.239760996 ], [ -42.671635, -20.252311996 ], [ -42.663381, -20.251971996 ], [ -42.665279, -20.274105996 ], [ -42.677523, -20.290593996 ], [ -42.702647, -20.285729996 ], [ -42.707063, -20.277713996 ], [ -42.752167, -20.276038996 ], [ -42.774233, -20.263170996 ], [ -42.776071, -20.229597996 ], [ -42.754447, -20.221742996 ], [ -42.728737, -20.192541996 ] ] ] } },
{ "type": "Feature", "properties": { "CD_MUN": "3150307", "NM_MUN": "Piedade do Rio Grande", "SIGLA_UF": "MG", "AREA_KM2": 322.814 }, "geometry": { "type": "Polygon", "coordinates": [ [ [ -44.150702, -21.384567996 ], [ -44.114457, -21.404878996 ], [ -44.108787, -21.424625996 ], [ -44.051435, -21.450219996 ], [ -44.056585, -21.486263996 ], [ -44.050494, -21.494206996 ], [ -44.060267, -21.527683996 ], [ -44.08881, -21.521380996 ], [ -44.084838, -21.542523996 ], [ -44.104656, -21.580311996 ], [ -44.134047, -21.570136996 ], [ -44.142871, -21.585575996 ], [ -44.163559, -21.589391996 ], [ -44.154881, -21.562668996 ], [ -44.16248, -21.557812996 ], [ -44.154102, -21.545134996 ], [ -44.171322, -21.543030996 ], [ -44.18599, -21.563625996 ], [ -44.194316, -21.561805996 ], [ -44.210704, -21.576610996 ], [ -44.219393, -21.572172996 ], [ -44.21324, -21.551113996 ], [ -44.227813, -21.544367996 ], [ -44.225705, -21.531351996 ], [ -44.240617, -21.489431996 ], [ -44.235744, -21.483548996 ], [ -44.252326, -21.486530996 ], [ -44.245846, -21.501434996 ], [ -44.255586, -21.502072996 ], [ -44.261749, -21.482451996 ], [ -44.267875, -21.495359996 ], [ -44.2824, -21.479012996 ], [ -44.272442, -21.471068996 ], [ -44.275174, -21.449874996 ], [ -44.20779, -21.434704996 ], [ -44.198772, -21.390770996 ], [ -44.150702, -21.384567996 ] ] ] } },
{ "type": "Feature", "properties": { "CD_MUN": "3150901", "NM_MUN": "Piranguçu", "SIGLA_UF": "MG", "AREA_KM2": 203.619 }, "geometry": { "type": "Polygon", "coordinates": [ [ [ -45.523798, -22.459985996 ], [ -45.502127, -22.470680996 ], [ -45.504897, -22.478034996 ], [ -45.490169, -22.475558996 ], [ -45.477727, -22.483780996 ], [ -45.477451, -22.496001996 ], [ -45.463852, -22.505383996 ], [ -45.425446, -22.502373996 ], [ -45.447746, -22.531850996 ], [ -45.430147, -22.539725996 ], [ -45.461697, -22.577264996 ], [ -45.477076, -22.583897996 ], [ -45.481285413, -22.591195364 ], [ -45.474774244, -22.599509915 ], [ -45.488800491, -22.628785223 ], [ -45.499128486, -22.625011206 ], [ -45.524931015, -22.646874655 ], [ -45.57461366, -22.656926459 ], [ -45.584369533, -22.651688579 ], [ -45.581988298, -22.644666669 ], [ -45.555355438, -22.626440968 ], [ -45.576243911, -22.603911783 ], [ -45.56612, -22.592188996 ], [ -45.583346, -22.573444996 ], [ -45.577738, -22.562528996 ], [ -45.585216, -22.551952996 ], [ -45.577847, -22.542078996 ], [ -45.582584, -22.533874996 ], [ -45.561919, -22.521155996 ], [ -45.546433, -22.501453996 ], [ -45.550328, -22.483166996 ], [ -45.523798, -22.459985996 ] ] ] } },
{ "type": "Feature", "properties": { "CD_MUN": "3151008", "NM_MUN": "Piranguinho", "SIGLA_UF": "MG", "AREA_KM2": 124.803 }, "geometry": { "type": "Polygon", "coordinates": [ [ [ -45.651952, -22.274342996 ], [ -45.641981, -22.288996996 ], [ -45.632396, -22.283062996 ], [ -45.618847, -22.293504996 ], [ -45.604218, -22.293427996 ], [ -45.588739, -22.316652996 ], [ -45.569606, -22.324271996 ], [ -45.561763, -22.346204996 ], [ -45.570336, -22.354869996 ], [ -45.554636, -22.355479996 ], [ -45.542385, -22.371841996 ], [ -45.531944, -22.365176996 ], [ -45.511793, -22.372622996 ], [ -45.51876, -22.385967996 ], [ -45.530293, -22.388271996 ], [ -45.516131, -22.436473996 ], [ -45.518067, -22.455829996 ], [ -45.550587, -22.483764996 ], [ -45.542096, -22.464143996 ], [ -45.54922, -22.432118996 ], [ -45.578494, -22.427297996 ], [ -45.570064, -22.393558996 ], [ -45.602728, -22.372373996 ], [ -45.610623, -22.358383996 ], [ -45.621096, -22.357730996 ], [ -45.622676, -22.348577996 ], [ -45.643716, -22.362431996 ], [ -45.64215, -22.353479996 ], [ -45.655856, -22.346729996 ], [ -45.651919, -22.330570996 ], [ -45.666454, -22.341227996 ], [ -45.675933, -22.332993996 ], [ -45.660524, -22.319171996 ], [ -45.664237, -22.286441996 ], [ -45.651952, -22.274342996 ] ] ] } },
{ "type": "Feature", "properties": { "CD_MUN": "3151107", "NM_MUN": "Pirapetinga", "SIGLA_UF": "MG", "AREA_KM2": 190.681 }, "geometry": { "type": "Polygon", "coordinates": [ [ [ -42.401916, -21.576428996 ], [ -42.384798, -21.587737996 ], [ -42.352656083, -21.591686709 ], [ -42.369119437, -21.619455779 ], [ -42.355477561, -21.625045511 ], [ -42.369826107, -21.638918415 ], [ -42.365152201, -21.646458484 ], [ -42.348137885, -21.641732463 ], [ -42.340068729, -21.662010193 ], [ -42.300893369, -21.655143794 ], [ -42.282571076, -21.670398877 ], [ -42.283366414, -21.680952768 ], [ -42.27041065, -21.681502519 ], [ -42.26493482, -21.693863707 ], [ -42.272062144, -21.714324174 ], [ -42.266649175, -21.714473168 ], [ -42.333462062, -21.745848809 ], [ -42.359032766, -21.740989768 ], [ -42.400534, -21.752936996 ], [ -42.405165, -21.733948996 ], [ -42.422246, -21.740953996 ], [ -42.419399, -21.714432996 ], [ -42.42734, -21.712933996 ], [ -42.42774, -21.698522996 ], [ -42.434657, -21.695595996 ], [ -42.424742, -21.659413996 ], [ -42.428188, -21.642205996 ], [ -42.435179, -21.645372995 ], [ -42.418911, -21.633141995 ], [ -42.42281, -21.616200995 ], [ -42.409656, -21.607277995 ], [ -42.401916, -21.576428996 ] ] ] } },
{ "type": "Feature", "properties": { "CD_MUN": "3151305", "NM_MUN": "Piraúba", "SIGLA_UF": "MG", "AREA_KM2": 144.289 }, "geometry": { "type": "Polygon", "coordinates": [ [ [ -43.1037, -21.201621996 ], [ -43.070022, -21.222465996 ], [ -43.065826, -21.215803996 ], [ -43.057099, -21.222769996 ], [ -43.021664, -21.207046996 ], [ -43.018166, -21.222833996 ], [ -42.978645, -21.243889996 ], [ -42.965791, -21.265433996 ], [ -42.948326, -21.260302996 ], [ -42.939684902, -21.267006938 ], [ -42.940987, -21.292089996 ], [ -42.926405, -21.302833996 ], [ -42.936839, -21.306030996 ], [ -42.951339, -21.298017996 ], [ -42.961904, -21.314088996 ], [ -42.975606, -21.318612996 ], [ -42.989913, -21.305075996 ], [ -42.994524, -21.311192996 ], [ -43.006008, -21.306421996 ], [ -43.01629, -21.321835996 ], [ -43.026216, -21.314268996 ], [ -43.050648, -21.314383996 ], [ -43.076794, -21.286341996 ], [ -43.076065, -21.275337996 ], [ -43.105228, -21.262473996 ], [ -43.118981, -21.218420996 ], [ -43.1037, -21.201621996 ] ] ] } },
{ "type": "Feature", "properties": { "CD_MUN": "3152105", "NM_MUN": "Ponte Nova", "SIGLA_UF": "MG", "AREA_KM2": 470.643 }, "geometry": { "type": "Polygon", "coordinates": [ [ [ -42.949724, -20.273595996 ], [ -42.903532, -20.279461996 ], [ -42.919998, -20.286294996 ], [ -42.916173, -20.296355996 ], [ -42.901337, -20.290121996 ], [ -42.886694, -20.301925996 ], [ -42.897713, -20.327384996 ], [ -42.858857, -20.336663996 ], [ -42.812397, -20.313930996 ], [ -42.785815, -20.340247996 ], [ -42.791602, -20.350736996 ], [ -42.785287, -20.364211996 ], [ -42.803466, -20.362707996 ], [ -42.814237, -20.392195996 ], [ -42.831068, -20.402703996 ], [ -42.824045, -20.435606996 ], [ -42.830158, -20.438397996 ], [ -42.837924, -20.481597996 ], [ -42.840564, -20.487678996 ], [ -42.864739, -20.486099996 ], [ -42.854366, -20.503817996 ], [ -42.872449, -20.522549996 ], [ -42.869699, -20.560548996 ], [ -42.882001, -20.568596996 ], [ -42.894189, -20.564598996 ], [ -42.919898, -20.531475996 ], [ -42.962115, -20.520761996 ], [ -42.98361, -20.496092996 ], [ -42.981276, -20.489598996 ], [ -43.005451, -20.476796996 ], [ -42.99313, -20.474534996 ], [ -42.992124, -20.467651996 ], [ -43.036234, -20.448892996 ], [ -43.014766, -20.373294996 ], [ -43.040406, -20.345336996 ], [ -43.011315, -20.324904996 ], [ -42.991759, -20.330610996 ], [ -42.983151, -20.344296996 ], [ -42.968704, -20.339082996 ], [ -42.965489, -20.326509996 ], [ -42.953656, -20.319914996 ], [ -42.949724, -20.273595996 ] ] ] } },
{ "type": "Feature", "properties": { "CD_MUN": "3152303", "NM_MUN": "Porto Firme", "SIGLA_UF": "MG", "AREA_KM2": 284.777 }, "geometry": { "type": "Polygon", "coordinates": [ [ [ -43.13799, -20.561808996 ], [ -43.122439, -20.575776996 ], [ -43.1324, -20.579452996 ], [ -43.117894, -20.590596996 ], [ -43.120276, -20.604018996 ], [ -43.079547, -20.581544996 ], [ -43.06072, -20.597725996 ], [ -43.019255, -20.600478996 ], [ -43.009647, -20.620575996 ], [ -43.021073, -20.654847996 ], [ -42.99664, -20.657032996 ], [ -42.98708, -20.668084996 ], [ -42.985307, -20.658406996 ], [ -42.972517, -20.657818996 ], [ -42.965064, -20.672101996 ], [ -42.972274, -20.679848996 ], [ -42.968464, -20.692446996 ], [ -43.004746, -20.693793996 ], [ -43.000477, -20.716761996 ], [ -42.989563, -20.728642996 ], [ -43.002928, -20.733369996 ], [ -42.996949, -20.756423996 ], [ -43.012505, -20.761696996 ], [ -43.023168, -20.756146996 ], [ -43.03607, -20.770725996 ], [ -43.049784, -20.768558996 ], [ -43.069732, -20.739533996 ], [ -43.069823, -20.726010996 ], [ -43.099607, -20.707586996 ], [ -43.162031, -20.729901996 ], [ -43.174141, -20.716108996 ], [ -43.169649, -20.689679996 ], [ -43.140113, -20.689429996 ], [ -43.136428, -20.682745996 ], [ -43.164292, -20.660731996 ], [ -43.158098, -20.642328996 ], [ -43.176161, -20.630551996 ], [ -43.186702, -20.585832996 ], [ -43.183945, -20.579357996 ], [ -43.171476, -20.581041996 ], [ -43.166122, -20.569228996 ], [ -43.14649, -20.581912996 ], [ -43.13799, -20.561808996 ] ] ] } },
{ "type": "Feature", "properties": { "CD_MUN": "3152600", "NM_MUN": "Pouso Alto", "SIGLA_UF": "MG", "AREA_KM2": 263.034 }, "geometry": { "type": "Polygon", "coordinates": [ [ [ -44.958673, -22.078114996 ], [ -44.930367, -22.079785995 ], [ -44.914332, -22.105747996 ], [ -44.895021, -22.107454996 ], [ -44.885664, -22.124042996 ], [ -44.870756, -22.130302996 ], [ -44.871231, -22.148961996 ], [ -44.846197, -22.158157996 ], [ -44.839663, -22.181855996 ], [ -44.816431, -22.191741996 ], [ -44.853547, -22.210651996 ], [ -44.87121, -22.237298996 ], [ -44.865446, -22.244932996 ], [ -44.885574, -22.252253996 ], [ -44.886106, -22.263829996 ], [ -44.909966, -22.258923996 ], [ -44.91166, -22.266685996 ], [ -44.937257061, -22.25211752 ], [ -44.941898, -22.259388996 ], [ -44.957578, -22.258958996 ], [ -44.975292, -22.278007996 ], [ -44.977975, -22.267569996 ], [ -44.9609, -22.238379996 ], [ -44.97030406, -22.232591987 ], [ -44.969701919, -22.213395289 ], [ -44.983533167, -22.211551412 ], [ -45.00238906, -22.195022516 ], [ -45.024098793, -22.201809448 ], [ -45.024141655, -22.186659416 ], [ -45.034915721, -22.183737332 ], [ -45.050296967, -22.153435722 ], [ -44.990572362, -22.14695258 ], [ -44.982173424, -22.130256838 ], [ -45.007252172, -22.111717337 ], [ -44.99048, -22.090159996 ], [ -44.967268, -22.094487996 ], [ -44.958673, -22.078114996 ] ] ] } },
{ "type": "Feature", "properties": { "CD_MUN": "3152709", "NM_MUN": "Prados", "SIGLA_UF": "MG", "AREA_KM2": 264.115 }, "geometry": { "type": "Polygon", "coordinates": [ [ [ -44.007155, -20.987258996 ], [ -43.991313, -20.992834996 ], [ -43.97876, -21.035818996 ], [ -43.963797, -21.041913996 ], [ -43.987028, -21.058326996 ], [ -44.002658, -21.058792996 ], [ -44.020528, -21.040863996 ], [ -44.040949, -21.088494996 ], [ -44.053637, -21.096751996 ], [ -44.040132, -21.124067996 ], [ -44.041396, -21.138329996 ], [ -44.032358, -21.144101996 ], [ -44.0502, -21.159509996 ], [ -44.013387, -21.160833996 ], [ -44.005595, -21.181940996 ], [ -44.010559, -21.194373996 ], [ -44.001724, -21.220770996 ], [ -44.01974, -21.240466996 ], [ -44.037183, -21.247086996 ], [ -44.050035, -21.218916996 ], [ -44.069875, -21.220384996 ], [ -44.081637, -21.196727996 ], [ -44.09747, -21.206556996 ], [ -44.111446, -21.196557996 ], [ -44.120881, -21.202889996 ], [ -44.12369, -21.196789996 ], [ -44.117039, -21.194051996 ], [ -44.126203, -21.182269996 ], [ -44.092056, -21.163080996 ], [ -44.0949, -21.138575996 ], [ -44.101181, -21.119891996 ], [ -44.110114, -21.114645996 ], [ -44.110926, -21.123219996 ], [ -44.119303, -21.120019996 ], [ -44.131127, -21.094652996 ], [ -44.14293, -21.096085996 ], [ -44.142938, -21.073348996 ], [ -44.131904, -21.064652996 ], [ -44.146196, -21.035691996 ], [ -44.11631, -21.011773996 ], [ -44.101145, -21.014413996 ], [ -44.083024, -20.994439996 ], [ -44.051283, -20.990509996 ], [ -44.05379, -21.000465996 ], [ -44.048078, -20.994996996 ], [ -44.033616, -21.003955996 ], [ -44.007155, -20.987258996 ] ] ] } },
{ "type": "Feature", "properties": { "CD_MUN": "3153103", "NM_MUN": "Presidente Bernardes", "SIGLA_UF": "MG", "AREA_KM2": 236.798 }, "geometry": { "type": "Polygon", "coordinates": [ [ [ -43.098812, -20.707884996 ], [ -43.069823, -20.726010996 ], [ -43.069609, -20.739740996 ], [ -43.049965, -20.768417996 ], [ -43.033282, -20.772467996 ], [ -43.033931, -20.784517996 ], [ -43.040672, -20.798688996 ], [ -43.06799, -20.801985996 ], [ -43.0836, -20.820065996 ], [ -43.115052, -20.837425996 ], [ -43.146898, -20.847475996 ], [ -43.144206, -20.836529996 ], [ -43.155689, -20.830131996 ], [ -43.154039, -20.815921996 ], [ -43.17539, -20.804182996 ], [ -43.193321, -20.816267996 ], [ -43.217598, -20.794270996 ], [ -43.235685, -20.803921996 ], [ -43.265062, -20.804670996 ], [ -43.280092, -20.784874996 ], [ -43.274523, -20.777235996 ], [ -43.278621, -20.755313996 ], [ -43.248931, -20.726842996 ], [ -43.228369, -20.731725996 ], [ -43.215284, -20.714551996 ], [ -43.202878, -20.715041996 ], [ -43.196174, -20.725883996 ], [ -43.184297, -20.719276996 ], [ -43.165067, -20.723129996 ], [ -43.162031, -20.729901996 ], [ -43.098812, -20.707884996 ] ] ] } },
{ "type": "Feature", "properties": { "CD_MUN": "3153509", "NM_MUN": "Alto Jequitibá", "SIGLA_UF": "MG", "AREA_KM2": 152.272 }, "geometry": { "type": "Polygon", "coordinates": [ [ [ -41.868784, -20.372119996 ], [ -41.845058064, -20.377363006 ], [ -41.836637926, -20.409114796 ], [ -41.873572, -20.397954996 ], [ -41.873348, -20.419053996 ], [ -41.886163, -20.435337996 ], [ -41.903324, -20.434868996 ], [ -41.898203, -20.439849996 ], [ -41.928381, -20.471582996 ], [ -41.932277, -20.492335996 ], [ -41.971598, -20.506163996 ], [ -41.982496, -20.484461996 ], [ -41.99093, -20.481963996 ], [ -42.016057, -20.486648996 ], [ -42.02243, -20.499239996 ], [ -42.058501, -20.499408996 ], [ -42.054206, -20.491130996 ], [ -42.062895, -20.482342996 ], [ -42.024557, -20.474454996 ], [ -42.018846, -20.452187996 ], [ -42.00637, -20.443659996 ], [ -42.012649, -20.410415996 ], [ -41.985327, -20.396433996 ], [ -41.969368, -20.397090996 ], [ -41.964169, -20.406866996 ], [ -41.948223, -20.385412996 ], [ -41.929063, -20.396088996 ], [ -41.920555, -20.384752996 ], [ -41.895696, -20.386000996 ], [ -41.868784, -20.372119996 ] ] ] } },
{ "type": "Feature", "properties": { "CD_MUN": "3154002", "NM_MUN": "Raul Soares", "SIGLA_UF": "MG", "AREA_KM2": 763.364 }, "geometry": { "type": "Polygon", "coordinates": [ [ [ -42.399722, -19.863762996 ], [ -42.370415, -19.859782996 ], [ -42.364469, -19.873767996 ], [ -42.369916, -19.878400996 ], [ -42.357196, -19.884999996 ], [ -42.351518, -19.905377996 ], [ -42.362624, -19.909935996 ], [ -42.352004, -19.919572996 ], [ -42.357767, -19.924320996 ], [ -42.352871, -19.928807996 ], [ -42.321825, -19.924667996 ], [ -42.303662, -19.937284996 ], [ -42.285549, -19.923879996 ], [ -42.274033, -19.931418996 ], [ -42.176418, -19.925145996 ], [ -42.168296, -19.954138996 ], [ -42.159051, -19.957682996 ], [ -42.160364, -19.983154996 ], [ -42.171469, -19.998127996 ], [ -42.197396, -20.003547996 ], [ -42.205295, -19.990250996 ], [ -42.235463, -19.990963996 ], [ -42.279607, -19.965357996 ], [ -42.287596, -19.972068996 ], [ -42.285469, -19.982005996 ], [ -42.270459, -19.981217996 ], [ -42.261652, -19.996503996 ], [ -42.312055, -20.008610996 ], [ -42.311773, -20.016390996 ], [ -42.32131, -20.018534996 ], [ -42.314423, -20.034319996 ], [ -42.324109, -20.053925996 ], [ -42.305859, -20.058885996 ], [ -42.284174, -20.078112996 ], [ -42.251056, -20.078635996 ], [ -42.249831, -20.094300996 ], [ -42.309228, -20.117042996 ], [ -42.310709, -20.142788996 ], [ -42.345825, -20.135411996 ], [ -42.356945, -20.140258996 ], [ -42.369485, -20.132788996 ], [ -42.368693, -20.124229996 ], [ -42.39326, -20.124549996 ], [ -42.400302, -20.137908996 ], [ -42.419691, -20.143817996 ], [ -42.41839, -20.161241996 ], [ -42.430827, -20.166102996 ], [ -42.440654, -20.195346996 ], [ -42.462475, -20.186152996 ], [ -42.467691, -20.192917996 ], [ -42.496481, -20.194825996 ], [ -42.484777, -20.188590996 ], [ -42.490785, -20.183394996 ], [ -42.477895, -20.156102996 ], [ -42.489068, -20.148110996 ], [ -42.49029, -20.134266996 ], [ -42.524628, -20.137221996 ], [ -42.52305, -20.107008996 ], [ -42.529085, -20.105672996 ], [ -42.519248, -20.100146996 ], [ -42.530601, -20.093223996 ], [ -42.517379, -20.059105996 ], [ -42.502885, -20.050650996 ], [ -42.510859, -20.020003996 ], [ -42.499936, -20.008007996 ], [ -42.507766, -19.994869996 ], [ -42.501081, -19.970239996 ], [ -42.535664, -19.957308996 ], [ -42.532247, -19.944867996 ], [ -42.53952, -19.944492996 ], [ -42.543105, -19.930641996 ], [ -42.532593, -19.925337996 ], [ -42.546786, -19.915364996 ], [ -42.541519, -19.902051996 ], [ -42.549664, -19.900295996 ], [ -42.551647, -19.886011996 ], [ -42.513946, -19.906560996 ], [ -42.488154, -19.896808996 ], [ -42.47382, -19.908971996 ], [ -42.459177, -19.900047996 ], [ -42.4391, -19.855434996 ], [ -42.428581, -19.852012996 ], [ -42.399722, -19.863762996 ] ] ] } },
{ "type": "Feature", "properties": { "CD_MUN": "3154101", "NM_MUN": "Recreio", "SIGLA_UF": "MG", "AREA_KM2": 234.296 }, "geometry": { "type": "Polygon", "coordinates": [ [ [ -42.444913, -21.434282996 ], [ -42.424157, -21.449394996 ], [ -42.388968, -21.445937996 ], [ -42.379704, -21.474641996 ], [ -42.367983, -21.485295996 ], [ -42.37158, -21.492512996 ], [ -42.348996, -21.499880996 ], [ -42.366966, -21.532441996 ], [ -42.359396, -21.551656996 ], [ -42.35083, -21.552426996 ], [ -42.353935, -21.570527996 ], [ -42.345572, -21.580224996 ], [ -42.352656083, -21.591686709 ], [ -42.384798, -21.587737996 ], [ -42.404707, -21.575386996 ], [ -42.408804, -21.599412996 ], [ -42.417267, -21.602242995 ], [ -42.429158, -21.584261995 ], [ -42.47675, -21.577184995 ], [ -42.490911, -21.557107995 ], [ -42.514226, -21.561097995 ], [ -42.533248, -21.539405995 ], [ -42.555393, -21.539560995 ], [ -42.553529, -21.517938995 ], [ -42.527769, -21.512713995 ], [ -42.487741, -21.472002995 ], [ -42.47363, -21.471737995 ], [ -42.468496, -21.460230995 ], [ -42.480853, -21.447740995 ], [ -42.473016, -21.439513995 ], [ -42.444913, -21.434282996 ] ] ] } },
{ "type": "Feature", "properties": { "CD_MUN": "3154150", "NM_MUN": "Reduto", "SIGLA_UF": "MG", "AREA_KM2": 151.859 }, "geometry": { "type": "Polygon", "coordinates": [ [ [ -41.949127, -20.166325996 ], [ -41.93371, -20.173729996 ], [ -41.909589, -20.166689996 ], [ -41.89226, -20.174943996 ], [ -41.88739, -20.169205996 ], [ -41.874445, -20.173047996 ], [ -41.8805, -20.180898996 ], [ -41.872868, -20.198650996 ], [ -41.897728, -20.228338996 ], [ -41.893034, -20.251632996 ], [ -41.903094, -20.272407996 ], [ -41.888862, -20.295150996 ], [ -41.893946, -20.309131996 ], [ -41.91147, -20.312962996 ], [ -41.913308, -20.303563996 ], [ -41.922854, -20.308954996 ], [ -41.920465, -20.292162996 ], [ -41.929252, -20.288138996 ], [ -41.954226, -20.293981996 ], [ -41.956417, -20.301068996 ], [ -41.986825, -20.294646996 ], [ -41.993901, -20.307961996 ], [ -42.004016, -20.303922996 ], [ -42.001369, -20.229699996 ], [ -41.992827, -20.216575996 ], [ -41.968469, -20.210257996 ], [ -41.970567, -20.185309996 ], [ -41.957578, -20.181386996 ], [ -41.965968, -20.168435996 ], [ -41.954282, -20.159474996 ], [ -41.958531, -20.156077996 ], [ -41.949463, -20.155037996 ], [ -41.949127, -20.166325996 ] ] ] } },
{ "type": "Feature", "properties": { "CD_MUN": "3154903", "NM_MUN": "Rio Casca", "SIGLA_UF": "MG", "AREA_KM2": 384.381 }, "geometry": { "type": "Polygon", "coordinates": [ [ [ -42.653122, -19.986164996 ], [ -42.654488, -20.015083996 ], [ -42.646208, -20.026701996 ], [ -42.653346, -20.030268996 ], [ -42.650439, -20.046054996 ], [ -42.638192, -20.051042996 ], [ -42.621977, -20.083910996 ], [ -42.631397, -20.107914996 ], [ -42.607242, -20.139389996 ], [ -42.618526, -20.134194996 ], [ -42.626949, -20.146632996 ], [ -42.649775, -20.130257996 ], [ -42.650325, -20.137080996 ], [ -42.61492, -20.164167996 ], [ -42.56513, -20.177720996 ], [ -42.552307, -20.174683996 ], [ -42.554711, -20.186188996 ], [ -42.530374, -20.206272996 ], [ -42.552939, -20.244639996 ], [ -42.556151, -20.268083996 ], [ -42.590819, -20.271346996 ], [ -42.595671, -20.262669996 ], [ -42.604493, -20.269945996 ], [ -42.635392, -20.266188996 ], [ -42.644268, -20.274623996 ], [ -42.65991, -20.273863996 ], [ -42.671874, -20.239760996 ], [ -42.690211, -20.238793996 ], [ -42.677182, -20.208347996 ], [ -42.682255, -20.200411996 ], [ -42.730238, -20.183281996 ], [ -42.72547, -20.166900996 ], [ -42.709223, -20.162024996 ], [ -42.707689, -20.148998996 ], [ -42.74061, -20.127369996 ], [ -42.761534, -20.122816996 ], [ -42.755641, -20.107084996 ], [ -42.764148, -20.088897996 ], [ -42.759904, -20.071693996 ], [ -42.784482, -20.062262996 ], [ -42.77246, -20.061478996 ], [ -42.769989, -20.052002996 ], [ -42.743306, -20.050229996 ], [ -42.755265, -20.020574996 ], [ -42.745135, -20.023576996 ], [ -42.736984, -20.000511996 ], [ -42.715938, -20.016253996 ], [ -42.690814, -19.987939996 ], [ -42.69441, -19.997684996 ], [ -42.662116, -19.994015996 ], [ -42.653122, -19.986164996 ] ] ] } },
{ "type": "Feature", "properties": { "CD_MUN": "3155405", "NM_MUN": "Rio Novo", "SIGLA_UF": "MG", "AREA_KM2": 209.31 }, "geometry": { "type": "Polygon", "coordinates": [ [ [ -43.159448, -21.392061996 ], [ -43.133528, -21.398324996 ], [ -43.119067, -21.419926996 ], [ -43.090201, -21.429795996 ], [ -43.085617, -21.440233996 ], [ -43.04712, -21.425474996 ], [ -43.040924, -21.433197996 ], [ -43.053313, -21.457832995 ], [ -43.062428, -21.456125995 ], [ -43.051447, -21.482305995 ], [ -43.061766, -21.517979995 ], [ -43.081884, -21.523195995 ], [ -43.076155, -21.539075995 ], [ -43.090775, -21.557016995 ], [ -43.10623, -21.554553995 ], [ -43.123182, -21.571009995 ], [ -43.118079, -21.542570995 ], [ -43.103638, -21.518543995 ], [ -43.109883, -21.504042995 ], [ -43.132544, -21.520948995 ], [ -43.147281, -21.513995995 ], [ -43.158045, -21.527672995 ], [ -43.165974, -21.502692995 ], [ -43.185847, -21.514720995 ], [ -43.214316, -21.507653995 ], [ -43.235355, -21.494851995 ], [ -43.211908, -21.492315995 ], [ -43.211948, -21.485400995 ], [ -43.201262, -21.483793995 ], [ -43.203108, -21.469498995 ], [ -43.225437, -21.465467995 ], [ -43.230923, -21.452750995 ], [ -43.256812, -21.464041995 ], [ -43.263209, -21.448058996 ], [ -43.258657, -21.412406996 ], [ -43.211358, -21.416731996 ], [ -43.193199, -21.429031996 ], [ -43.184066, -21.422611996 ], [ -43.167322, -21.426680996 ], [ -43.159156, -21.419687996 ], [ -43.16583, -21.403845996 ], [ -43.159448, -21.392061996 ] ] ] } },
{ "type": "Feature", "properties": { "CD_MUN": "3155801", "NM_MUN": "Rio Pomba", "SIGLA_UF": "MG", "AREA_KM2": 252.418 }, "geometry": { "type": "Polygon", "coordinates": [ [ [ -43.120075, -21.119081996 ], [ -43.110733, -21.136514996 ], [ -43.112523, -21.152506996 ], [ -43.097922, -21.155615996 ], [ -43.092725, -21.173816996 ], [ -43.096838, -21.197994996 ], [ -43.110622, -21.201886996 ], [ -43.118945, -21.218638996 ], [ -43.105059, -21.262751996 ], [ -43.076065, -21.275337996 ], [ -43.073179, -21.290949996 ], [ -43.111932, -21.300992996 ], [ -43.112118, -21.293582996 ], [ -43.125363, -21.293504996 ], [ -43.128336, -21.310080996 ], [ -43.138749, -21.317814996 ], [ -43.140761, -21.310123996 ], [ -43.161439, -21.305423996 ], [ -43.157122, -21.314572996 ], [ -43.178497, -21.352363996 ], [ -43.185105, -21.341456996 ], [ -43.178111, -21.331048996 ], [ -43.195572, -21.321309996 ], [ -43.215139, -21.318384996 ], [ -43.221421, -21.331029996 ], [ -43.240734, -21.334189996 ], [ -43.261863, -21.315744996 ], [ -43.272587, -21.316695996 ], [ -43.269799, -21.301855996 ], [ -43.246094, -21.290361996 ], [ -43.253205, -21.280482996 ], [ -43.268387, -21.278373996 ], [ -43.262135, -21.270204996 ], [ -43.271268, -21.253211996 ], [ -43.25212, -21.242594996 ], [ -43.244784, -21.210869996 ], [ -43.201741, -21.222636996 ], [ -43.183596, -21.198649996 ], [ -43.161254, -21.185322996 ], [ -43.172199, -21.155600996 ], [ -43.159133, -21.152782996 ], [ -43.151321, -21.135488996 ], [ -43.147076, -21.147392996 ], [ -43.135997, -21.150435996 ], [ -43.135023, -21.139827996 ], [ -43.128643, -21.139596996 ], [ -43.131674, -21.120105996 ], [ -43.120075, -21.119081996 ] ] ] } },
{ "type": "Feature", "properties": { "CD_MUN": "3155900", "NM_MUN": "Rio Preto", "SIGLA_UF": "MG", "AREA_KM2": 348.046 }, "geometry": { "type": "Polygon", "coordinates": [ [ [ -43.962166, -21.955338996 ], [ -43.950902, -21.965171996 ], [ -43.92723, -21.963025996 ], [ -43.895754, -21.974175996 ], [ -43.892292, -21.965998996 ], [ -43.86842, -21.962106996 ], [ -43.848926, -21.975526996 ], [ -43.823781, -21.970755996 ], [ -43.806334, -21.993720996 ], [ -43.78592, -21.992815996 ], [ -43.79044, -22.003163996 ], [ -43.784045, -22.013873996 ], [ -43.754473, -22.017093996 ], [ -43.708660583, -22.08040505 ], [ -43.741093304, -22.095437816 ], [ -43.76153521, -22.080172756 ], [ -43.755799751, -22.076240347 ], [ -43.765705447, -22.062175472 ], [ -43.842370494, -22.099641098 ], [ -43.879197848, -22.09951956 ], [ -43.879651375, -22.114021367 ], [ -43.977148647, -22.146398779 ], [ -43.977321, -22.128449996 ], [ -43.968646, -22.120566996 ], [ -43.980704, -22.094897996 ], [ -43.970244, -22.077801996 ], [ -43.970356, -22.045802996 ], [ -43.935915, -22.035112996 ], [ -43.974118, -22.018025996 ], [ -44.000123, -22.022138996 ], [ -44.00364, -21.988640996 ], [ -43.978411, -21.957773996 ], [ -43.962166, -21.955338996 ] ] ] } },
{ "type": "Feature", "properties": { "CD_MUN": "3156205", "NM_MUN": "Rochedo de Minas", "SIGLA_UF": "MG", "AREA_KM2": 79.402 }, "geometry": { "type": "Polygon", "coordinates": [ [ [ -43.0203, -21.584824996 ], [ -42.985199, -21.602843996 ], [ -42.977266, -21.645055996 ], [ -42.997206, -21.664002996 ], [ -42.996701, -21.673347996 ], [ -43.028941, -21.675632996 ], [ -43.030186, -21.688540995 ], [ -43.038948, -21.686936995 ], [ -43.046453, -21.696081995 ], [ -43.081624, -21.658213995 ], [ -43.09135, -21.659643996 ], [ -43.084245, -21.640699996 ], [ -43.068347, -21.640200996 ], [ -43.074777, -21.626499996 ], [ -43.056655, -21.626589996 ], [ -43.031035, -21.590351996 ], [ -43.0203, -21.584824996 ] ] ] } },
{ "type": "Feature", "properties": { "CD_MUN": "3156304", "NM_MUN": "Rodeiro", "SIGLA_UF": "MG", "AREA_KM2": 72.673 }, "geometry": { "type": "Polygon", "coordinates": [ [ [ -42.859772, -21.159405996 ], [ -42.804673, -21.178131996 ], [ -42.815067, -21.191877996 ], [ -42.799339, -21.227506996 ], [ -42.80845, -21.234172996 ], [ -42.799539, -21.247604996 ], [ -42.805344, -21.259745996 ], [ -42.853019, -21.269720996 ], [ -42.842511, -21.246753996 ], [ -42.861374, -21.241956996 ], [ -42.857595, -21.236046996 ], [ -42.868654, -21.231054996 ], [ -42.867829, -21.212532996 ], [ -42.879326, -21.198596496 ], [ -42.892453, -21.204577996 ], [ -42.899255, -21.194815996 ], [ -42.879274, -21.180592996 ], [ -42.880397, -21.169124996 ], [ -42.859772, -21.159405996 ] ] ] } },
{ "type": "Feature", "properties": { "CD_MUN": "3156452", "NM_MUN": "Rosário da Limeira", "SIGLA_UF": "MG", "AREA_KM2": 111.156 }, "geometry": { "type": "Polygon", "coordinates": [ [ [ -42.566112, -20.922061996 ], [ -42.529155, -20.937499996 ], [ -42.523659, -20.950724996 ], [ -42.499884, -20.942617996 ], [ -42.489387, -20.958241996 ], [ -42.473564, -20.962572996 ], [ -42.460703, -20.965068996 ], [ -42.449942, -20.954723996 ], [ -42.428844, -20.953344996 ], [ -42.4232, -20.982139996 ], [ -42.441563, -21.005108996 ], [ -42.439969, -21.016237996 ], [ -42.469875, -21.010666996 ], [ -42.472873, -21.001146996 ], [ -42.479426, -21.013566996 ], [ -42.497193, -21.002970996 ], [ -42.514061, -21.004333996 ], [ -42.5281, -20.988163996 ], [ -42.53996, -20.996824996 ], [ -42.530703, -21.003086996 ], [ -42.526547, -21.030722996 ], [ -42.539107, -21.042834996 ], [ -42.550359, -21.041844996 ], [ -42.549233, -21.031958996 ], [ -42.558877, -21.026631996 ], [ -42.554771, -21.014929996 ], [ -42.57099, -21.011393996 ], [ -42.580498, -20.990065996 ], [ -42.563153, -20.972116996 ], [ -42.581771, -20.953710996 ], [ -42.579557, -20.940191996 ], [ -42.566112, -20.922061996 ] ] ] } },
{ "type": "Feature", "properties": { "CD_MUN": "3157252", "NM_MUN": "Santa Bárbara do Leste", "SIGLA_UF": "MG", "AREA_KM2": 107.402 }, "geometry": { "type": "Polygon", "coordinates": [ [ [ -42.052253, -19.901429996 ], [ -42.037068, -19.894950996 ], [ -42.022406, -19.899447996 ], [ -42.02039, -19.917351996 ], [ -42.056386, -19.950632996 ], [ -42.075519, -19.937129996 ], [ -42.085331, -19.960274996 ], [ -42.10453, -19.967273996 ], [ -42.113932, -20.008062996 ], [ -42.125562, -20.019076996 ], [ -42.14176, -20.015720996 ], [ -42.163221, -19.989849996 ], [ -42.158952, -19.958164996 ], [ -42.168517, -19.953634996 ], [ -42.156668, -19.913461996 ], [ -42.131548, -19.909825996 ], [ -42.096971, -19.920533996 ], [ -42.094304, -19.895745996 ], [ -42.074017, -19.884883996 ], [ -42.052253, -19.901429996 ] ] ] } },
{ "type": "Feature", "properties": { "CD_MUN": "3157278", "NM_MUN": "Santa Bárbara do Monte Verde", "SIGLA_UF": "MG", "AREA_KM2": 417.925 }, "geometry": { "type": "Polygon", "coordinates": [ [ [ -43.682916, -21.837457996 ], [ -43.657416, -21.866082995 ], [ -43.640714, -21.872834995 ], [ -43.637128, -21.890763995 ], [ -43.651863, -21.894046995 ], [ -43.651424, -21.905643995 ], [ -43.641236, -21.910833995 ], [ -43.608621, -21.905210995 ], [ -43.578526, -21.953694995 ], [ -43.57639, -21.963762995 ], [ -43.59546, -21.978275995 ], [ -43.587575, -21.986818995 ], [ -43.589286, -22.005028996 ], [ -43.637448, -22.023367996 ], [ -43.633742, -22.036269996 ], [ -43.591411554, -22.055785768 ], [ -43.619614401, -22.084276623 ], [ -43.620709503, -22.075261389 ], [ -43.64595216, -22.064852388 ], [ -43.665907354, -22.074708307 ], [ -43.672455843, -22.090449017 ], [ -43.681614879, -22.071566802 ], [ -43.709626, -22.075588996 ], [ -43.754473, -22.017093996 ], [ -43.784552, -22.013368996 ], [ -43.790617, -22.000586996 ], [ -43.78592, -21.992815996 ], [ -43.804854, -21.994378996 ], [ -43.823781, -21.970755996 ], [ -43.848926, -21.975526996 ], [ -43.860125, -21.964884996 ], [ -43.814689, -21.957257996 ], [ -43.780791, -21.936851996 ], [ -43.764974, -21.908569996 ], [ -43.77717, -21.890023996 ], [ -43.776564, -21.871965996 ], [ -43.742349, -21.854947996 ], [ -43.728241, -21.862566996 ], [ -43.716105, -21.858422996 ], [ -43.693365, -21.837118996 ], [ -43.682916, -21.837457996 ] ] ] } },
{ "type": "Feature", "properties": { "CD_MUN": "3157302", "NM_MUN": "Santa Bárbara do Tugúrio", "SIGLA_UF": "MG", "AREA_KM2": 194.564 }, "geometry": { "type": "Polygon", "coordinates": [ [ [ -43.595094, -21.166465996 ], [ -43.564487, -21.173239996 ], [ -43.547686, -21.203656996 ], [ -43.500446, -21.201626996 ], [ -43.491813, -21.191503996 ], [ -43.443121, -21.196629996 ], [ -43.43536, -21.223227996 ], [ -43.447598, -21.225541996 ], [ -43.441194, -21.250674996 ], [ -43.459566, -21.262934996 ], [ -43.461804, -21.276157996 ], [ -43.50351, -21.298180996 ], [ -43.506607, -21.315715996 ], [ -43.527996, -21.312571996 ], [ -43.542572, -21.320706996 ], [ -43.555276, -21.306201996 ], [ -43.580847, -21.318766996 ], [ -43.611056, -21.236088996 ], [ -43.609347, -21.221046996 ], [ -43.598476, -21.211209996 ], [ -43.595094, -21.166465996 ] ] ] } },
{ "type": "Feature", "properties": { "CD_MUN": "3157401", "NM_MUN": "Santa Cruz do Escalvado", "SIGLA_UF": "MG", "AREA_KM2": 258.726 }, "geometry": { "type": "Polygon", "coordinates": [ [ [ -42.797635, -20.126700996 ], [ -42.74061, -20.127369996 ], [ -42.707269, -20.150477996 ], [ -42.710383, -20.163533996 ], [ -42.726798, -20.169248996 ], [ -42.730238, -20.183281996 ], [ -42.723408, -20.191020996 ], [ -42.729841, -20.198814996 ], [ -42.780449, -20.236382996 ], [ -42.774147, -20.263376996 ], [ -42.762509, -20.268397996 ], [ -42.765785, -20.278536996 ], [ -42.802745, -20.316865996 ], [ -42.824513, -20.314640996 ], [ -42.858857, -20.336663996 ], [ -42.897713, -20.327384996 ], [ -42.886486, -20.302568996 ], [ -42.901337, -20.290121996 ], [ -42.917612, -20.295093996 ], [ -42.919282, -20.284478996 ], [ -42.903372, -20.280219996 ], [ -42.918407, -20.273757996 ], [ -42.917124, -20.258084996 ], [ -42.885518117, -20.255138205 ], [ -42.885108, -20.238695996 ], [ -42.875555, -20.234997996 ], [ -42.882303, -20.221138996 ], [ -42.874822, -20.205670996 ], [ -42.862592, -20.201092996 ], [ -42.848535, -20.208393996 ], [ -42.851688, -20.195700996 ], [ -42.843337, -20.190858996 ], [ -42.830139939, -20.201964302 ], [ -42.823343, -20.195187996 ], [ -42.831174, -20.169793996 ], [ -42.826955, -20.157769996 ], [ -42.797542, -20.136224996 ], [ -42.797635, -20.126700996 ] ] ] } },
{ "type": "Feature", "properties": { "CD_MUN": "3157906", "NM_MUN": "Santa Margarida", "SIGLA_UF": "MG", "AREA_KM2": 255.73 }, "geometry": { "type": "Polygon", "coordinates": [ [ [ -42.208625, -20.323252996 ], [ -42.184801, -20.353733996 ], [ -42.194414, -20.378317996 ], [ -42.179337, -20.406554996 ], [ -42.181556, -20.422585996 ], [ -42.188214, -20.433916996 ], [ -42.208572, -20.431551996 ], [ -42.204022, -20.436707996 ], [ -42.214127, -20.467649996 ], [ -42.24024, -20.477050996 ], [ -42.246182, -20.496616996 ], [ -42.258847, -20.500187996 ], [ -42.256377, -20.508171996 ], [ -42.267706, -20.516236996 ], [ -42.277057, -20.548037996 ], [ -42.289267, -20.554723996 ], [ -42.29753, -20.538892996 ], [ -42.307474, -20.535943996 ], [ -42.318715, -20.547531996 ], [ -42.313784, -20.520251996 ], [ -42.320701, -20.514353996 ], [ -42.316975, -20.506950996 ], [ -42.335063, -20.495652996 ], [ -42.326263, -20.467911996 ], [ -42.344131, -20.436476996 ], [ -42.346351, -20.381550996 ], [ -42.328963, -20.379409996 ], [ -42.320896, -20.369964996 ], [ -42.305504, -20.381387996 ], [ -42.289248, -20.378312996 ], [ -42.277455, -20.365855996 ], [ -42.279503, -20.343649996 ], [ -42.254583, -20.336434996 ], [ -42.241301, -20.342996996 ], [ -42.238367, -20.333007996 ], [ -42.224012, -20.334718996 ], [ -42.208625, -20.323252996 ] ] ] } },
{ "type": "Feature", "properties": { "CD_MUN": "3158409", "NM_MUN": "Santana de Cataguases", "SIGLA_UF": "MG", "AREA_KM2": 161.486 }, "geometry": { "type": "Polygon", "coordinates": [ [ [ -42.532685, -21.203309996 ], [ -42.524578, -21.210478996 ], [ -42.535782, -21.220080996 ], [ -42.532817, -21.230300996 ], [ -42.491691, -21.248447996 ], [ -42.478045, -21.263427996 ], [ -42.468679, -21.261268996 ], [ -42.46452, -21.272476996 ], [ -42.514822, -21.320831996 ], [ -42.559794, -21.336184996 ], [ -42.564632, -21.350438996 ], [ -42.626235, -21.347400996 ], [ -42.628694, -21.326449996 ], [ -42.620083, -21.324894996 ], [ -42.629539, -21.312326996 ], [ -42.619827, -21.306202996 ], [ -42.625541, -21.296238996 ], [ -42.591791, -21.300619996 ], [ -42.615841, -21.286244996 ], [ -42.588392, -21.261201996 ], [ -42.606464, -21.247974996 ], [ -42.613851, -21.229788996 ], [ -42.591254, -21.215292996 ], [ -42.557562, -21.223502996 ], [ -42.549362, -21.208551996 ], [ -42.532685, -21.203309996 ] ] ] } },
{ "type": "Feature", "properties": { "CD_MUN": "3158607", "NM_MUN": "Santana do Deserto", "SIGLA_UF": "MG", "AREA_KM2": 182.655 }, "geometry": { "type": "Polygon", "coordinates": [ [ [ -43.200807, -21.842122995 ], [ -43.178204, -21.867747996 ], [ -43.169327, -21.867298996 ], [ -43.163893, -21.893958996 ], [ -43.154267, -21.898384996 ], [ -43.147124, -21.887194996 ], [ -43.134214, -21.883265996 ], [ -43.13726, -21.908544996 ], [ -43.152256, -21.925773996 ], [ -43.116897, -21.922245996 ], [ -43.107073, -21.929426996 ], [ -43.117803, -21.934752996 ], [ -43.109308, -21.951187996 ], [ -43.117112, -21.952713996 ], [ -43.113827, -21.964711996 ], [ -43.13187, -21.964407996 ], [ -43.118806, -21.983392996 ], [ -43.142221, -21.980694996 ], [ -43.144896, -22.008801997 ], [ -43.132337598, -22.030199817 ], [ -43.153638971, -22.032979477 ], [ -43.169574359, -22.021810478 ], [ -43.202029474, -22.03746088 ], [ -43.201870304, -22.025510841 ], [ -43.220508654, -22.033831802 ], [ -43.227691372, -22.028750932 ], [ -43.217919, -22.010515996 ], [ -43.228152, -21.992122996 ], [ -43.222459, -21.969817996 ], [ -43.23453, -21.959962996 ], [ -43.239282, -21.940048996 ], [ -43.254273, -21.930204996 ], [ -43.237082, -21.925077995 ], [ -43.213373, -21.896182995 ], [ -43.22756, -21.896841995 ], [ -43.221556, -21.889624995 ], [ -43.23698, -21.861753995 ], [ -43.223967, -21.845835995 ], [ -43.200807, -21.842122995 ] ] ] } },
{ "type": "Feature", "properties": { "CD_MUN": "3158706", "NM_MUN": "Santana do Garambéu", "SIGLA_UF": "MG", "AREA_KM2": 203.074 }, "geometry": { "type": "Polygon", "coordinates": [ [ [ -44.083707, -21.556643996 ], [ -44.034487, -21.603666996 ], [ -44.013645, -21.600585996 ], [ -44.008461, -21.619614996 ], [ -43.967691, -21.627993996 ], [ -43.947673, -21.650419996 ], [ -43.970234, -21.654211996 ], [ -43.980882, -21.668717996 ], [ -44.010032, -21.659024996 ], [ -44.016964, -21.676442996 ], [ -43.995901, -21.679768996 ], [ -43.987624, -21.696903996 ], [ -44.024354, -21.714148996 ], [ -44.053776, -21.713246996 ], [ -44.071263, -21.730486996 ], [ -44.081554, -21.722803996 ], [ -44.070747, -21.712263996 ], [ -44.079839, -21.701989996 ], [ -44.068959, -21.679296996 ], [ -44.075618, -21.662665996 ], [ -44.084787, -21.665439996 ], [ -44.087821, -21.656306996 ], [ -44.093824, -21.669522996 ], [ -44.111395, -21.660154996 ], [ -44.120794, -21.669912996 ], [ -44.136724, -21.656303996 ], [ -44.151454, -21.661695996 ], [ -44.153545, -21.654828996 ], [ -44.141843, -21.643954996 ], [ -44.166943, -21.615677996 ], [ -44.160334, -21.585757996 ], [ -44.142871, -21.585575996 ], [ -44.134047, -21.570136996 ], [ -44.105034, -21.580624996 ], [ -44.085354, -21.543996996 ], [ -44.083707, -21.556643996 ] ] ] } },
{ "type": "Feature", "properties": { "CD_MUN": "3158904", "NM_MUN": "Santana do Manhuaçu", "SIGLA_UF": "MG", "AREA_KM2": 347.362 }, "geometry": { "type": "Polygon", "coordinates": [ [ [ -41.84142, -19.925345996 ], [ -41.841708, -19.941986996 ], [ -41.806947, -19.948479996 ], [ -41.797954, -19.978627996 ], [ -41.810843, -19.994480996 ], [ -41.805039, -20.032522996 ], [ -41.824374, -20.064614996 ], [ -41.816755, -20.084801996 ], [ -41.826206, -20.089511996 ], [ -41.829732, -20.115118996 ], [ -41.857433, -20.140764996 ], [ -41.853527, -20.147715996 ], [ -41.885136, -20.163025996 ], [ -41.891249, -20.174911996 ], [ -41.908615, -20.166748996 ], [ -41.922254, -20.173605996 ], [ -41.947186, -20.169204996 ], [ -41.949463, -20.155037996 ], [ -41.958789, -20.155889996 ], [ -41.985697, -20.128340996 ], [ -41.97296, -20.112382996 ], [ -41.97494, -20.102067996 ], [ -41.953048, -20.091911996 ], [ -41.958217, -20.086393996 ], [ -41.950424, -20.079043996 ], [ -41.970778, -20.070087996 ], [ -41.966549, -20.057855996 ], [ -41.983849, -20.054021996 ], [ -41.977812, -20.043817996 ], [ -41.987578, -20.016597996 ], [ -41.985222, -19.996007996 ], [ -41.952416, -19.981751996 ], [ -41.895051, -19.997291996 ], [ -41.884743, -19.985102996 ], [ -41.895336, -19.973860996 ], [ -41.890704, -19.954932996 ], [ -41.858576, -19.943961996 ], [ -41.84142, -19.925345996 ] ] ] } },
{ "type": "Feature", "properties": { "CD_MUN": "3159308", "NM_MUN": "Santa Rita de Jacutinga", "SIGLA_UF": "MG", "AREA_KM2": 420.94 }, "geometry": { "type": "Polygon", "coordinates": [ [ [ -44.082788, -21.994812996 ], [ -44.071885, -22.011615996 ], [ -44.06092, -22.010135996 ], [ -44.060193, -22.027533996 ], [ -44.051406, -22.032362996 ], [ -44.029935, -22.022647996 ], [ -43.974401, -22.017990996 ], [ -43.936162, -22.034433996 ], [ -43.970356, -22.045802996 ], [ -43.970244, -22.077801996 ], [ -43.980704, -22.094897996 ], [ -43.968646, -22.120566996 ], [ -43.977395, -22.128679996 ], [ -43.976473887, -22.149551346 ], [ -44.004703186, -22.162725756 ], [ -44.026583105, -22.151000421 ], [ -44.041494192, -22.160823155 ], [ -44.067345239, -22.162017811 ], [ -44.08721194, -22.184594614 ], [ -44.0896455, -22.175269652 ], [ -44.100165118, -22.173035201 ], [ -44.103837581, -22.184085777 ], [ -44.12328394, -22.187691871 ], [ -44.1213924, -22.208952338 ], [ -44.141683956, -22.220386579 ], [ -44.148414423, -22.212588802 ], [ -44.163649003, -22.233054492 ], [ -44.179368524, -22.228510107 ], [ -44.186394, -22.222970995 ], [ -44.181799, -22.195462995 ], [ -44.200341, -22.178130995 ], [ -44.191649, -22.167673995 ], [ -44.200698, -22.162468995 ], [ -44.193254, -22.136311995 ], [ -44.202562, -22.126541995 ], [ -44.222953, -22.127485995 ], [ -44.217578, -22.105488995 ], [ -44.191622, -22.103565995 ], [ -44.187921, -22.093534995 ], [ -44.196567, -22.081833995 ], [ -44.20679, -22.084399995 ], [ -44.209517, -22.074883995 ], [ -44.146862, -22.034200996 ], [ -44.141195, -22.027043996 ], [ -44.145403, -22.016111996 ], [ -44.134143, -22.015855996 ], [ -44.123726, -21.996089996 ], [ -44.082788, -21.994812996 ] ] ] } },
{ "type": "Feature", "properties": { "CD_MUN": "3159357", "NM_MUN": "Santa Rita de Minas", "SIGLA_UF": "MG", "AREA_KM2": 68.153 }, "geometry": { "type": "Polygon", "coordinates": [ [ [ -42.173574, -19.829190996 ], [ -42.149921, -19.838233996 ], [ -42.140128, -19.830706996 ], [ -42.106315, -19.847668996 ], [ -42.077038, -19.844759996 ], [ -42.075237, -19.885456996 ], [ -42.094304, -19.895745996 ], [ -42.096584, -19.920279996 ], [ -42.131548, -19.909825996 ], [ -42.156668, -19.913461996 ], [ -42.164807, -19.894487996 ], [ -42.152751, -19.876985996 ], [ -42.157268, -19.860676996 ], [ -42.167582, -19.861063996 ], [ -42.164328, -19.845320996 ], [ -42.173574, -19.829190996 ] ] ] } },
{ "type": "Feature", "properties": { "CD_MUN": "3159407", "NM_MUN": "Santa Rita de Ibitipoca", "SIGLA_UF": "MG", "AREA_KM2": 324.234 }, "geometry": { "type": "Polygon", "coordinates": [ [ [ -43.87027, -21.496387996 ], [ -43.861804, -21.504241996 ], [ -43.855646, -21.496870996 ], [ -43.838371, -21.509917996 ], [ -43.831413, -21.501270996 ], [ -43.815588, -21.517955996 ], [ -43.813813, -21.540155996 ], [ -43.815055, -21.556711996 ], [ -43.829324, -21.553185996 ], [ -43.841302, -21.580326996 ], [ -43.827233, -21.605846996 ], [ -43.835122, -21.632358996 ], [ -43.857354, -21.645415996 ], [ -43.873016, -21.678840996 ], [ -43.883003, -21.684318996 ], [ -43.944406, -21.637302996 ], [ -44.008461, -21.619614996 ], [ -44.013891, -21.600483996 ], [ -44.038614, -21.600663996 ], [ -44.040016, -21.591507996 ], [ -44.084152, -21.559438996 ], [ -44.091297, -21.531459996 ], [ -44.085764, -21.518510996 ], [ -44.082721, -21.526059996 ], [ -44.060524, -21.527742996 ], [ -44.054708, -21.517542996 ], [ -44.026336, -21.534987996 ], [ -44.012343, -21.539077996 ], [ -44.002819, -21.530025996 ], [ -43.999023, -21.542139996 ], [ -43.979793, -21.543770996 ], [ -43.952424, -21.520040996 ], [ -43.935767, -21.524811996 ], [ -43.92532, -21.503522996 ], [ -43.895299, -21.512098996 ], [ -43.87027, -21.496387996 ] ] ] } },
{ "type": "Feature", "properties": { "CD_MUN": "3159605", "NM_MUN": "Santa Rita do Sapucaí", "SIGLA_UF": "MG", "AREA_KM2": 352.969 }, "geometry": { "type": "Polygon", "coordinates": [ [ [ -45.632236, -22.157811996 ], [ -45.591006, -22.166495996 ], [ -45.590819, -22.177788996 ], [ -45.577159, -22.188815996 ], [ -45.518309, -22.216591996 ], [ -45.555816, -22.246858996 ], [ -45.549007, -22.275281996 ], [ -45.559033, -22.292210996 ], [ -45.571918, -22.296422996 ], [ -45.57466, -22.322229996 ], [ -45.588739, -22.316652996 ], [ -45.604218, -22.293427996 ], [ -45.618847, -22.293504996 ], [ -45.632396, -22.283062996 ], [ -45.641981, -22.288996996 ], [ -45.652075, -22.274146996 ], [ -45.658619, -22.278366996 ], [ -45.663016, -22.271655996 ], [ -45.67742, -22.271934996 ], [ -45.692545, -22.290761996 ], [ -45.693746, -22.278838996 ], [ -45.703719, -22.272812996 ], [ -45.720526, -22.300404996 ], [ -45.739092, -22.293447996 ], [ -45.7609, -22.301135996 ], [ -45.774698, -22.270716996 ], [ -45.815084, -22.299231996 ], [ -45.823874, -22.287525996 ], [ -45.845215, -22.280457996 ], [ -45.84577, -22.237462996 ], [ -45.854682, -22.231911996 ], [ -45.847488, -22.221921996 ], [ -45.850942, -22.212322996 ], [ -45.806927, -22.204987996 ], [ -45.742369, -22.207603996 ], [ -45.742, -22.195908996 ], [ -45.719461, -22.193391996 ], [ -45.663907, -22.164589996 ], [ -45.632236, -22.157811996 ] ] ] } },
{ "type": "Feature", "properties": { "CD_MUN": "3160009", "NM_MUN": "Santo Antônio do Aventureiro", "SIGLA_UF": "MG", "AREA_KM2": 202.032 }, "geometry": { "type": "Polygon", "coordinates": [ [ [ -42.761003, -21.659098996 ], [ -42.72997, -21.654017995 ], [ -42.728797, -21.664514995 ], [ -42.743531, -21.675019996 ], [ -42.742499, -21.686060996 ], [ -42.756352, -21.700917996 ], [ -42.75454, -21.716583996 ], [ -42.778169, -21.722969996 ], [ -42.762402, -21.736518996 ], [ -42.774636, -21.745073996 ], [ -42.760621, -21.755790996 ], [ -42.757755, -21.773211996 ], [ -42.784144, -21.790790996 ], [ -42.766169, -21.809183996 ], [ -42.780057, -21.838255996 ], [ -42.792704, -21.835649996 ], [ -42.822757, -21.849877996 ], [ -42.843424, -21.831106996 ], [ -42.890354, -21.830720996 ], [ -42.894445, -21.812404996 ], [ -42.880551, -21.799066996 ], [ -42.862624, -21.795764996 ], [ -42.849733, -21.759330996 ], [ -42.873257, -21.746154996 ], [ -42.882256, -21.714777996 ], [ -42.868329, -21.703333996 ], [ -42.854035, -21.711211996 ], [ -42.821951, -21.698615996 ], [ -42.82098, -21.662345996 ], [ -42.813784, -21.673488996 ], [ -42.809448, -21.659771996 ], [ -42.790939, -21.651070996 ], [ -42.761003, -21.659098996 ] ] ] } },
{ "type": "Feature", "properties": { "CD_MUN": "3160108", "NM_MUN": "Santo Antônio do Grama", "SIGLA_UF": "MG", "AREA_KM2": 130.213 }, "geometry": { "type": "Polygon", "coordinates": [ [ [ -42.591902, -20.269814996 ], [ -42.555142, -20.267661996 ], [ -42.55063, -20.280948996 ], [ -42.559405, -20.287732996 ], [ -42.541749, -20.296478996 ], [ -42.540651, -20.317935996 ], [ -42.550307, -20.321313996 ], [ -42.557576, -20.343186996 ], [ -42.55544, -20.355834996 ], [ -42.543038, -20.359750996 ], [ -42.552437, -20.376323996 ], [ -42.639275, -20.374669996 ], [ -42.642716, -20.357639996 ], [ -42.656097, -20.357302996 ], [ -42.646658, -20.348564996 ], [ -42.688249, -20.345971996 ], [ -42.680338, -20.327821996 ], [ -42.661922, -20.325531996 ], [ -42.666729, -20.317909996 ], [ -42.641486, -20.291819996 ], [ -42.651742, -20.281728996 ], [ -42.648983, -20.274332996 ], [ -42.635392, -20.266188996 ], [ -42.604493, -20.269945996 ], [ -42.595671, -20.262669996 ], [ -42.591902, -20.269814996 ] ] ] } },
{ "type": "Feature", "properties": { "CD_MUN": "3160702", "NM_MUN": "Santos Dumont", "SIGLA_UF": "MG", "AREA_KM2": 637.373 }, "geometry": { "type": "Polygon", "coordinates": [ [ [ -43.489484, -21.361965996 ], [ -43.472696, -21.360182996 ], [ -43.475391, -21.371172996 ], [ -43.46986, -21.373012996 ], [ -43.495804, -21.378432996 ], [ -43.499206, -21.395853996 ], [ -43.481042, -21.399904996 ], [ -43.472121, -21.411864996 ], [ -43.455945, -21.407605996 ], [ -43.45039, -21.415457996 ], [ -43.411596, -21.381168996 ], [ -43.39796, -21.386926996 ], [ -43.352695, -21.358015996 ], [ -43.345987, -21.373207996 ], [ -43.326489, -21.374388996 ], [ -43.308582, -21.391817996 ], [ -43.293613, -21.427253996 ], [ -43.303661, -21.438852996 ], [ -43.311017, -21.433296996 ], [ -43.324201, -21.456696995 ], [ -43.34393, -21.449964995 ], [ -43.351185, -21.460486995 ], [ -43.374138, -21.463709995 ], [ -43.380846, -21.489695995 ], [ -43.402587, -21.500960995 ], [ -43.401482, -21.511229995 ], [ -43.412098, -21.512034995 ], [ -43.410616, -21.523787995 ], [ -43.426729, -21.540651995 ], [ -43.450453, -21.520558995 ], [ -43.472855, -21.530591995 ], [ -43.492249, -21.519764995 ], [ -43.497698, -21.525878995 ], [ -43.506458, -21.512117995 ], [ -43.536157, -21.514934995 ], [ -43.547897, -21.521250995 ], [ -43.55557, -21.547337995 ], [ -43.565574, -21.554302995 ], [ -43.572083, -21.548116995 ], [ -43.586892, -21.569598995 ], [ -43.602252, -21.567244995 ], [ -43.634621, -21.580281995 ], [ -43.646561, -21.594274995 ], [ -43.640309, -21.608286995 ], [ -43.656018, -21.597086995 ], [ -43.66597, -21.605345995 ], [ -43.680616, -21.602453995 ], [ -43.680095, -21.588950995 ], [ -43.687259, -21.594316995 ], [ -43.704502, -21.589931995 ], [ -43.68704, -21.581489995 ], [ -43.677105, -21.556570995 ], [ -43.688154, -21.544796995 ], [ -43.684247, -21.530053995 ], [ -43.692157, -21.525250995 ], [ -43.665846, -21.517465995 ], [ -43.64891, -21.497450995 ], [ -43.658649, -21.481479995 ], [ -43.65474, -21.470002995 ], [ -43.672842, -21.466695995 ], [ -43.671676, -21.439739996 ], [ -43.70926, -21.413734996 ], [ -43.707589, -21.402937996 ], [ -43.686265, -21.384412996 ], [ -43.674734, -21.389876996 ], [ -43.657441, -21.377323996 ], [ -43.649437, -21.385519996 ], [ -43.634829, -21.373619996 ], [ -43.626875, -21.377407996 ], [ -43.614156, -21.362033996 ], [ -43.597941, -21.369538996 ], [ -43.558028, -21.356290996 ], [ -43.529644, -21.367716996 ], [ -43.503425, -21.363675996 ], [ -43.497735, -21.354965996 ], [ -43.489484, -21.361965996 ] ] ] } },
{ "type": "Feature", "properties": { "CD_MUN": "3160801", "NM_MUN": "São Bento Abade", "SIGLA_UF": "MG", "AREA_KM2": 80.403 }, "geometry": { "type": "Polygon", "coordinates": [ [ [ -45.100026, -21.505442996 ], [ -45.063647, -21.500233996 ], [ -45.064307, -21.524721996 ], [ -45.051015, -21.546894996 ], [ -45.054362, -21.557426996 ], [ -45.02755, -21.600493996 ], [ -45.036869, -21.631919996 ], [ -45.050697, -21.627155996 ], [ -45.065325, -21.633656996 ], [ -45.091875, -21.615701996 ], [ -45.108034, -21.574949996 ], [ -45.104218, -21.561487996 ], [ -45.113076, -21.547398996 ], [ -45.099799, -21.526627996 ], [ -45.100026, -21.505442996 ] ] ] } },
{ "type": "Feature", "properties": { "CD_MUN": "3161403", "NM_MUN": "São Francisco do Glória", "SIGLA_UF": "MG", "AREA_KM2": 164.613 }, "geometry": { "type": "Polygon", "coordinates": [ [ [ -42.320404, -20.704483996 ], [ -42.307826, -20.709971996 ], [ -42.308778, -20.723842996 ], [ -42.298219, -20.736136996 ], [ -42.268111, -20.744044996 ], [ -42.275709, -20.752392996 ], [ -42.270854, -20.756931996 ], [ -42.254516, -20.753530996 ], [ -42.257859, -20.748550996 ], [ -42.247217, -20.737104996 ], [ -42.219566, -20.748346996 ], [ -42.205856, -20.763282996 ], [ -42.217943, -20.792494996 ], [ -42.20132, -20.815938996 ], [ -42.235414, -20.838425996 ], [ -42.270485, -20.844572996 ], [ -42.275839, -20.859181996 ], [ -42.30486, -20.863368996 ], [ -42.309099, -20.852869996 ], [ -42.325541, -20.850761996 ], [ -42.325359, -20.835280996 ], [ -42.353962, -20.821100996 ], [ -42.346783, -20.818662996 ], [ -42.351476, -20.813709996 ], [ -42.345063, -20.804866996 ], [ -42.362141, -20.779502996 ], [ -42.348257, -20.775701996 ], [ -42.335576, -20.754321996 ], [ -42.324317, -20.749413996 ], [ -42.328402, -20.732965996 ], [ -42.320404, -20.704483996 ] ] ] } },
{ "type": "Feature", "properties": { "CD_MUN": "3161502", "NM_MUN": "São Geraldo", "SIGLA_UF": "MG", "AREA_KM2": 185.578 }, "geometry": { "type": "Polygon", "coordinates": [ [ [ -42.882393, -20.846585996 ], [ -42.850733, -20.880706996 ], [ -42.833071, -20.870592996 ], [ -42.801744, -20.882503996 ], [ -42.797485, -20.866252996 ], [ -42.778017, -20.871225996 ], [ -42.78474, -20.876964996 ], [ -42.780873, -20.882209996 ], [ -42.772152, -20.876111996 ], [ -42.763126, -20.881483996 ], [ -42.763746, -20.875943996 ], [ -42.730382, -20.861154996 ], [ -42.720672, -20.895472996 ], [ -42.724917, -20.917205996 ], [ -42.735415, -20.924389996 ], [ -42.730944, -20.939768996 ], [ -42.752176, -20.951518996 ], [ -42.75808, -20.966246996 ], [ -42.784155, -20.961140996 ], [ -42.81095, -20.935896996 ], [ -42.827529, -20.938476996 ], [ -42.863071, -20.971940996 ], [ -42.873945, -20.960648996 ], [ -42.883508, -20.961537996 ], [ -42.886758, -20.938386996 ], [ -42.9061, -20.933250996 ], [ -42.933144, -20.947367996 ], [ -42.948246, -20.938612996 ], [ -42.947, -20.923342996 ], [ -42.936921, -20.921945996 ], [ -42.920276, -20.893231996 ], [ -42.911216, -20.890788996 ], [ -42.904261, -20.875895996 ], [ -42.907882, -20.859823996 ], [ -42.882393, -20.846585996 ] ] ] } },
{ "type": "Feature", "properties": { "CD_MUN": "3162005", "NM_MUN": "São Gonçalo do Sapucaí", "SIGLA_UF": "MG", "AREA_KM2": 516.683 }, "geometry": { "type": "Polygon", "coordinates": [ [ [ -45.583083, -21.790583996 ], [ -45.498898, -21.796969996 ], [ -45.493802, -21.817811996 ], [ -45.505456, -21.836242996 ], [ -45.497675, -21.849886996 ], [ -45.485555, -21.834555996 ], [ -45.479934, -21.838271996 ], [ -45.493787, -21.856074996 ], [ -45.484171, -21.891425996 ], [ -45.487597, -21.907699996 ], [ -45.473927, -21.921357996 ], [ -45.469253, -21.940778996 ], [ -45.441518, -21.959325996 ], [ -45.436238, -21.977360996 ], [ -45.533195, -22.006475996 ], [ -45.604448, -22.018009996 ], [ -45.618566, -22.018846996 ], [ -45.616221, -22.003676996 ], [ -45.636489, -22.001205996 ], [ -45.63983, -21.987750996 ], [ -45.671298, -21.976429996 ], [ -45.685742, -21.980499996 ], [ -45.688518, -21.996448996 ], [ -45.704209, -21.986786996 ], [ -45.716805, -21.994116996 ], [ -45.722379, -21.983457996 ], [ -45.712198, -21.971558996 ], [ -45.745902, -21.928742996 ], [ -45.731397, -21.911008996 ], [ -45.737812, -21.895573996 ], [ -45.728596, -21.882893996 ], [ -45.711556, -21.877559996 ], [ -45.738301, -21.862957996 ], [ -45.73382, -21.852623996 ], [ -45.697198, -21.829583996 ], [ -45.672794, -21.831981996 ], [ -45.670758, -21.842178996 ], [ -45.641574, -21.850808996 ], [ -45.628306, -21.845127996 ], [ -45.606561, -21.849857996 ], [ -45.591739, -21.822269996 ], [ -45.605935, -21.808737996 ], [ -45.602208, -21.800927996 ], [ -45.583083, -21.790583996 ] ] ] } },
{ "type": "Feature", "properties": { "CD_MUN": "3162500", "NM_MUN": "São João del Rei", "SIGLA_UF": "MG", "AREA_KM2": 1452.002 }, "geometry": { "type": "Polygon", "coordinates": [ [ [ -44.295502, -21.040720996 ], [ -44.271968, -21.060626996 ], [ -44.273757, -21.069511996 ], [ -44.263295, -21.073118996 ], [ -44.263831, -21.083792996 ], [ -44.246196, -21.080292996 ], [ -44.234708, -21.064478996 ], [ -44.222844, -21.085344996 ], [ -44.20823704, -21.088791838 ], [ -44.203813, -21.114323996 ], [ -44.234979475, -21.12007038 ], [ -44.229421012, -21.127792742 ], [ -44.193611, -21.122600996 ], [ -44.163983, -21.132146996 ], [ -44.161801, -21.144223996 ], [ -44.144784, -21.150091996 ], [ -44.136451, -21.170988996 ], [ -44.121083, -21.178222996 ], [ -44.12625, -21.182499996 ], [ -44.117039, -21.194051996 ], [ -44.12369, -21.196789996 ], [ -44.120881, -21.202889996 ], [ -44.111446, -21.196557996 ], [ -44.09747, -21.206556996 ], [ -44.081637, -21.196727996 ], [ -44.069875, -21.220384996 ], [ -44.050035, -21.218916996 ], [ -44.038609, -21.246523996 ], [ -44.023077, -21.241263996 ], [ -44.02069, -21.253569996 ], [ -44.02691, -21.257429996 ], [ -44.005811, -21.260522996 ], [ -44.013917, -21.266364996 ], [ -44.008985, -21.271336996 ], [ -44.020381, -21.272568996 ], [ -44.011043, -21.273811996 ], [ -44.008032, -21.289269996 ], [ -43.997316, -21.286335996 ], [ -43.988412, -21.297419996 ], [ -43.997646, -21.307699996 ], [ -44.002763, -21.301644996 ], [ -44.010942, -21.307060996 ], [ -44.024413, -21.341304996 ], [ -44.01426, -21.345055996 ], [ -44.017207, -21.354100996 ], [ -44.003807, -21.367839996 ], [ -44.037217, -21.384203996 ], [ -44.054725, -21.407590996 ], [ -44.067775, -21.405778996 ], [ -44.089107, -21.435374996 ], [ -44.109007, -21.424475996 ], [ -44.114457, -21.404878996 ], [ -44.143039, -21.385694996 ], [ -44.197419, -21.391103996 ], [ -44.208347, -21.376947996 ], [ -44.260641, -21.370455996 ], [ -44.348159, -21.391861996 ], [ -44.360789, -21.406553996 ], [ -44.379201, -21.405798996 ], [ -44.385441, -21.413827996 ], [ -44.395617, -21.406082996 ], [ -44.415868, -21.414688996 ], [ -44.42315, -21.408365996 ], [ -44.433982, -21.412675996 ], [ -44.443694, -21.396674996 ], [ -44.486282, -21.409001996 ], [ -44.501834, -21.394358996 ], [ -44.513822, -21.407853996 ], [ -44.521126, -21.392731996 ], [ -44.533699, -21.391370996 ], [ -44.514052, -21.373591996 ], [ -44.522255, -21.364781996 ], [ -44.511302, -21.354135996 ], [ -44.527612, -21.335204996 ], [ -44.547375, -21.338864996 ], [ -44.553829, -21.314068996 ], [ -44.574399, -21.307344996 ], [ -44.566469, -21.297310996 ], [ -44.555043, -21.300521996 ], [ -44.533362, -21.289668996 ], [ -44.528449, -21.280943996 ], [ -44.507711, -21.279632996 ], [ -44.46435492, -21.244806 ], [ -44.461413, -21.204963996 ], [ -44.442862, -21.197910996 ], [ -44.425397, -21.178300996 ], [ -44.4233, -21.147656996 ], [ -44.404433, -21.144551996 ], [ -44.394156, -21.153153996 ], [ -44.387979, -21.134267996 ], [ -44.407051, -21.130895996 ], [ -44.416692, -21.120396996 ], [ -44.426327, -21.087918996 ], [ -44.411304, -21.097594996 ], [ -44.404286, -21.084453996 ], [ -44.405703, -21.093669996 ], [ -44.385489, -21.094995996 ], [ -44.378868, -21.080267996 ], [ -44.36617, -21.088553996 ], [ -44.352667, -21.070435996 ], [ -44.34132, -21.070714996 ], [ -44.335823, -21.082733996 ], [ -44.332715, -21.070595996 ], [ -44.316439, -21.069024996 ], [ -44.319095, -21.063469996 ], [ -44.306425, -21.058872996 ], [ -44.309413, -21.052926996 ], [ -44.296386, -21.049798996 ], [ -44.295502, -21.040720996 ] ] ] } },
{ "type": "Feature", "properties": { "CD_MUN": "3162559", "NM_MUN": "São João do Manhuaçu", "SIGLA_UF": "MG", "AREA_KM2": 143.096 }, "geometry": { "type": "Polygon", "coordinates": [ [ [ -42.195662, -20.290334996 ], [ -42.142985, -20.292163996 ], [ -42.113678, -20.305315996 ], [ -42.109996, -20.319685996 ], [ -42.123578, -20.349575996 ], [ -42.088726, -20.360429996 ], [ -42.11635, -20.388392996 ], [ -42.116421, -20.409180996 ], [ -42.1376, -20.469252996 ], [ -42.15629, -20.467679996 ], [ -42.159668, -20.456154996 ], [ -42.184883, -20.449655996 ], [ -42.188913, -20.438015996 ], [ -42.179337, -20.406554996 ], [ -42.194412, -20.377823996 ], [ -42.184801, -20.353733996 ], [ -42.206365, -20.324292996 ], [ -42.195662, -20.290334996 ] ] ] } },
{ "type": "Feature", "properties": { "CD_MUN": "3162906", "NM_MUN": "São João Nepomuceno", "SIGLA_UF": "MG", "AREA_KM2": 407.427 }, "geometry": { "type": "Polygon", "coordinates": [ [ [ -43.052319, -21.480881996 ], [ -43.024026, -21.494853996 ], [ -43.0276, -21.504088996 ], [ -42.987985, -21.488361996 ], [ -42.979881, -21.502023996 ], [ -42.960019, -21.499562996 ], [ -42.954746, -21.519710996 ], [ -42.927202, -21.518272996 ], [ -42.921944, -21.526307996 ], [ -42.909713, -21.515857996 ], [ -42.895561, -21.518605995 ], [ -42.89235, -21.529328995 ], [ -42.860254, -21.509255995 ], [ -42.862333, -21.516978995 ], [ -42.855079, -21.517139995 ], [ -42.846703, -21.535228995 ], [ -42.853654, -21.538071995 ], [ -42.873314, -21.602448996 ], [ -42.868338, -21.615424996 ], [ -42.885174, -21.643282996 ], [ -42.913302, -21.663963996 ], [ -42.937838, -21.654984996 ], [ -42.958179, -21.669946996 ], [ -42.981546, -21.649596996 ], [ -42.986061, -21.601629996 ], [ -43.020546, -21.584812996 ], [ -43.05684, -21.626739996 ], [ -43.074777, -21.626499996 ], [ -43.069705, -21.642360996 ], [ -43.084245, -21.640699996 ], [ -43.108616, -21.680683995 ], [ -43.133746, -21.694538996 ], [ -43.139023, -21.664202996 ], [ -43.160835, -21.656927996 ], [ -43.16664, -21.664632996 ], [ -43.169621, -21.652074996 ], [ -43.178478, -21.651132996 ], [ -43.169384, -21.633381996 ], [ -43.171459, -21.618628996 ], [ -43.153859, -21.596898995 ], [ -43.134705, -21.598165996 ], [ -43.10724, -21.555092995 ], [ -43.09059, -21.556844995 ], [ -43.076155, -21.539075995 ], [ -43.081884, -21.523195995 ], [ -43.061901, -21.518185995 ], [ -43.054169, -21.503243995 ], [ -43.059727, -21.496607995 ], [ -43.052319, -21.480881996 ] ] ] } },
{ "type": "Feature", "properties": { "CD_MUN": "3163201", "NM_MUN": "São José do Alegre", "SIGLA_UF": "MG", "AREA_KM2": 88.794 }, "geometry": { "type": "Polygon", "coordinates": [ [ [ -45.550567, -22.262980996 ], [ -45.521393, -22.286127996 ], [ -45.520422, -22.306863996 ], [ -45.510105, -22.311532996 ], [ -45.492616, -22.303696996 ], [ -45.491289, -22.312741996 ], [ -45.449622, -22.325816996 ], [ -45.445763, -22.354566996 ], [ -45.457303, -22.360054996 ], [ -45.483344, -22.355238996 ], [ -45.482473, -22.378410996 ], [ -45.519782, -22.365944996 ], [ -45.542385, -22.371841996 ], [ -45.554636, -22.355479996 ], [ -45.570336, -22.354869996 ], [ -45.561615, -22.337194996 ], [ -45.577088, -22.314305996 ], [ -45.571918, -22.296422996 ], [ -45.552196, -22.283383996 ], [ -45.550567, -22.262980996 ] ] ] } },
{ "type": "Feature", "properties": { "CD_MUN": "3163607", "NM_MUN": "São José do Mantimento", "SIGLA_UF": "MG", "AREA_KM2": 54.701 }, "geometry": { "type": "Polygon", "coordinates": [ [ [ -41.766011, -19.983136996 ], [ -41.735375, -19.998414996 ], [ -41.719817, -19.997779996 ], [ -41.717438, -20.005640996 ], [ -41.726319, -20.005004996 ], [ -41.736891, -20.012082996 ], [ -41.736207, -20.022247996 ], [ -41.744846, -20.022438996 ], [ -41.742047, -20.031998996 ], [ -41.750616, -20.042270996 ], [ -41.747101, -20.048687996 ], [ -41.733973, -20.047011996 ], [ -41.738691, -20.060083996 ], [ -41.758531, -20.057931996 ], [ -41.768557, -20.066875996 ], [ -41.789996, -20.042901996 ], [ -41.81076, -20.042497996 ], [ -41.804481, -20.025741996 ], [ -41.813102, -20.008530996 ], [ -41.808152, -19.990064996 ], [ -41.766011, -19.983136996 ] ] ] } },
{ "type": "Feature", "properties": { "CD_MUN": "3163706", "NM_MUN": "São Lourenço", "SIGLA_UF": "MG", "AREA_KM2": 58.019 }, "geometry": { "type": "Polygon", "coordinates": [ [ [ -45.052716759, -22.075818141 ], [ -45.03547215, -22.086251152 ], [ -45.007224645, -22.083163489 ], [ -45.008558331, -22.110109757 ], [ -44.986902049, -22.120698281 ], [ -44.981117235, -22.133201266 ], [ -44.990572362, -22.14695258 ], [ -45.035033872, -22.154393483 ], [ -45.060371216, -22.145600112 ], [ -45.063393148, -22.132731907 ], [ -45.089077631, -22.11188386 ], [ -45.052716759, -22.075818141 ] ] ] } },
{ "type": "Feature", "properties": { "CD_MUN": "3163805", "NM_MUN": "São Miguel do Anta", "SIGLA_UF": "MG", "AREA_KM2": 152.111 }, "geometry": { "type": "Polygon", "coordinates": [ [ [ -42.699869, -20.655987996 ], [ -42.674558, -20.667427996 ], [ -42.673054, -20.684647996 ], [ -42.690567, -20.694006996 ], [ -42.665699, -20.699789996 ], [ -42.67345, -20.720618996 ], [ -42.646338, -20.718576996 ], [ -42.642912, -20.731993996 ], [ -42.630838, -20.734568996 ], [ -42.630367, -20.748186996 ], [ -42.663401, -20.757416996 ], [ -42.667573, -20.777252996 ], [ -42.659232, -20.781260996 ], [ -42.668668, -20.794206996 ], [ -42.668806, -20.812778996 ], [ -42.709135, -20.839308996 ], [ -42.712423, -20.814490996 ], [ -42.704298, -20.802400996 ], [ -42.692284, -20.802958996 ], [ -42.679277, -20.778182996 ], [ -42.688849, -20.773486996 ], [ -42.723146, -20.780556996 ], [ -42.729689, -20.749529996 ], [ -42.752765, -20.745943996 ], [ -42.762041, -20.726604996 ], [ -42.770324, -20.731302996 ], [ -42.793615, -20.700010996 ], [ -42.77675, -20.669566996 ], [ -42.746461, -20.660672996 ], [ -42.734321, -20.669875996 ], [ -42.699869, -20.655987996 ] ] ] } },
{ "type": "Feature", "properties": { "CD_MUN": "3164001", "NM_MUN": "São Pedro dos Ferros", "SIGLA_UF": "MG", "AREA_KM2": 402.739 }, "geometry": { "type": "Polygon", "coordinates": [ [ [ -42.551693, -19.888400996 ], [ -42.549664, -19.900295996 ], [ -42.541519, -19.902051996 ], [ -42.546786, -19.915364996 ], [ -42.532593, -19.925337996 ], [ -42.543105, -19.930641996 ], [ -42.53952, -19.944492996 ], [ -42.532247, -19.944867996 ], [ -42.535664, -19.957308996 ], [ -42.501081, -19.970239996 ], [ -42.507766, -19.994869996 ], [ -42.499936, -20.008007996 ], [ -42.510859, -20.020003996 ], [ -42.502885, -20.050650996 ], [ -42.517211, -20.058863996 ], [ -42.529331, -20.081495996 ], [ -42.530219, -20.094185996 ], [ -42.519248, -20.100146996 ], [ -42.529085, -20.105672996 ], [ -42.52305, -20.107008996 ], [ -42.527924, -20.128363996 ], [ -42.524628, -20.137221996 ], [ -42.512894, -20.139939996 ], [ -42.49029, -20.134266996 ], [ -42.489068, -20.148110996 ], [ -42.477548, -20.157515996 ], [ -42.490785, -20.183394996 ], [ -42.484777, -20.188590996 ], [ -42.506884, -20.197184996 ], [ -42.503924, -20.204218996 ], [ -42.51802, -20.212293996 ], [ -42.52923, -20.234152996 ], [ -42.531026, -20.251989996 ], [ -42.549198, -20.263449996 ], [ -42.556771, -20.255872996 ], [ -42.530374, -20.206272996 ], [ -42.554711, -20.186188996 ], [ -42.552307, -20.174683996 ], [ -42.56513, -20.177720996 ], [ -42.61492, -20.164167996 ], [ -42.650878, -20.136014996 ], [ -42.649775, -20.130257996 ], [ -42.626949, -20.146632996 ], [ -42.618526, -20.134194996 ], [ -42.607242, -20.139389996 ], [ -42.631397, -20.107914996 ], [ -42.621977, -20.083910996 ], [ -42.638192, -20.051042996 ], [ -42.650439, -20.046054996 ], [ -42.653346, -20.030268996 ], [ -42.646208, -20.026701996 ], [ -42.655623, -20.008750996 ], [ -42.650002, -19.998119996 ], [ -42.655818, -19.998041996 ], [ -42.651192, -19.980739996 ], [ -42.628038, -19.955177996 ], [ -42.636002, -19.947069996 ], [ -42.636941, -19.927311996 ], [ -42.551693, -19.888400996 ] ] ] } },
{ "type": "Feature", "properties": { "CD_MUN": "3164407", "NM_MUN": "São Sebastião da Bela Vista", "SIGLA_UF": "MG", "AREA_KM2": 167.428 }, "geometry": { "type": "Polygon", "coordinates": [ [ [ -45.757586, -22.094749996 ], [ -45.747696, -22.110101996 ], [ -45.742827, -22.103392996 ], [ -45.728233, -22.113846996 ], [ -45.717872, -22.135803996 ], [ -45.6919, -22.135831996 ], [ -45.664914, -22.168108996 ], [ -45.719461, -22.193391996 ], [ -45.742, -22.195908996 ], [ -45.742369, -22.207603996 ], [ -45.84864, -22.211510996 ], [ -45.854183454, -22.236428359 ], [ -45.873259764, -22.225548084 ], [ -45.86395763, -22.217520222 ], [ -45.875976528, -22.213478243 ], [ -45.875297912, -22.196171146 ], [ -45.864433166, -22.202474139 ], [ -45.851932153, -22.194516747 ], [ -45.847493362, -22.188461728 ], [ -45.857403727, -22.190748101 ], [ -45.86007019, -22.181847864 ], [ -45.831227517, -22.148624064 ], [ -45.848049528, -22.132750036 ], [ -45.839024468, -22.125525876 ], [ -45.834084314, -22.134472186 ], [ -45.822221411, -22.130512607 ], [ -45.81691, -22.096210996 ], [ -45.770657, -22.105957996 ], [ -45.757586, -22.094749996 ] ] ] } },
{ "type": "Feature", "properties": { "CD_MUN": "3164431", "NM_MUN": "São Sebastião da Vargem Alegre", "SIGLA_UF": "MG", "AREA_KM2": 73.629 }, "geometry": { "type": "Polygon", "coordinates": [ [ [ -42.582046, -20.953095996 ], [ -42.563152, -20.971874996 ], [ -42.577878, -20.982278996 ], [ -42.578186, -20.998580996 ], [ -42.57099, -21.011393996 ], [ -42.554771, -21.014929996 ], [ -42.558877, -21.026631996 ], [ -42.546661, -21.044199996 ], [ -42.560016, -21.055594996 ], [ -42.58311, -21.050633996 ], [ -42.623282, -21.077090996 ], [ -42.655344, -21.077681996 ], [ -42.658365, -21.062298996 ], [ -42.642526, -21.058707996 ], [ -42.645927, -21.041809996 ], [ -42.621945, -21.035882996 ], [ -42.631427, -21.010507996 ], [ -42.582046, -20.953095996 ] ] ] } },
{ "type": "Feature", "properties": { "CD_MUN": "3164902", "NM_MUN": "São Sebastião do Rio Verde", "SIGLA_UF": "MG", "AREA_KM2": 90.848 }, "geometry": { "type": "Polygon", "coordinates": [ [ [ -45.074906, -22.147958996 ], [ -45.042592084, -22.147591306 ], [ -45.050296967, -22.153435722 ], [ -45.047618504, -22.161751543 ], [ -45.034915721, -22.183737332 ], [ -45.024141655, -22.186659416 ], [ -45.024098793, -22.201809448 ], [ -45.00238906, -22.195022516 ], [ -44.966312782, -22.219641727 ], [ -44.97030406, -22.232591987 ], [ -44.961259, -22.240660996 ], [ -44.982254, -22.279615996 ], [ -44.995119, -22.268915996 ], [ -45.014798, -22.275936996 ], [ -45.047376, -22.244183996 ], [ -45.057307, -22.258313996 ], [ -45.073614, -22.236865996 ], [ -45.06446, -22.225841996 ], [ -45.064932, -22.174984996 ], [ -45.076662, -22.174712996 ], [ -45.080275, -22.162025996 ], [ -45.074906, -22.147958996 ] ] ] } },
{ "type": "Feature", "properties": { "CD_MUN": "3165206", "NM_MUN": "São Tomé das Letras", "SIGLA_UF": "MG", "AREA_KM2": 369.747 }, "geometry": { "type": "Polygon", "coordinates": [ [ [ -44.878059, -21.628811996 ], [ -44.893701, -21.677749996 ], [ -44.882387, -21.707968996 ], [ -44.888121, -21.711547996 ], [ -44.888655, -21.756120996 ], [ -44.874539, -21.759144996 ], [ -44.872343, -21.787383996 ], [ -44.854708, -21.798559996 ], [ -44.891844, -21.810297996 ], [ -44.896328, -21.829341996 ], [ -44.884801, -21.836791996 ], [ -44.895268, -21.840582996 ], [ -44.907957, -21.828572996 ], [ -44.924343, -21.841479996 ], [ -44.939626, -21.829496996 ], [ -44.946211, -21.844387996 ], [ -44.974962, -21.852711996 ], [ -44.984206, -21.830119995 ], [ -45.014617, -21.829637995 ], [ -45.028974, -21.816746995 ], [ -45.04321, -21.777835996 ], [ -45.030473, -21.757605996 ], [ -45.067528, -21.741491996 ], [ -45.052483, -21.729855996 ], [ -45.063358, -21.715323996 ], [ -45.061568, -21.701945996 ], [ -45.05276, -21.700110996 ], [ -45.058154, -21.697506996 ], [ -45.052184, -21.679104996 ], [ -45.036424, -21.671853996 ], [ -45.046374, -21.657988996 ], [ -45.037188, -21.642745996 ], [ -45.042627, -21.637452996 ], [ -44.965139, -21.629383996 ], [ -44.911133, -21.642067996 ], [ -44.878059, -21.628811996 ] ] ] } },
{ "type": "Feature", "properties": { "CD_MUN": "3165305", "NM_MUN": "São Vicente de Minas", "SIGLA_UF": "MG", "AREA_KM2": 392.651 }, "geometry": { "type": "Polygon", "coordinates": [ [ [ -44.441607, -21.518133996 ], [ -44.441167, -21.528039996 ], [ -44.42381, -21.531693996 ], [ -44.42664, -21.554430996 ], [ -44.410423, -21.558003996 ], [ -44.412166, -21.567127996 ], [ -44.385295, -21.583068996 ], [ -44.404457, -21.598027996 ], [ -44.39215, -21.609965996 ], [ -44.401694, -21.628394996 ], [ -44.389557, -21.630458996 ], [ -44.383546, -21.646935996 ], [ -44.372772, -21.648978996 ], [ -44.379083, -21.659544996 ], [ -44.368203, -21.665011996 ], [ -44.355423, -21.656476996 ], [ -44.353268, -21.672134996 ], [ -44.341869, -21.676719996 ], [ -44.352258, -21.679917996 ], [ -44.354245, -21.699564996 ], [ -44.379729, -21.705825996 ], [ -44.38742, -21.717417996 ], [ -44.398891, -21.704287996 ], [ -44.421302, -21.712497996 ], [ -44.431162, -21.727135996 ], [ -44.420459, -21.743931996 ], [ -44.430176, -21.745277996 ], [ -44.4319, -21.736190996 ], [ -44.449032, -21.750100996 ], [ -44.45096, -21.731117996 ], [ -44.465745, -21.735653996 ], [ -44.470154, -21.757161996 ], [ -44.488477, -21.759305996 ], [ -44.468742, -21.769461996 ], [ -44.483012, -21.771507996 ], [ -44.489897, -21.763018996 ], [ -44.500432, -21.768869996 ], [ -44.494976, -21.772624996 ], [ -44.500439, -21.777556996 ], [ -44.485891, -21.781104996 ], [ -44.492108, -21.781394996 ], [ -44.490114, -21.794999996 ], [ -44.510892, -21.786039996 ], [ -44.529443, -21.799674996 ], [ -44.546096, -21.768300996 ], [ -44.562072, -21.775710996 ], [ -44.574581, -21.769888996 ], [ -44.584696, -21.734753996 ], [ -44.582921, -21.712568996 ], [ -44.57268, -21.700216996 ], [ -44.58656, -21.689077996 ], [ -44.571858, -21.675609996 ], [ -44.570328, -21.654490996 ], [ -44.545128, -21.651247996 ], [ -44.533485, -21.630350996 ], [ -44.506749, -21.608017996 ], [ -44.48887, -21.548521996 ], [ -44.471099, -21.549647996 ], [ -44.464308, -21.535952996 ], [ -44.469104, -21.526414996 ], [ -44.441607, -21.518133996 ] ] ] } },
{ "type": "Feature", "properties": { "CD_MUN": "3165404", "NM_MUN": "Sapucaí-Mirim", "SIGLA_UF": "MG", "AREA_KM2": 285.073 }, "geometry": { "type": "Polygon", "coordinates": [ [ [ -45.908419, -22.717417996 ], [ -45.873205, -22.725352996 ], [ -45.873116, -22.745794996 ], [ -45.85607, -22.740849996 ], [ -45.845134, -22.756853996 ], [ -45.758890633, -22.721681367 ], [ -45.728140305, -22.723683628 ], [ -45.711818848, -22.771515891 ], [ -45.729028964, -22.785237528 ], [ -45.730333561, -22.798594238 ], [ -45.713580927, -22.81478566 ], [ -45.741706877, -22.807916706 ], [ -45.74290385, -22.795357047 ], [ -45.754917279, -22.792912238 ], [ -45.770945138, -22.805926762 ], [ -45.766964943, -22.842346464 ], [ -45.781884145, -22.85525722 ], [ -45.791883689, -22.858327931 ], [ -45.809802012, -22.829386585 ], [ -45.839674205, -22.832522623 ], [ -45.863852236, -22.868710331 ], [ -45.880043, -22.875497999 ], [ -45.888977, -22.875804999 ], [ -45.891162, -22.845528999 ], [ -45.906525, -22.833635999 ], [ -45.909708, -22.816516999 ], [ -45.938812, -22.846470999 ], [ -45.956529, -22.849840999 ], [ -45.962212, -22.842798996 ], [ -45.958191, -22.795046996 ], [ -45.972211, -22.780683996 ], [ -45.966018, -22.770058996 ], [ -45.970201, -22.751872996 ], [ -45.946318, -22.743702996 ], [ -45.948735, -22.735660996 ], [ -45.929333, -22.722553996 ], [ -45.908419, -22.717417996 ] ] ] } },
{ "type": "Feature", "properties": { "CD_MUN": "3165602", "NM_MUN": "Senador Cortes", "SIGLA_UF": "MG", "AREA_KM2": 98.336 }, "geometry": { "type": "Polygon", "coordinates": [ [ [ -42.886975, -21.688912996 ], [ -42.868329, -21.703333996 ], [ -42.883321, -21.718988996 ], [ -42.874429, -21.744518996 ], [ -42.849853, -21.758161996 ], [ -42.860647, -21.792380996 ], [ -42.881247, -21.799518996 ], [ -42.889716, -21.813733996 ], [ -42.907023, -21.813119996 ], [ -42.933884, -21.828500996 ], [ -42.959747, -21.832576996 ], [ -42.967626, -21.815065996 ], [ -42.951525, -21.800797996 ], [ -42.955064, -21.787664996 ], [ -42.944224, -21.769298996 ], [ -42.949054, -21.747355996 ], [ -42.961391, -21.742779996 ], [ -42.962849, -21.735490996 ], [ -42.93762, -21.741854996 ], [ -42.935529, -21.731964996 ], [ -42.906556, -21.728015996 ], [ -42.898012, -21.718139996 ], [ -42.899337, -21.692772996 ], [ -42.886975, -21.688912996 ] ] ] } },
{ "type": "Feature", "properties": { "CD_MUN": "3165701", "NM_MUN": "Senador Firmino", "SIGLA_UF": "MG", "AREA_KM2": 166.495 }, "geometry": { "type": "Polygon", "coordinates": [ [ [ -43.079444, -20.815948996 ], [ -43.054421, -20.835656996 ], [ -43.070067, -20.841804996 ], [ -43.081732, -20.859481996 ], [ -43.076365, -20.869582996 ], [ -43.042338, -20.882077996 ], [ -43.036885, -20.929424996 ], [ -43.069386, -20.965524996 ], [ -43.103285, -20.955996996 ], [ -43.111965, -20.976949996 ], [ -43.134151, -20.981925996 ], [ -43.149602, -20.975458996 ], [ -43.172472, -20.939383996 ], [ -43.172631, -20.925088996 ], [ -43.150912, -20.917004996 ], [ -43.164174, -20.893950996 ], [ -43.153641, -20.876606996 ], [ -43.156095, -20.856811996 ], [ -43.079444, -20.815948996 ] ] ] } },
{ "type": "Feature", "properties": { "CD_MUN": "3166204", "NM_MUN": "Senhora dos Remédios", "SIGLA_UF": "MG", "AREA_KM2": 237.815 }, "geometry": { "type": "Polygon", "coordinates": [ [ [ -43.58092, -20.949371996 ], [ -43.569271, -20.960789996 ], [ -43.560016, -20.957917996 ], [ -43.558424, -20.978210996 ], [ -43.531705, -20.996170996 ], [ -43.538117, -21.010378996 ], [ -43.5271, -21.012282996 ], [ -43.521738, -21.030436996 ], [ -43.519567, -21.048838996 ], [ -43.541551, -21.058669996 ], [ -43.518515, -21.055238996 ], [ -43.510226, -21.062293996 ], [ -43.561368, -21.131903996 ], [ -43.574852, -21.127861996 ], [ -43.592777, -21.107606996 ], [ -43.615469, -21.107230996 ], [ -43.631711, -21.094867996 ], [ -43.648373, -21.072133996 ], [ -43.648701, -21.051075996 ], [ -43.658749, -21.044668996 ], [ -43.659989, -21.032365996 ], [ -43.702423, -21.027211996 ], [ -43.715027, -21.010935996 ], [ -43.682992, -20.992782996 ], [ -43.651557, -20.953822996 ], [ -43.620751, -20.957220996 ], [ -43.58092, -20.949371996 ] ] ] } },
{ "type": "Feature", "properties": { "CD_MUN": "3166303", "NM_MUN": "Sericita", "SIGLA_UF": "MG", "AREA_KM2": 166.012 }, "geometry": { "type": "Polygon", "coordinates": [ [ [ -42.491193, -20.406964996 ], [ -42.490221, -20.420516996 ], [ -42.467434, -20.426482996 ], [ -42.45633, -20.438290996 ], [ -42.434324, -20.435407996 ], [ -42.403264, -20.449613996 ], [ -42.408506, -20.471625996 ], [ -42.385575, -20.508510996 ], [ -42.394895, -20.528020996 ], [ -42.406509, -20.533125996 ], [ -42.415082, -20.562810996 ], [ -42.409317, -20.578977996 ], [ -42.422757, -20.579783996 ], [ -42.422558, -20.570298996 ], [ -42.439778, -20.558567996 ], [ -42.462371, -20.563753996 ], [ -42.464795, -20.556560996 ], [ -42.486124, -20.557439996 ], [ -42.493159, -20.540898996 ], [ -42.508319, -20.530354996 ], [ -42.505583, -20.521419996 ], [ -42.513713, -20.518756996 ], [ -42.502685, -20.501755996 ], [ -42.510444, -20.490497996 ], [ -42.506352, -20.468084996 ], [ -42.529638, -20.457995996 ], [ -42.53077, -20.434482996 ], [ -42.526598, -20.424952996 ], [ -42.491193, -20.406964996 ] ] ] } },
{ "type": "Feature", "properties": { "CD_MUN": "3166402", "NM_MUN": "Seritinga", "SIGLA_UF": "MG", "AREA_KM2": 114.769 }, "geometry": { "type": "Polygon", "coordinates": [ [ [ -44.413867, -21.865777995 ], [ -44.396341, -21.868485995 ], [ -44.381341, -21.912606995 ], [ -44.379317, -21.940803996 ], [ -44.395551, -21.957475995 ], [ -44.441524, -21.959454995 ], [ -44.466906, -21.922994995 ], [ -44.482584, -21.919399995 ], [ -44.51407, -21.927512995 ], [ -44.541874, -21.959272995 ], [ -44.556535, -21.969238996 ], [ -44.5605, -21.963929995 ], [ -44.566707, -21.940748995 ], [ -44.553965, -21.901179995 ], [ -44.524734, -21.906909995 ], [ -44.518577, -21.896304995 ], [ -44.496115, -21.906461995 ], [ -44.464714, -21.873660995 ], [ -44.436043, -21.869666995 ], [ -44.422176, -21.875951995 ], [ -44.413867, -21.865777995 ] ] ] } },
{ "type": "Feature", "properties": { "CD_MUN": "3167004", "NM_MUN": "Serranos", "SIGLA_UF": "MG", "AREA_KM2": 213.173 }, "geometry": { "type": "Polygon", "coordinates": [ [ [ -44.613356, -21.750691996 ], [ -44.581291, -21.751416996 ], [ -44.571219, -21.773183996 ], [ -44.546096, -21.768300996 ], [ -44.529443, -21.799674996 ], [ -44.510511, -21.786005996 ], [ -44.492077, -21.795777996 ], [ -44.492444, -21.789760996 ], [ -44.457271, -21.795205996 ], [ -44.456263, -21.812464996 ], [ -44.439985, -21.839586996 ], [ -44.440749, -21.873016996 ], [ -44.464714, -21.873660995 ], [ -44.489666, -21.904563995 ], [ -44.518884, -21.896304995 ], [ -44.524734, -21.906909995 ], [ -44.534052, -21.900511995 ], [ -44.5578, -21.904350996 ], [ -44.560718, -21.889178996 ], [ -44.573961, -21.891928996 ], [ -44.606173, -21.867829996 ], [ -44.608028, -21.858298996 ], [ -44.588861, -21.853831996 ], [ -44.581841, -21.835291996 ], [ -44.593449, -21.823253996 ], [ -44.625857, -21.812848996 ], [ -44.620435, -21.798625996 ], [ -44.6458, -21.774086996 ], [ -44.625325, -21.765591996 ], [ -44.613356, -21.750691996 ] ] ] } },
{ "type": "Feature", "properties": { "CD_MUN": "3167301", "NM_MUN": "Silveirânia", "SIGLA_UF": "MG", "AREA_KM2": 157.456 }, "geometry": { "type": "Polygon", "coordinates": [ [ [ -43.150834, -21.069852996 ], [ -43.128617, -21.139366996 ], [ -43.140342, -21.151018996 ], [ -43.155041, -21.136200996 ], [ -43.159133, -21.152782996 ], [ -43.172199, -21.155600996 ], [ -43.161439, -21.185529996 ], [ -43.183596, -21.198649996 ], [ -43.202701, -21.223184996 ], [ -43.227971, -21.219529996 ], [ -43.275394, -21.192126996 ], [ -43.248509, -21.148983996 ], [ -43.259898, -21.140719996 ], [ -43.248772, -21.118895996 ], [ -43.254624, -21.101162996 ], [ -43.224843, -21.079158996 ], [ -43.216453, -21.084163996 ], [ -43.185063, -21.073950996 ], [ -43.175638, -21.080960996 ], [ -43.150834, -21.069852996 ] ] ] } },
{ "type": "Feature", "properties": { "CD_MUN": "3167400", "NM_MUN": "Silvianópolis", "SIGLA_UF": "MG", "AREA_KM2": 312.166 }, "geometry": { "type": "Polygon", "coordinates": [ [ [ -45.733423, -21.956079996 ], [ -45.712198, -21.971558996 ], [ -45.722429, -21.983710996 ], [ -45.716108, -21.996086996 ], [ -45.696532, -22.004525996 ], [ -45.677640242, -22.03316438 ], [ -45.709384919, -22.041343653 ], [ -45.702451, -22.059661996 ], [ -45.731446, -22.080064996 ], [ -45.732125, -22.093317996 ], [ -45.747449, -22.110031996 ], [ -45.757586, -22.094749996 ], [ -45.770657, -22.105957996 ], [ -45.81646, -22.095930996 ], [ -45.818826, -22.117029996 ], [ -45.827476, -22.112290996 ], [ -45.848367, -22.118916996 ], [ -45.8619, -22.110753996 ], [ -45.896748, -22.117970996 ], [ -45.903611, -22.110473996 ], [ -45.889408, -22.101850996 ], [ -45.896012, -22.088260996 ], [ -45.928916, -22.087000996 ], [ -45.904159, -22.049153996 ], [ -45.906081, -22.021501996 ], [ -45.892264, -21.986859996 ], [ -45.860677, -21.979222996 ], [ -45.849006, -21.964700996 ], [ -45.827486, -21.970614996 ], [ -45.817107, -21.961977996 ], [ -45.733423, -21.956079996 ] ] ] } },
{ "type": "Feature", "properties": { "CD_MUN": "3167509", "NM_MUN": "Simão Pereira", "SIGLA_UF": "MG", "AREA_KM2": 135.689 }, "geometry": { "type": "Polygon", "coordinates": [ [ [ -43.271398, -21.900127995 ], [ -43.266252, -21.923700995 ], [ -43.239282, -21.940048996 ], [ -43.23453, -21.959962996 ], [ -43.222459, -21.969817996 ], [ -43.228152, -21.992122996 ], [ -43.217919, -22.010515996 ], [ -43.227691372, -22.028750932 ], [ -43.245467, -22.006574108 ], [ -43.297976434, -22.020451052 ], [ -43.316581533, -22.016895325 ], [ -43.316235571, -22.007669656 ], [ -43.338678, -21.997999996 ], [ -43.347145, -21.974814996 ], [ -43.36326, -21.978499996 ], [ -43.363196, -21.970236996 ], [ -43.372799, -21.968049996 ], [ -43.372229, -21.952598996 ], [ -43.351679, -21.936388996 ], [ -43.351422, -21.929257996 ], [ -43.358244, -21.930487996 ], [ -43.345849136, -21.916115513 ], [ -43.333727, -21.911441995 ], [ -43.313667, -21.919679995 ], [ -43.303292, -21.908952995 ], [ -43.281934, -21.908813995 ], [ -43.271398, -21.900127995 ] ] ] } },
{ "type": "Feature", "properties": { "CD_MUN": "3167608", "NM_MUN": "Simonésia", "SIGLA_UF": "MG", "AREA_KM2": 486.543 }, "geometry": { "type": "Polygon", "coordinates": [ [ [ -41.819379, -19.828720996 ], [ -41.800296, -19.833127996 ], [ -41.815192, -19.838664996 ], [ -41.813581, -19.856704996 ], [ -41.821897, -19.870663996 ], [ -41.807746, -19.875399996 ], [ -41.818711, -19.886508996 ], [ -41.808693, -19.894108996 ], [ -41.829843, -19.897040996 ], [ -41.836449, -19.920232996 ], [ -41.856472, -19.942576996 ], [ -41.890704, -19.954932996 ], [ -41.895336, -19.973860996 ], [ -41.884361, -19.980760996 ], [ -41.8865, -19.990766996 ], [ -41.900334, -19.997821996 ], [ -41.952416, -19.981751996 ], [ -41.985222, -19.996007996 ], [ -41.987578, -20.016597996 ], [ -41.977812, -20.043817996 ], [ -41.983849, -20.054021996 ], [ -41.966549, -20.057855996 ], [ -41.970778, -20.070087996 ], [ -41.950424, -20.079043996 ], [ -41.958217, -20.086393996 ], [ -41.953048, -20.091911996 ], [ -41.97494, -20.102067996 ], [ -41.97296, -20.112382996 ], [ -41.985697, -20.128340996 ], [ -41.958531, -20.156077996 ], [ -41.970143, -20.155229996 ], [ -41.971864, -20.147880996 ], [ -41.998043, -20.151561996 ], [ -42.004084, -20.171605996 ], [ -42.027246, -20.149181996 ], [ -42.046509, -20.166959996 ], [ -42.072288, -20.167210996 ], [ -42.082767, -20.148659996 ], [ -42.072588, -20.116370996 ], [ -42.082059, -20.074073996 ], [ -42.104097, -20.055035996 ], [ -42.110122, -20.036872996 ], [ -42.122032, -20.038975996 ], [ -42.12501, -20.027095996 ], [ -42.122229, -20.011277996 ], [ -42.107978, -20.000752996 ], [ -42.104192, -19.966813996 ], [ -42.085331, -19.960274996 ], [ -42.075519, -19.937129996 ], [ -42.056386, -19.950632996 ], [ -42.015905, -19.916131996 ], [ -41.987552, -19.924072996 ], [ -41.970166, -19.938047996 ], [ -41.973596, -19.880355996 ], [ -41.953738, -19.885039996 ], [ -41.928615, -19.878293996 ], [ -41.892046, -19.886840996 ], [ -41.870632, -19.858281996 ], [ -41.847602, -19.856495996 ], [ -41.839058, -19.836470996 ], [ -41.819379, -19.828720996 ] ] ] } },
{ "type": "Feature", "properties": { "CD_MUN": "3167806", "NM_MUN": "Soledade de Minas", "SIGLA_UF": "MG", "AREA_KM2": 196.866 }, "geometry": { "type": "Polygon", "coordinates": [ [ [ -44.996025, -21.948786995 ], [ -44.963792, -21.968765995 ], [ -44.970534, -21.974495995 ], [ -44.958009, -22.003745995 ], [ -44.953095, -22.058287995 ], [ -44.940535, -22.080143996 ], [ -44.962741, -22.076131996 ], [ -44.967268, -22.094487996 ], [ -44.99048, -22.090159996 ], [ -45.007252172, -22.111717337 ], [ -45.011920765, -22.081313747 ], [ -45.03547215, -22.086251152 ], [ -45.050809011, -22.074906557 ], [ -45.074491056, -22.096542025 ], [ -45.090058, -22.083689996 ], [ -45.083627, -22.050292996 ], [ -45.098652, -22.041394996 ], [ -45.105695, -22.023353996 ], [ -45.122798, -22.019172996 ], [ -45.135966, -21.986490996 ], [ -45.103258, -21.969398995 ], [ -45.092142, -21.989751995 ], [ -45.084149, -21.984007995 ], [ -45.073761, -21.994270995 ], [ -45.074389, -22.009927995 ], [ -45.058392, -22.012946995 ], [ -45.050352, -22.003642995 ], [ -45.051249, -21.977765995 ], [ -44.996025, -21.948786995 ] ] ] } },
{ "type": "Feature", "properties": { "CD_MUN": "3167905", "NM_MUN": "Tabuleiro", "SIGLA_UF": "MG", "AREA_KM2": 211.084 }, "geometry": { "type": "Polygon", "coordinates": [ [ [ -43.286548, -21.280034996 ], [ -43.253205, -21.280482996 ], [ -43.246042, -21.290131996 ], [ -43.269799, -21.301855996 ], [ -43.272587, -21.316695996 ], [ -43.261863, -21.315744996 ], [ -43.247308, -21.333427996 ], [ -43.221421, -21.331029996 ], [ -43.215139, -21.318384996 ], [ -43.206796, -21.317872996 ], [ -43.178232, -21.330840996 ], [ -43.184234, -21.357387996 ], [ -43.163295, -21.364980996 ], [ -43.158591, -21.391195996 ], [ -43.165827, -21.403557996 ], [ -43.159156, -21.419687996 ], [ -43.166546, -21.426434996 ], [ -43.184066, -21.422611996 ], [ -43.193199, -21.429031996 ], [ -43.211358, -21.416731996 ], [ -43.258423, -21.412336996 ], [ -43.259706, -21.438615996 ], [ -43.295162, -21.434737996 ], [ -43.308582, -21.391817996 ], [ -43.326489, -21.374388996 ], [ -43.346779, -21.372451996 ], [ -43.352851, -21.357061996 ], [ -43.338388, -21.336087996 ], [ -43.343881, -21.314855996 ], [ -43.323989, -21.296085996 ], [ -43.304179, -21.293923996 ], [ -43.286548, -21.280034996 ] ] ] } },
{ "type": "Feature", "properties": { "CD_MUN": "3168507", "NM_MUN": "Teixeiras", "SIGLA_UF": "MG", "AREA_KM2": 166.735 }, "geometry": { "type": "Polygon", "coordinates": [ [ [ -42.863176, -20.557953996 ], [ -42.834799, -20.594550996 ], [ -42.817196, -20.606340996 ], [ -42.801217, -20.605986996 ], [ -42.806596, -20.619714996 ], [ -42.785658, -20.609421996 ], [ -42.768691, -20.617024996 ], [ -42.7691, -20.667666996 ], [ -42.782339, -20.673163996 ], [ -42.798397, -20.654754996 ], [ -42.821819, -20.679077996 ], [ -42.846887, -20.673729996 ], [ -42.870563, -20.680197996 ], [ -42.883326, -20.695172996 ], [ -42.911531, -20.689452996 ], [ -42.916465, -20.670732996 ], [ -42.941229, -20.648774996 ], [ -42.936632, -20.626502996 ], [ -42.947171, -20.616405996 ], [ -42.936472, -20.597743996 ], [ -42.917643, -20.594880996 ], [ -42.863176, -20.557953996 ] ] ] } },
{ "type": "Feature", "properties": { "CD_MUN": "3169000", "NM_MUN": "Tocantins", "SIGLA_UF": "MG", "AREA_KM2": 173.866 }, "geometry": { "type": "Polygon", "coordinates": [ [ [ -43.059184, -21.107296996 ], [ -43.041588, -21.123138996 ], [ -43.016964, -21.117201996 ], [ -42.998747, -21.136391996 ], [ -43.001225, -21.152425996 ], [ -42.989172, -21.168894996 ], [ -42.968708, -21.174601996 ], [ -42.956411, -21.164423996 ], [ -42.932417, -21.187902996 ], [ -42.923109, -21.212806996 ], [ -42.968354, -21.256123996 ], [ -42.978645, -21.243889996 ], [ -42.996468, -21.239437996 ], [ -42.995668, -21.231159996 ], [ -43.018166, -21.222833996 ], [ -43.023134, -21.206363996 ], [ -43.070022, -21.222465996 ], [ -43.103274, -21.202750996 ], [ -43.093321, -21.169015996 ], [ -43.097922, -21.155615996 ], [ -43.112523, -21.152506996 ], [ -43.110733, -21.136514996 ], [ -43.119817, -21.119105996 ], [ -43.105559, -21.111062996 ], [ -43.096412, -21.115350996 ], [ -43.059184, -21.107296996 ] ] ] } },
{ "type": "Feature", "properties": { "CD_MUN": "3169208", "NM_MUN": "Tombos", "SIGLA_UF": "MG", "AREA_KM2": 285.124 }, "geometry": { "type": "Polygon", "coordinates": [ [ [ -42.110876, -20.808953996 ], [ -42.0698, -20.812514996 ], [ -42.03781, -20.807328996 ], [ -41.985775, -20.828616996 ], [ -41.979428, -20.818790996 ], [ -41.970279, -20.819815996 ], [ -41.929738051, -20.843588248 ], [ -41.954376394, -20.865267694 ], [ -41.949755425, -20.872971995 ], [ -41.967309843, -20.898572721 ], [ -41.966689268, -20.916951506 ], [ -41.979818699, -20.922883977 ], [ -41.976152268, -20.935792441 ], [ -42.02305955, -20.925129333 ], [ -42.065862676, -20.93899466 ], [ -42.093794667, -20.935625977 ], [ -42.114315556, -20.950251673 ], [ -42.115298089, -20.959010247 ], [ -42.138036694, -20.960048924 ], [ -42.160013, -20.977055996 ], [ -42.167396, -20.963573996 ], [ -42.159262, -20.936762996 ], [ -42.171798, -20.922133996 ], [ -42.169544, -20.895852996 ], [ -42.187343, -20.869859996 ], [ -42.172379, -20.854770996 ], [ -42.155974, -20.855569996 ], [ -42.147469, -20.848062996 ], [ -42.108578, -20.857461996 ], [ -42.097735, -20.823361996 ], [ -42.110876, -20.808953996 ] ] ] } },
{ "type": "Feature", "properties": { "CD_MUN": "3169307", "NM_MUN": "Três Corações", "SIGLA_UF": "MG", "AREA_KM2": 828.038 }, "geometry": { "type": "Polygon", "coordinates": [ [ [ -45.194114, -21.528503996 ], [ -45.112437, -21.542440996 ], [ -45.092575, -21.615052996 ], [ -45.065325, -21.633656996 ], [ -45.050697, -21.627155996 ], [ -45.036869, -21.631919996 ], [ -45.046374, -21.657988996 ], [ -45.036424, -21.671853996 ], [ -45.052184, -21.679104996 ], [ -45.058154, -21.697506996 ], [ -45.052853, -21.700385996 ], [ -45.063149, -21.705592996 ], [ -45.052483, -21.729855996 ], [ -45.067557, -21.741156996 ], [ -45.030896, -21.761227996 ], [ -45.039088, -21.776412996 ], [ -45.051639, -21.781514995 ], [ -45.079337, -21.771884995 ], [ -45.098485, -21.786398995 ], [ -45.12286, -21.780957995 ], [ -45.125103, -21.790254995 ], [ -45.111312, -21.806681995 ], [ -45.118358, -21.828309995 ], [ -45.110411, -21.845941995 ], [ -45.141702, -21.867676996 ], [ -45.163205, -21.836693996 ], [ -45.191367, -21.818103996 ], [ -45.182177, -21.806076996 ], [ -45.191916, -21.796036996 ], [ -45.203486, -21.798257996 ], [ -45.20057, -21.785778996 ], [ -45.203971, -21.776627996 ], [ -45.216187, -21.774434996 ], [ -45.213805, -21.766816996 ], [ -45.267431, -21.823117996 ], [ -45.278477, -21.812703996 ], [ -45.297091, -21.818707996 ], [ -45.310556, -21.795295996 ], [ -45.333168, -21.793593996 ], [ -45.346299, -21.762320996 ], [ -45.339433, -21.715690996 ], [ -45.346334, -21.707869996 ], [ -45.355222, -21.710980996 ], [ -45.363725, -21.697866996 ], [ -45.356198, -21.681201996 ], [ -45.362593, -21.669674996 ], [ -45.403665, -21.682633996 ], [ -45.417066, -21.666983995 ], [ -45.416328, -21.656592995 ], [ -45.399984, -21.648524995 ], [ -45.404096, -21.642783995 ], [ -45.395016, -21.627465995 ], [ -45.360615, -21.635808995 ], [ -45.346612, -21.631510995 ], [ -45.339644, -21.614591995 ], [ -45.345129, -21.600221995 ], [ -45.330929, -21.583758995 ], [ -45.305806, -21.598321995 ], [ -45.2848, -21.600536995 ], [ -45.264235, -21.572163995 ], [ -45.252504, -21.568261995 ], [ -45.252831, -21.552405996 ], [ -45.230428, -21.562629996 ], [ -45.219094, -21.556671996 ], [ -45.221317, -21.541995996 ], [ -45.213628, -21.535795996 ], [ -45.194114, -21.528503996 ] ] ] } },
{ "type": "Feature", "properties": { "CD_MUN": "3169901", "NM_MUN": "Ubá", "SIGLA_UF": "MG", "AREA_KM2": 407.452 }, "geometry": { "type": "Polygon", "coordinates": [ [ [ -43.102423, -20.955794996 ], [ -43.067986, -20.965303996 ], [ -43.068841, -20.980042996 ], [ -43.036729, -21.004347996 ], [ -43.031498, -21.026147996 ], [ -43.013806, -21.018224996 ], [ -43.008938, -21.037238996 ], [ -42.990133, -21.038184996 ], [ -42.981502, -21.058335996 ], [ -42.966589, -21.045358996 ], [ -42.972333, -21.030738996 ], [ -42.937005, -21.035480996 ], [ -42.92258, -21.014220996 ], [ -42.907245, -21.017846996 ], [ -42.89435, -21.040689996 ], [ -42.8687, -21.054681996 ], [ -42.87588, -21.071553996 ], [ -42.856587, -21.081296996 ], [ -42.845682, -21.107020996 ], [ -42.851166, -21.105913996 ], [ -42.849224, -21.115501996 ], [ -42.856686, -21.116969996 ], [ -42.854689, -21.127695996 ], [ -42.862332, -21.132987996 ], [ -42.85632, -21.146213996 ], [ -42.861939, -21.157109996 ], [ -42.872139, -21.170394996 ], [ -42.880915, -21.169684996 ], [ -42.879274, -21.180592996 ], [ -42.899661, -21.192906996 ], [ -42.892685, -21.204507996 ], [ -42.879326, -21.198596496 ], [ -42.868023, -21.212049996 ], [ -42.868654, -21.231054996 ], [ -42.857575, -21.236781996 ], [ -42.871338, -21.239988996 ], [ -42.870883, -21.258608996 ], [ -42.891742, -21.258537996 ], [ -42.91211, -21.246562996 ], [ -42.9171, -21.256366996 ], [ -42.921488, -21.250940996 ], [ -42.947325, -21.255640996 ], [ -42.958354, -21.267203996 ], [ -42.965791, -21.265433996 ], [ -42.970426, -21.256977996 ], [ -42.959833, -21.242923996 ], [ -42.922998, -21.212588996 ], [ -42.933631, -21.186218996 ], [ -42.956411, -21.164423996 ], [ -42.968708, -21.174601996 ], [ -42.989172, -21.168894996 ], [ -43.001225, -21.152425996 ], [ -42.998747, -21.136391996 ], [ -43.020821, -21.114969996 ], [ -43.034218, -21.123758996 ], [ -43.0602, -21.106867996 ], [ -43.101735, -21.112006996 ], [ -43.081639, -21.072826996 ], [ -43.095838, -21.052892996 ], [ -43.082959, -21.017785996 ], [ -43.100391, -21.011812996 ], [ -43.106958, -20.996274996 ], [ -43.096971, -20.986686996 ], [ -43.094314, -20.972019996 ], [ -43.102423, -20.955794996 ] ] ] } },
{ "type": "Feature", "properties": { "CD_MUN": "3170503", "NM_MUN": "Urucânia", "SIGLA_UF": "MG", "AREA_KM2": 138.792 }, "geometry": { "type": "Polygon", "coordinates": [ [ [ -42.665301, -20.267673996 ], [ -42.649996, -20.270673996 ], [ -42.651742, -20.281728996 ], [ -42.641486, -20.291819996 ], [ -42.666729, -20.317909996 ], [ -42.661922, -20.325531996 ], [ -42.681063, -20.328573996 ], [ -42.693709, -20.362945996 ], [ -42.718024, -20.386862996 ], [ -42.745824, -20.397530996 ], [ -42.771888, -20.368837996 ], [ -42.787282, -20.365479996 ], [ -42.791603, -20.350495996 ], [ -42.78606, -20.339558996 ], [ -42.806802, -20.317812996 ], [ -42.790693, -20.309168996 ], [ -42.762643, -20.269310996 ], [ -42.752167, -20.276038996 ], [ -42.707063, -20.277713996 ], [ -42.702647, -20.285729996 ], [ -42.677778, -20.290606996 ], [ -42.665301, -20.267673996 ] ] ] } },
{ "type": "Feature", "properties": { "CD_MUN": "3171154", "NM_MUN": "Vermelho Novo", "SIGLA_UF": "MG", "AREA_KM2": 115.242 }, "geometry": { "type": "Polygon", "coordinates": [ [ [ -42.273822, -19.966256996 ], [ -42.235463, -19.990963996 ], [ -42.214953, -19.987027996 ], [ -42.198331, -19.999293996 ], [ -42.20358, -20.027552996 ], [ -42.195687, -20.033297996 ], [ -42.210895, -20.090162996 ], [ -42.284174, -20.078112996 ], [ -42.305859, -20.058885996 ], [ -42.323844, -20.054571996 ], [ -42.314423, -20.034319996 ], [ -42.32131, -20.018534996 ], [ -42.311773, -20.016390996 ], [ -42.312055, -20.008610996 ], [ -42.261652, -19.996503996 ], [ -42.270459, -19.981217996 ], [ -42.285469, -19.982005996 ], [ -42.287355, -19.971677996 ], [ -42.273822, -19.966256996 ] ] ] } },
{ "type": "Feature", "properties": { "CD_MUN": "3171303", "NM_MUN": "Viçosa", "SIGLA_UF": "MG", "AREA_KM2": 299.418 }, "geometry": { "type": "Polygon", "coordinates": [ [ [ -42.786442, -20.664005996 ], [ -42.792914, -20.704329996 ], [ -42.776502, -20.715389996 ], [ -42.770324, -20.731302996 ], [ -42.762041, -20.726604996 ], [ -42.753575, -20.745176996 ], [ -42.783278, -20.761242996 ], [ -42.825968279, -20.755075228 ], [ -42.831129, -20.770414996 ], [ -42.824082, -20.800902996 ], [ -42.84459, -20.816371996 ], [ -42.845525, -20.838978996 ], [ -42.921067, -20.806880996 ], [ -42.936633, -20.818338996 ], [ -42.951981, -20.813687996 ], [ -42.957397, -20.774614996 ], [ -42.996949, -20.756423996 ], [ -43.002928, -20.733369996 ], [ -42.989563, -20.728642996 ], [ -43.000477, -20.716761996 ], [ -43.004746, -20.693793996 ], [ -43.000159, -20.689106996 ], [ -42.994818, -20.696996996 ], [ -42.976434, -20.696733996 ], [ -42.967606, -20.690920996 ], [ -42.972274, -20.679848996 ], [ -42.955882, -20.670504996 ], [ -42.929621, -20.661423996 ], [ -42.916063, -20.671319996 ], [ -42.910958, -20.689959996 ], [ -42.883326, -20.695172996 ], [ -42.870563, -20.680197996 ], [ -42.846887, -20.673729996 ], [ -42.821599, -20.678985996 ], [ -42.79814, -20.654732996 ], [ -42.786442, -20.664005996 ] ] ] } },
{ "type": "Feature", "properties": { "CD_MUN": "3171402", "NM_MUN": "Vieiras", "SIGLA_UF": "MG", "AREA_KM2": 112.691 }, "geometry": { "type": "Polygon", "coordinates": [ [ [ -42.209952, -20.822286996 ], [ -42.200555, -20.845827996 ], [ -42.222617, -20.865579996 ], [ -42.235518, -20.894456996 ], [ -42.247696, -20.896668996 ], [ -42.269489, -20.917766996 ], [ -42.265741, -20.954178996 ], [ -42.289342, -20.995492996 ], [ -42.299305, -21.000105996 ], [ -42.294688, -20.995010996 ], [ -42.310352, -20.981683996 ], [ -42.342884, -20.974214996 ], [ -42.349162, -20.954204996 ], [ -42.335618, -20.922415996 ], [ -42.345731, -20.913824996 ], [ -42.321825, -20.903392996 ], [ -42.301364, -20.907372996 ], [ -42.295225, -20.871931996 ], [ -42.267039, -20.861888996 ], [ -42.259849, -20.842125996 ], [ -42.235414, -20.838425996 ], [ -42.209952, -20.822286996 ] ] ] } },
{ "type": "Feature", "properties": { "CD_MUN": "3171709", "NM_MUN": "Virgínia", "SIGLA_UF": "MG", "AREA_KM2": 326.515 }, "geometry": { "type": "Polygon", "coordinates": [ [ [ -45.080209, -22.232543996 ], [ -45.057307, -22.258313996 ], [ -45.047376, -22.244183996 ], [ -45.0245, -22.262273996 ], [ -45.014797, -22.275810996 ], [ -45.018765, -22.299716996 ], [ -45.008996, -22.309187996 ], [ -45.015687, -22.340386996 ], [ -45.049257, -22.360619996 ], [ -45.062733, -22.388386996 ], [ -45.04849, -22.414785996 ], [ -45.053655, -22.428177996 ], [ -45.076616, -22.436958996 ], [ -45.08078, -22.456577996 ], [ -45.098186, -22.459397996 ], [ -45.108824, -22.449318996 ], [ -45.136812, -22.450022996 ], [ -45.142681, -22.420855996 ], [ -45.149142, -22.434039996 ], [ -45.160027, -22.433387996 ], [ -45.169463, -22.388958996 ], [ -45.189356, -22.384976996 ], [ -45.200129, -22.392992996 ], [ -45.210969, -22.373256996 ], [ -45.223084, -22.369768996 ], [ -45.219913, -22.358986996 ], [ -45.204895, -22.351149996 ], [ -45.215676, -22.335581996 ], [ -45.198807, -22.307300996 ], [ -45.174278, -22.318097996 ], [ -45.152704, -22.314737996 ], [ -45.171607, -22.296665996 ], [ -45.169711, -22.277016996 ], [ -45.080209, -22.232543996 ] ] ] } },
{ "type": "Feature", "properties": { "CD_MUN": "3172004", "NM_MUN": "Visconde do Rio Branco", "SIGLA_UF": "MG", "AREA_KM2": 243.351 }, "geometry": { "type": "Polygon", "coordinates": [ [ [ -42.9061, -20.933250996 ], [ -42.884578, -20.939461996 ], [ -42.883508, -20.961537996 ], [ -42.873945, -20.960648996 ], [ -42.863354, -20.971875996 ], [ -42.848604, -20.951541996 ], [ -42.811477, -20.935857996 ], [ -42.784155, -20.961140996 ], [ -42.748309, -20.971487996 ], [ -42.754228, -20.974438996 ], [ -42.749612, -20.985701996 ], [ -42.756892, -21.014072996 ], [ -42.767181, -21.024386996 ], [ -42.762376, -21.044713996 ], [ -42.770619, -21.056472996 ], [ -42.763678, -21.063140996 ], [ -42.790119, -21.095925996 ], [ -42.824031, -21.101252996 ], [ -42.830074, -21.112043996 ], [ -42.844132, -21.108829996 ], [ -42.856587, -21.081296996 ], [ -42.87588, -21.071553996 ], [ -42.8687, -21.054681996 ], [ -42.894155, -21.040862996 ], [ -42.906855, -21.018146996 ], [ -42.921906, -21.014851996 ], [ -42.924001, -21.000969996 ], [ -42.937588, -20.995011996 ], [ -42.947397, -20.973730996 ], [ -42.945076, -20.954840996 ], [ -42.9061, -20.933250996 ] ] ] } },
{ "type": "Feature", "properties": { "CD_MUN": "3172103", "NM_MUN": "Volta Grande", "SIGLA_UF": "MG", "AREA_KM2": 205.552 }, "geometry": { "type": "Polygon", "coordinates": [ [ [ -42.58431, -21.681005995 ], [ -42.558911, -21.680651996 ], [ -42.551824, -21.694021996 ], [ -42.528272, -21.696255996 ], [ -42.526552, -21.703274996 ], [ -42.514168, -21.697678996 ], [ -42.503912, -21.707892996 ], [ -42.489433, -21.704986996 ], [ -42.482241, -21.715866996 ], [ -42.493646, -21.733418996 ], [ -42.482839, -21.740070996 ], [ -42.463243094, -21.786221294 ], [ -42.60598877, -21.84638167 ], [ -42.607956, -21.838546996 ], [ -42.593904, -21.824820996 ], [ -42.605973, -21.827686996 ], [ -42.602914, -21.814859996 ], [ -42.615694, -21.780490996 ], [ -42.632127, -21.781264996 ], [ -42.655587, -21.763077996 ], [ -42.640447, -21.760594996 ], [ -42.624181, -21.738438996 ], [ -42.620415, -21.716855996 ], [ -42.627436, -21.703517996 ], [ -42.610198, -21.705380995 ], [ -42.58431, -21.681005995 ] ] ] } },
{ "type": "Feature", "properties": { "CD_MUN": "3172202", "NM_MUN": "Wenceslau Braz", "SIGLA_UF": "MG", "AREA_KM2": 102.487 }, "geometry": { "type": "Polygon", "coordinates": [ [ [ -45.358854, -22.467541996 ], [ -45.356024, -22.473104996 ], [ -45.370855, -22.485773996 ], [ -45.351187, -22.496740996 ], [ -45.338041, -22.525997996 ], [ -45.356877, -22.552305996 ], [ -45.372709, -22.556366996 ], [ -45.376675, -22.583235996 ], [ -45.39313, -22.598202996 ], [ -45.395181, -22.615017996 ], [ -45.433733073, -22.61922546 ], [ -45.480377156, -22.590489197 ], [ -45.419543, -22.526679996 ], [ -45.399488, -22.532288996 ], [ -45.390116, -22.512339996 ], [ -45.398285, -22.504962996 ], [ -45.387722, -22.494087996 ], [ -45.387181, -22.479487996 ], [ -45.358854, -22.467541996 ] ] ] } },
{ "type": "Feature", "properties": { "CD_MUN": "3200102", "NM_MUN": "Afonso Cláudio", "SIGLA_UF": "ES", "AREA_KM2": 941.188 }, "geometry": { "type": "Polygon", "coordinates": [ [ [ -41.150668876, -19.890160748 ], [ -41.13700147, -19.898401409 ], [ -41.1247575, -19.936908909 ], [ -41.111552112, -19.949928438 ], [ -41.120850628, -19.966044483 ], [ -41.115833137, -19.971841035 ], [ -41.102826395, -19.963923564 ], [ -41.063176559, -19.987933398 ], [ -40.997064138, -19.960093441 ], [ -40.986544536, -19.977506064 ], [ -40.970537475, -19.977043358 ], [ -40.968055706, -20.042773526 ], [ -40.945880414, -20.083223996 ], [ -40.962593677, -20.091081788 ], [ -40.973127932, -20.111571648 ], [ -40.981718184, -20.110797665 ], [ -40.991657205, -20.124233058 ], [ -40.999654555, -20.123914767 ], [ -40.999421928, -20.110236777 ], [ -41.011420354, -20.109578208 ], [ -41.035239202, -20.129954134 ], [ -41.035989874, -20.136952369 ], [ -41.016717522, -20.151068671 ], [ -41.019146976, -20.191921993 ], [ -40.99876545, -20.209926815 ], [ -41.025782561, -20.212454607 ], [ -41.025940194, -20.230981028 ], [ -41.037448911, -20.227361475 ], [ -41.051034513, -20.235944836 ], [ -41.059252555, -20.221053498 ], [ -41.067891947, -20.220368789 ], [ -41.068552556, -20.244656934 ], [ -41.080843691, -20.262485867 ], [ -41.0996759, -20.265896089 ], [ -41.102941275, -20.275145023 ], [ -41.125787594, -20.265666546 ], [ -41.136664653, -20.287682214 ], [ -41.158068097, -20.282484523 ], [ -41.16555729, -20.267803546 ], [ -41.185267745, -20.259462644 ], [ -41.195248278, -20.270862791 ], [ -41.205060254, -20.267366513 ], [ -41.217670864, -20.27893873 ], [ -41.233238048, -20.27962962 ], [ -41.242850974, -20.265085123 ], [ -41.226768227, -20.254119253 ], [ -41.239914189, -20.220396606 ], [ -41.255621644, -20.212009016 ], [ -41.251581674, -20.205419604 ], [ -41.240205494, -20.210199231 ], [ -41.252106372, -20.1810522 ], [ -41.242845482, -20.157425087 ], [ -41.230234298, -20.163544532 ], [ -41.230693592, -20.132208544 ], [ -41.223054795, -20.127354105 ], [ -41.239112701, -20.113529295 ], [ -41.254091366, -20.082702084 ], [ -41.23274304, -20.051811409 ], [ -41.253163813, -20.027936601 ], [ -41.23867902, -20.00619294 ], [ -41.254153897, -19.982898469 ], [ -41.264024801, -19.986545887 ], [ -41.259542418, -19.965110551 ], [ -41.273951621, -19.958523252 ], [ -41.276034602, -19.949246807 ], [ -41.254609714, -19.93214466 ], [ -41.243496869, -19.936731782 ], [ -41.228044715, -19.904985111 ], [ -41.206634721, -19.904054354 ], [ -41.18701635, -19.891529774 ], [ -41.172422644, -19.907168684 ], [ -41.150668876, -19.890160748 ] ] ] } },
{ "type": "Feature", "properties": { "CD_MUN": "3200201", "NM_MUN": "Alegre", "SIGLA_UF": "ES", "AREA_KM2": 756.86 }, "geometry": { "type": "Polygon", "coordinates": [ [ [ -41.525230426, -20.548499115 ], [ -41.493687152, -20.550509622 ], [ -41.501520033, -20.553999122 ], [ -41.502549929, -20.573017366 ], [ -41.487427564, -20.606272279 ], [ -41.475368583, -20.606058995 ], [ -41.470140878, -20.582514794 ], [ -41.451034937, -20.579606076 ], [ -41.439580588, -20.561267047 ], [ -41.409817494, -20.570900965 ], [ -41.391450894, -20.624199694 ], [ -41.374072984, -20.628368404 ], [ -41.380065963, -20.636063395 ], [ -41.372148614, -20.646496543 ], [ -41.388385427, -20.668595414 ], [ -41.383336527, -20.689715983 ], [ -41.396580032, -20.707505908 ], [ -41.392286546, -20.718821322 ], [ -41.418165914, -20.781187671 ], [ -41.453558547, -20.805914984 ], [ -41.463670503, -20.866614516 ], [ -41.456326932, -20.870450159 ], [ -41.453608939, -20.891846425 ], [ -41.461270233, -20.892795135 ], [ -41.461360731, -20.900913691 ], [ -41.47465976, -20.883920579 ], [ -41.484090571, -20.88443847 ], [ -41.498900847, -20.895696726 ], [ -41.501828392, -20.908268233 ], [ -41.516266405, -20.897578195 ], [ -41.518917765, -20.884826281 ], [ -41.538572601, -20.882745113 ], [ -41.562875298, -20.892858414 ], [ -41.579751495, -20.911398258 ], [ -41.594424277, -20.89152274 ], [ -41.601517907, -20.900908159 ], [ -41.613295806, -20.900256146 ], [ -41.611155491, -20.888832094 ], [ -41.6282282, -20.861828546 ], [ -41.617727225, -20.844650922 ], [ -41.624067027, -20.822960329 ], [ -41.614505136, -20.807202562 ], [ -41.615610186, -20.800904188 ], [ -41.625818693, -20.802593481 ], [ -41.630743957, -20.777313876 ], [ -41.609560987, -20.751355966 ], [ -41.604876643, -20.729793525 ], [ -41.595212799, -20.728190925 ], [ -41.611739827, -20.696140788 ], [ -41.596056203, -20.678245345 ], [ -41.600233044, -20.653410624 ], [ -41.610363495, -20.645699006 ], [ -41.606598171, -20.623266536 ], [ -41.625779013, -20.622006632 ], [ -41.617403621, -20.597502967 ], [ -41.623221112, -20.60117387 ], [ -41.637684896, -20.589351795 ], [ -41.639927737, -20.572597718 ], [ -41.632814961, -20.56354951 ], [ -41.616730356, -20.564693571 ], [ -41.601776582, -20.545701786 ], [ -41.571470121, -20.576182776 ], [ -41.533476116, -20.562567175 ], [ -41.525230426, -20.548499115 ] ] ] } },
{ "type": "Feature", "properties": { "CD_MUN": "3200300", "NM_MUN": "Alfredo Chaves", "SIGLA_UF": "ES", "AREA_KM2": 615.677 }, "geometry": { "type": "Polygon", "coordinates": [ [ [ -40.961664942, -20.430007612 ], [ -40.929978853, -20.436850241 ], [ -40.904403547, -20.462136438 ], [ -40.870733737, -20.464275547 ], [ -40.855235615, -20.491793323 ], [ -40.812259247, -20.482839609 ], [ -40.80726473, -20.491881903 ], [ -40.822074888, -20.516970453 ], [ -40.815818323, -20.523135954 ], [ -40.784160906, -20.50890851 ], [ -40.778876661, -20.497739592 ], [ -40.763935209, -20.497892054 ], [ -40.760716085, -20.504519832 ], [ -40.73620601, -20.466559684 ], [ -40.71018772, -20.459421308 ], [ -40.714801074, -20.44164201 ], [ -40.702585311, -20.432079563 ], [ -40.688382418, -20.434427436 ], [ -40.675688363, -20.449267011 ], [ -40.660529544, -20.449474796 ], [ -40.656335485, -20.461727852 ], [ -40.677057806, -20.468728144 ], [ -40.676483004, -20.488591586 ], [ -40.682693192, -20.487949693 ], [ -40.684746844, -20.49980679 ], [ -40.69347344, -20.499101403 ], [ -40.691755866, -20.523972903 ], [ -40.702289366, -20.531903978 ], [ -40.672144576, -20.545618184 ], [ -40.684560584, -20.570226822 ], [ -40.682038339, -20.578135152 ], [ -40.672754304, -20.575630893 ], [ -40.669685307, -20.593937026 ], [ -40.711241512, -20.614255363 ], [ -40.727718816, -20.632284926 ], [ -40.726287393, -20.645882547 ], [ -40.741321758, -20.644810304 ], [ -40.744292185, -20.658150927 ], [ -40.759382335, -20.658238795 ], [ -40.770396535, -20.677577335 ], [ -40.769426417, -20.704772916 ], [ -40.839391885, -20.677857865 ], [ -40.83859734, -20.68755761 ], [ -40.84753519, -20.687790085 ], [ -40.882458693, -20.67041243 ], [ -40.90965758, -20.685970678 ], [ -40.933723998, -20.673761638 ], [ -40.931375202, -20.657536624 ], [ -40.911589892, -20.635788606 ], [ -40.910243115, -20.618453413 ], [ -40.936298698, -20.599596068 ], [ -40.943218779, -20.606572024 ], [ -40.962618485, -20.601669176 ], [ -40.956061854, -20.591814434 ], [ -40.968298982, -20.57644636 ], [ -40.967086852, -20.564519484 ], [ -40.955091777, -20.559375177 ], [ -40.966172602, -20.542477277 ], [ -40.95983472, -20.497475096 ], [ -40.968644929, -20.497284987 ], [ -40.968943028, -20.462569623 ], [ -40.977622069, -20.455969443 ], [ -40.986738502, -20.460233518 ], [ -40.985041113, -20.447514293 ], [ -40.995078056, -20.441640938 ], [ -40.961664942, -20.430007612 ] ] ] } },
{ "type": "Feature", "properties": { "CD_MUN": "3200409", "NM_MUN": "Anchieta", "SIGLA_UF": "ES", "AREA_KM2": 409.691 }, "geometry": { "type": "MultiPolygon", "coordinates": [ [ [ [ -40.684879987, -20.827135446 ], [ -40.684536663, -20.827738216 ], [ -40.68497891, -20.827250822 ], [ -40.684879987, -20.827135446 ] ] ], [ [ [ -40.59973145, -20.806833493 ], [ -40.59877029, -20.808326277 ], [ -40.600501895, -20.807306384 ], [ -40.59973145, -20.806833493 ] ] ], [ [ [ -40.643422218, -20.546062188 ], [ -40.637371929, -20.553336502 ], [ -40.647818994, -20.627562664 ], [ -40.570893948, -20.765153568 ], [ -40.57545019, -20.787121917 ], [ -40.568304109, -20.785144537 ], [ -40.586457552, -20.806602961 ], [ -40.607817112, -20.805992337 ], [ -40.628704188, -20.841243639 ], [ -40.628382893, -20.820049064 ], [ -40.642344931, -20.809723453 ], [ -40.653318549, -20.805872744 ], [ -40.701175983, -20.834580055 ], [ -40.729873908, -20.805717164 ], [ -40.747697463, -20.799313979 ], [ -40.75228475, -20.786493659 ], [ -40.771318527, -20.786980547 ], [ -40.77168212, -20.767234559 ], [ -40.780809827, -20.763924471 ], [ -40.776665668, -20.754769717 ], [ -40.784437693, -20.748386381 ], [ -40.801668332, -20.755595075 ], [ -40.810368102, -20.750552892 ], [ -40.791307035, -20.716218515 ], [ -40.807439283, -20.716100034 ], [ -40.843599004, -20.680111829 ], [ -40.769426417, -20.704772916 ], [ -40.770396535, -20.677577335 ], [ -40.759382335, -20.658238795 ], [ -40.744292185, -20.658150927 ], [ -40.741321758, -20.644810304 ], [ -40.726287393, -20.645882547 ], [ -40.727718816, -20.632284926 ], [ -40.711241512, -20.614255363 ], [ -40.669822081, -20.594197222 ], [ -40.672754304, -20.575630893 ], [ -40.684268969, -20.574592702 ], [ -40.679983583, -20.556508492 ], [ -40.675279851, -20.565916643 ], [ -40.643422218, -20.546062188 ] ] ] ] } },
{ "type": "Feature", "properties": { "CD_MUN": "3200508", "NM_MUN": "Apiacá", "SIGLA_UF": "ES", "AREA_KM2": 193.984 }, "geometry": { "type": "Polygon", "coordinates": [ [ [ -41.57248823, -20.958733423 ], [ -41.545306893, -20.967113401 ], [ -41.523243051, -20.962946593 ], [ -41.521127897, -20.982140195 ], [ -41.49579708, -20.996079547 ], [ -41.510943254, -21.022309934 ], [ -41.507094866, -21.04483425 ], [ -41.51565136, -21.064030619 ], [ -41.502886552, -21.072099909 ], [ -41.51307496, -21.10649541 ], [ -41.494981012, -21.109369305 ], [ -41.494021349, -21.123267157 ], [ -41.505768862, -21.140980662 ], [ -41.500588016, -21.144504826 ], [ -41.544894312, -21.148569982 ], [ -41.561261058, -21.163225909 ], [ -41.557665046, -21.173263609 ], [ -41.564623119, -21.183744858 ], [ -41.583895048, -21.164761827 ], [ -41.586567358, -21.149546513 ], [ -41.612589518, -21.157000943 ], [ -41.621981484, -21.146958465 ], [ -41.645493169, -21.143448276 ], [ -41.625449041, -21.117861748 ], [ -41.603677994, -21.108067793 ], [ -41.570469338, -21.074973726 ], [ -41.585267177, -21.066009706 ], [ -41.586585591, -21.056625552 ], [ -41.572274816, -21.024209524 ], [ -41.591433994, -21.007378488 ], [ -41.581554175, -20.989881685 ], [ -41.584556379, -20.970838178 ], [ -41.57248823, -20.958733423 ] ] ] } },
{ "type": "Feature", "properties": { "CD_MUN": "3200706", "NM_MUN": "Atílio Vivácqua", "SIGLA_UF": "ES", "AREA_KM2": 232.868 }, "geometry": { "type": "Polygon", "coordinates": [ [ [ -41.242526997, -20.871680521 ], [ -41.238256991, -20.881899095 ], [ -41.222254785, -20.881173561 ], [ -41.219052301, -20.88902206 ], [ -41.20087878, -20.88040687 ], [ -41.182300275, -20.896242231 ], [ -41.166124236, -20.899624972 ], [ -41.155522862, -20.890897581 ], [ -41.137111826, -20.90855291 ], [ -41.130657467, -20.930887163 ], [ -41.111375018, -20.926647154 ], [ -41.09306744, -20.933167418 ], [ -41.092898845, -20.953406143 ], [ -41.119910597, -20.966356086 ], [ -41.107010201, -20.969914913 ], [ -41.099125916, -20.985108326 ], [ -41.109764174, -20.98676488 ], [ -41.103509544, -21.002108115 ], [ -41.12571618, -21.013088715 ], [ -41.131903675, -21.030089459 ], [ -41.152850431, -21.03819563 ], [ -41.150415624, -21.050599858 ], [ -41.160846417, -21.061579891 ], [ -41.188347243, -21.068835978 ], [ -41.21596087, -21.031619234 ], [ -41.228714014, -21.006274137 ], [ -41.222404347, -20.976994123 ], [ -41.244068354, -20.945213442 ], [ -41.275750834, -20.957844724 ], [ -41.286434067, -20.950425565 ], [ -41.257752696, -20.898116357 ], [ -41.264899855, -20.88361374 ], [ -41.242526997, -20.871680521 ] ] ] } },
{ "type": "Feature", "properties": { "CD_MUN": "3201100", "NM_MUN": "Bom Jesus do Norte", "SIGLA_UF": "ES", "AREA_KM2": 89.084 }, "geometry": { "type": "Polygon", "coordinates": [ [ [ -41.587932821, -21.0064803 ], [ -41.571927061, -21.026357698 ], [ -41.585267177, -21.066009706 ], [ -41.570391318, -21.074529073 ], [ -41.603677994, -21.108067793 ], [ -41.622344642, -21.115209038 ], [ -41.645493169, -21.143448276 ], [ -41.665097436, -21.132293649 ], [ -41.663153075, -21.124701553 ], [ -41.678400543, -21.133502927 ], [ -41.677661839, -21.124088383 ], [ -41.694157928, -21.115372242 ], [ -41.705726525, -21.120822835 ], [ -41.704943468, -21.127794872 ], [ -41.719930071, -21.123196573 ], [ -41.705172179, -21.111568414 ], [ -41.716938035, -21.105091473 ], [ -41.708792283, -21.090934439 ], [ -41.683975328, -21.090721371 ], [ -41.670075948, -21.075256913 ], [ -41.654158061, -21.085939722 ], [ -41.632859992, -21.074922258 ], [ -41.61808961, -21.033880665 ], [ -41.587932821, -21.0064803 ] ] ] } },
{ "type": "Feature", "properties": { "CD_MUN": "3201159", "NM_MUN": "Brejetuba", "SIGLA_UF": "ES", "AREA_KM2": 354.404 }, "geometry": { "type": "Polygon", "coordinates": [ [ [ -41.300858113, -19.936525382 ], [ -41.271433532, -19.942207943 ], [ -41.273951621, -19.958523252 ], [ -41.26115532, -19.960773424 ], [ -41.264024801, -19.986545887 ], [ -41.254153897, -19.982898469 ], [ -41.23867902, -20.00619294 ], [ -41.253163813, -20.027936601 ], [ -41.23274304, -20.051811409 ], [ -41.254091366, -20.082702084 ], [ -41.239112701, -20.113529295 ], [ -41.223067402, -20.127028461 ], [ -41.230693592, -20.132208544 ], [ -41.230234298, -20.163544532 ], [ -41.242845482, -20.157425087 ], [ -41.252106372, -20.1810522 ], [ -41.240205494, -20.210199231 ], [ -41.255396889, -20.208443338 ], [ -41.239914189, -20.220396606 ], [ -41.226238992, -20.256188316 ], [ -41.242850974, -20.265085123 ], [ -41.240232105, -20.27785533 ], [ -41.265134581, -20.268986095 ], [ -41.256062564, -20.255482827 ], [ -41.267257871, -20.249980192 ], [ -41.27494664, -20.232435207 ], [ -41.286193317, -20.243213645 ], [ -41.288879099, -20.233222694 ], [ -41.302515925, -20.229915787 ], [ -41.308716097, -20.242195677 ], [ -41.293650184, -20.253000665 ], [ -41.30534492, -20.271106421 ], [ -41.323885845, -20.249551534 ], [ -41.34808991, -20.242808189 ], [ -41.35061567, -20.23432247 ], [ -41.338310073, -20.224838665 ], [ -41.347867455, -20.198242764 ], [ -41.376212691, -20.204666405 ], [ -41.37440915, -20.216406637 ], [ -41.38154539, -20.223535929 ], [ -41.396071934, -20.220936769 ], [ -41.399034989, -20.234189989 ], [ -41.408221455, -20.233633804 ], [ -41.416110059, -20.216744793 ], [ -41.409091776, -20.197699448 ], [ -41.382114496, -20.188813112 ], [ -41.375932478, -20.16194954 ], [ -41.347518026, -20.123908498 ], [ -41.345218982, -20.088984734 ], [ -41.337533298, -20.086978739 ], [ -41.333556285, -20.058839568 ], [ -41.324183531, -20.05236017 ], [ -41.308094652, -20.013019245 ], [ -41.320015, -19.980026879 ], [ -41.307915691, -19.948339958 ], [ -41.300858113, -19.936525382 ] ] ] } },
{ "type": "Feature", "properties": { "CD_MUN": "3201209", "NM_MUN": "Cachoeiro de Itapemirim", "SIGLA_UF": "ES", "AREA_KM2": 864.583 }, "geometry": { "type": "Polygon", "coordinates": [ [ [ -41.337796325, -20.608706521 ], [ -41.324486689, -20.617532948 ], [ -41.321889497, -20.633059315 ], [ -41.305632812, -20.651414923 ], [ -41.289172957, -20.642505633 ], [ -41.25482107, -20.662909623 ], [ -41.204605328, -20.671660215 ], [ -41.179875627, -20.667026379 ], [ -41.179704565, -20.653717295 ], [ -41.150290449, -20.642869225 ], [ -41.135405192, -20.630607866 ], [ -41.130033457, -20.613836511 ], [ -41.112823019, -20.616961385 ], [ -41.096993975, -20.608943193 ], [ -41.05474964, -20.627819961 ], [ -41.084925592, -20.682822804 ], [ -41.086832956, -20.704131473 ], [ -41.101765237, -20.703949822 ], [ -41.10669799, -20.717781683 ], [ -41.09709379, -20.724569774 ], [ -41.066751894, -20.711790325 ], [ -41.061756135, -20.715419779 ], [ -41.069683756, -20.730378728 ], [ -41.04982109, -20.752773185 ], [ -41.032242207, -20.756850022 ], [ -41.046078536, -20.795547001 ], [ -41.036961774, -20.787879781 ], [ -41.01837872, -20.790516652 ], [ -41.023137569, -20.815954302 ], [ -41.015299345, -20.822407402 ], [ -41.031266334, -20.853476264 ], [ -41.006184936, -20.869374994 ], [ -41.051095015, -20.875622297 ], [ -41.057293473, -20.89237823 ], [ -41.052926957, -20.903094597 ], [ -41.078754302, -20.918448474 ], [ -41.09202908, -20.95328142 ], [ -41.09306744, -20.933167418 ], [ -41.111375018, -20.926647154 ], [ -41.130657467, -20.930887163 ], [ -41.137111826, -20.90855291 ], [ -41.155522862, -20.890897581 ], [ -41.166278051, -20.899635055 ], [ -41.192646929, -20.891825821 ], [ -41.198193693, -20.880984559 ], [ -41.213809945, -20.889646047 ], [ -41.222254785, -20.881173561 ], [ -41.238256991, -20.881899095 ], [ -41.244952899, -20.867645796 ], [ -41.234840271, -20.853741994 ], [ -41.238349714, -20.847433657 ], [ -41.286382542, -20.855569773 ], [ -41.293945616, -20.839736823 ], [ -41.300455876, -20.857778903 ], [ -41.315561992, -20.850881108 ], [ -41.338749536, -20.862648234 ], [ -41.347822446, -20.811156084 ], [ -41.341997692, -20.795132378 ], [ -41.35452198, -20.774638228 ], [ -41.332622073, -20.755701191 ], [ -41.338712013, -20.745617404 ], [ -41.319866101, -20.732300238 ], [ -41.357629058, -20.725497218 ], [ -41.361843544, -20.720783907 ], [ -41.351639, -20.707059367 ], [ -41.362674424, -20.70089729 ], [ -41.360720426, -20.695165508 ], [ -41.381761932, -20.687786575 ], [ -41.388988858, -20.671328656 ], [ -41.372148614, -20.646496543 ], [ -41.378998161, -20.633221776 ], [ -41.366901432, -20.620725315 ], [ -41.351584114, -20.624298892 ], [ -41.352621785, -20.612575374 ], [ -41.337796325, -20.608706521 ] ] ] } },
{ "type": "Feature", "properties": { "CD_MUN": "3201407", "NM_MUN": "Castelo", "SIGLA_UF": "ES", "AREA_KM2": 663.515 }, "geometry": { "type": "Polygon", "coordinates": [ [ [ -41.097639069, -20.413537814 ], [ -41.101318003, -20.433655159 ], [ -41.075686709, -20.445249911 ], [ -41.067836185, -20.460286209 ], [ -41.052836266, -20.459907521 ], [ -41.051229027, -20.48081924 ], [ -41.044626363, -20.477074686 ], [ -41.028683157, -20.495925836 ], [ -41.025741921, -20.515929842 ], [ -41.038197074, -20.51487145 ], [ -41.044689568, -20.523554524 ], [ -41.056059264, -20.51823671 ], [ -41.054507349, -20.529282107 ], [ -41.043021807, -20.536798135 ], [ -41.017863088, -20.535141181 ], [ -41.034372488, -20.56834566 ], [ -41.052706908, -20.566067466 ], [ -41.06318035, -20.58133386 ], [ -41.077840898, -20.583759617 ], [ -41.080459554, -20.595101078 ], [ -41.066211018, -20.595546462 ], [ -41.069322963, -20.612246053 ], [ -41.131553002, -20.614386461 ], [ -41.135942622, -20.631223528 ], [ -41.150757133, -20.643147892 ], [ -41.167569183, -20.644726199 ], [ -41.180251051, -20.654360626 ], [ -41.179875627, -20.667026379 ], [ -41.193750523, -20.672373378 ], [ -41.25482107, -20.662909623 ], [ -41.289172957, -20.642505633 ], [ -41.305632812, -20.651414923 ], [ -41.321889497, -20.633059315 ], [ -41.324486689, -20.617532948 ], [ -41.340930793, -20.606017957 ], [ -41.352621785, -20.612575374 ], [ -41.351584114, -20.624298892 ], [ -41.391450894, -20.624199694 ], [ -41.405634449, -20.57515473 ], [ -41.414714954, -20.572905493 ], [ -41.405819863, -20.546981365 ], [ -41.390827958, -20.556923326 ], [ -41.387479845, -20.541457179 ], [ -41.372049348, -20.535857243 ], [ -41.377122651, -20.508253292 ], [ -41.328363912, -20.514362288 ], [ -41.319610751, -20.506396897 ], [ -41.327492329, -20.498344254 ], [ -41.321871366, -20.49627775 ], [ -41.299767917, -20.521497143 ], [ -41.286411079, -20.505996655 ], [ -41.280157588, -20.507884906 ], [ -41.283316441, -20.487959819 ], [ -41.270882287, -20.492255595 ], [ -41.26222305, -20.486285663 ], [ -41.242422922, -20.500104907 ], [ -41.235681909, -20.487521474 ], [ -41.208287276, -20.489938675 ], [ -41.207794244, -20.479393382 ], [ -41.225413042, -20.461259889 ], [ -41.214993473, -20.445227143 ], [ -41.203550997, -20.455456001 ], [ -41.191158012, -20.445583853 ], [ -41.166391497, -20.445895763 ], [ -41.161548992, -20.423032555 ], [ -41.142476215, -20.43157061 ], [ -41.119559275, -20.425134065 ], [ -41.106390145, -20.403032351 ], [ -41.097639069, -20.413537814 ] ] ] } },
{ "type": "Feature", "properties": { "CD_MUN": "3201704", "NM_MUN": "Conceição do Castelo", "SIGLA_UF": "ES", "AREA_KM2": 369.778 }, "geometry": { "type": "Polygon", "coordinates": [ [ [ -41.297114529, -20.230696849 ], [ -41.286193317, -20.243213645 ], [ -41.272228526, -20.233949823 ], [ -41.267257871, -20.249980192 ], [ -41.256062564, -20.255482827 ], [ -41.256166125, -20.263763517 ], [ -41.266898009, -20.264776542 ], [ -41.260074803, -20.273043737 ], [ -41.22353697, -20.280583128 ], [ -41.205060254, -20.267366513 ], [ -41.195248278, -20.270862791 ], [ -41.185267745, -20.259462644 ], [ -41.16555729, -20.267803546 ], [ -41.157803266, -20.281773681 ], [ -41.171821642, -20.30881845 ], [ -41.189694036, -20.307271155 ], [ -41.217156417, -20.327809949 ], [ -41.20976905, -20.336110476 ], [ -41.218561658, -20.356267134 ], [ -41.203173856, -20.365042398 ], [ -41.20177989, -20.383513003 ], [ -41.176426528, -20.397478691 ], [ -41.181342935, -20.40842297 ], [ -41.199206231, -20.417267844 ], [ -41.194423484, -20.451414491 ], [ -41.204555299, -20.455278398 ], [ -41.214993473, -20.445227143 ], [ -41.224053508, -20.454864663 ], [ -41.208220392, -20.489865147 ], [ -41.235681909, -20.487521474 ], [ -41.242422922, -20.500104907 ], [ -41.26222305, -20.486285663 ], [ -41.270882287, -20.492255595 ], [ -41.283316441, -20.487959819 ], [ -41.280157588, -20.507884906 ], [ -41.286411079, -20.505996655 ], [ -41.299767917, -20.521497143 ], [ -41.319351178, -20.497423049 ], [ -41.327667844, -20.497546769 ], [ -41.317803076, -20.491334447 ], [ -41.318854483, -20.451669484 ], [ -41.310383062, -20.425326785 ], [ -41.319918485, -20.417875466 ], [ -41.319562024, -20.399224042 ], [ -41.336898615, -20.385568138 ], [ -41.345817433, -20.387583705 ], [ -41.361861444, -20.320975411 ], [ -41.350496165, -20.302082622 ], [ -41.317192353, -20.301087466 ], [ -41.319371544, -20.273612326 ], [ -41.303641858, -20.270651942 ], [ -41.294640478, -20.258205649 ], [ -41.309088193, -20.240140171 ], [ -41.297114529, -20.230696849 ] ] ] } },
{ "type": "Feature", "properties": { "CD_MUN": "3201803", "NM_MUN": "Divino de São Lourenço", "SIGLA_UF": "ES", "AREA_KM2": 174.039 }, "geometry": { "type": "Polygon", "coordinates": [ [ [ -41.782398755, -20.504127013 ], [ -41.747304943, -20.503943584 ], [ -41.739060326, -20.517015579 ], [ -41.724565454, -20.513225689 ], [ -41.714112465, -20.517829546 ], [ -41.713208533, -20.526702447 ], [ -41.690892699, -20.533572143 ], [ -41.690239795, -20.545455146 ], [ -41.669046381, -20.566688489 ], [ -41.66305175, -20.587862766 ], [ -41.66898404, -20.609482531 ], [ -41.658925398, -20.611207134 ], [ -41.666092742, -20.650567963 ], [ -41.653003492, -20.651094542 ], [ -41.653067373, -20.666104903 ], [ -41.699697547, -20.665540382 ], [ -41.707278191, -20.671885801 ], [ -41.72501779, -20.647832137 ], [ -41.750714767, -20.639265723 ], [ -41.754153565, -20.627710302 ], [ -41.769366117, -20.627259966 ], [ -41.773052635, -20.618114655 ], [ -41.766390418, -20.608573609 ], [ -41.80190616, -20.588141126 ], [ -41.783232109, -20.55863803 ], [ -41.774264775, -20.523473323 ], [ -41.782398755, -20.504127013 ] ] ] } },
{ "type": "Feature", "properties": { "CD_MUN": "3201902", "NM_MUN": "Domingos Martins", "SIGLA_UF": "ES", "AREA_KM2": 1229.21 }, "geometry": { "type": "Polygon", "coordinates": [ [ [ -40.767261625, -20.152550332 ], [ -40.766154933, -20.167745557 ], [ -40.750647208, -20.173552377 ], [ -40.745275143, -20.188841873 ], [ -40.727785979, -20.183226895 ], [ -40.681693737, -20.188448622 ], [ -40.66022108, -20.206719153 ], [ -40.664315097, -20.21777426 ], [ -40.633851295, -20.215883656 ], [ -40.626394965, -20.236708195 ], [ -40.609641288, -20.252282441 ], [ -40.596056714, -20.243462422 ], [ -40.605161281, -20.25146883 ], [ -40.604571762, -20.26732979 ], [ -40.582081953, -20.292593672 ], [ -40.579699657, -20.322065896 ], [ -40.586586209, -20.335704542 ], [ -40.582195769, -20.343525645 ], [ -40.594595614, -20.362580986 ], [ -40.588703693, -20.3683301 ], [ -40.579575598, -20.362532088 ], [ -40.570544142, -20.377522623 ], [ -40.558358797, -20.37277984 ], [ -40.56130032, -20.388584247 ], [ -40.53393628, -20.389305808 ], [ -40.547996301, -20.400112539 ], [ -40.543196583, -20.402602295 ], [ -40.586857606, -20.41492485 ], [ -40.610554046, -20.412603502 ], [ -40.627611788, -20.423704594 ], [ -40.647484886, -20.400923731 ], [ -40.64697463, -20.386158262 ], [ -40.688528115, -20.38741391 ], [ -40.692151177, -20.393106068 ], [ -40.712049362, -20.377212009 ], [ -40.721352872, -20.388411984 ], [ -40.740404505, -20.385389324 ], [ -40.732167063, -20.348401975 ], [ -40.745663172, -20.343220253 ], [ -40.778052595, -20.36541441 ], [ -40.789444376, -20.406200797 ], [ -40.820845383, -20.393128471 ], [ -40.834356791, -20.375395107 ], [ -40.855307261, -20.385489902 ], [ -40.86862829, -20.381662319 ], [ -40.894850839, -20.398803508 ], [ -40.886577422, -20.410804572 ], [ -40.888553226, -20.421552581 ], [ -40.899580222, -20.424016836 ], [ -40.902083636, -20.449544891 ], [ -40.960966016, -20.430058434 ], [ -40.988113865, -20.436837445 ], [ -41.001785541, -20.426222279 ], [ -41.01049936, -20.43418884 ], [ -41.005002913, -20.470482398 ], [ -41.018917868, -20.483617617 ], [ -41.051023854, -20.481061928 ], [ -41.05620043, -20.468543988 ], [ -41.045644633, -20.457050069 ], [ -41.066714255, -20.421927709 ], [ -41.063779173, -20.41000465 ], [ -41.074886281, -20.403740841 ], [ -41.07144799, -20.389882947 ], [ -41.092487985, -20.380300276 ], [ -41.087181674, -20.352956897 ], [ -41.099187654, -20.342725247 ], [ -41.092961532, -20.334556224 ], [ -41.10488937, -20.322497623 ], [ -41.104888196, -20.304221519 ], [ -41.136791547, -20.289393053 ], [ -41.128243969, -20.267460768 ], [ -41.102941275, -20.275145023 ], [ -41.0996759, -20.265896089 ], [ -41.086037034, -20.266563666 ], [ -41.070414918, -20.249728584 ], [ -41.067146853, -20.220027678 ], [ -41.049945619, -20.23603907 ], [ -41.037448911, -20.227361475 ], [ -41.025940194, -20.230981028 ], [ -41.025545335, -20.212301737 ], [ -40.988146684, -20.216778428 ], [ -40.980664137, -20.227439617 ], [ -40.968636523, -20.2119507 ], [ -40.973454945, -20.200410004 ], [ -40.966996672, -20.190332914 ], [ -40.895843151, -20.203293768 ], [ -40.872151274, -20.188333737 ], [ -40.855926838, -20.192051409 ], [ -40.82034778, -20.163791534 ], [ -40.809046971, -20.17479753 ], [ -40.786431277, -20.159136544 ], [ -40.771149671, -20.160761692 ], [ -40.767261625, -20.152550332 ] ] ] } },
{ "type": "Feature", "properties": { "CD_MUN": "3202009", "NM_MUN": "Dores do Rio Preto", "SIGLA_UF": "ES", "AREA_KM2": 159.298 }, "geometry": { "type": "Polygon", "coordinates": [ [ [ -41.825780866, -20.484992798 ], [ -41.794663145, -20.478452661 ], [ -41.774264775, -20.523473323 ], [ -41.783232109, -20.55863803 ], [ -41.802082036, -20.587705493 ], [ -41.766390418, -20.608573609 ], [ -41.770824702, -20.625142412 ], [ -41.754153565, -20.627710302 ], [ -41.750811697, -20.638685935 ], [ -41.777301458, -20.647529994 ], [ -41.771565408, -20.659310984 ], [ -41.793462856, -20.680026968 ], [ -41.77922767, -20.716570403 ], [ -41.794899839, -20.722464088 ], [ -41.801674417, -20.741242668 ], [ -41.816084526, -20.7331172 ], [ -41.833025591, -20.746207439 ], [ -41.848826374, -20.737297186 ], [ -41.844569681, -20.777345837 ], [ -41.852166046, -20.763759283 ], [ -41.872600942, -20.766494485 ], [ -41.879641072, -20.756991647 ], [ -41.872794972, -20.742870141 ], [ -41.856556574, -20.747687412 ], [ -41.865355849, -20.72201602 ], [ -41.856202097, -20.714291277 ], [ -41.863352888, -20.710910488 ], [ -41.824156902, -20.663037279 ], [ -41.827644338, -20.656409515 ], [ -41.819482206, -20.657808223 ], [ -41.807297337, -20.643690959 ], [ -41.821197949, -20.637131729 ], [ -41.817413915, -20.624538677 ], [ -41.839179313, -20.624835241 ], [ -41.856694292, -20.615766687 ], [ -41.841299188, -20.600442039 ], [ -41.828391198, -20.557296182 ], [ -41.804929703, -20.544698004 ], [ -41.825780866, -20.484992798 ] ] ] } },
{ "type": "Feature", "properties": { "CD_MUN": "3202306", "NM_MUN": "Guaçuí", "SIGLA_UF": "ES", "AREA_KM2": 468.185 }, "geometry": { "type": "Polygon", "coordinates": [ [ [ -41.660183767, -20.63752626 ], [ -41.641792217, -20.640402363 ], [ -41.642590758, -20.655366378 ], [ -41.618357311, -20.648134316 ], [ -41.607733375, -20.653306596 ], [ -41.59615108, -20.677335118 ], [ -41.611739827, -20.696140788 ], [ -41.595212799, -20.728190925 ], [ -41.604876643, -20.729793525 ], [ -41.609560987, -20.751355966 ], [ -41.630743957, -20.777313876 ], [ -41.625818693, -20.802593481 ], [ -41.615610186, -20.800904188 ], [ -41.624067027, -20.822960329 ], [ -41.617876265, -20.845231577 ], [ -41.6282282, -20.861828546 ], [ -41.6390783, -20.844509539 ], [ -41.652089855, -20.891644566 ], [ -41.670685397, -20.889768351 ], [ -41.68720455, -20.929726659 ], [ -41.705503696, -20.921439703 ], [ -41.733772396, -20.943341627 ], [ -41.737336608, -20.9277786 ], [ -41.722405123, -20.923306373 ], [ -41.718404908, -20.900797731 ], [ -41.72634094, -20.892389472 ], [ -41.711462738, -20.871881474 ], [ -41.726844008, -20.863703483 ], [ -41.730161919, -20.87090826 ], [ -41.743020845, -20.869826724 ], [ -41.739854509, -20.817503749 ], [ -41.781412477, -20.797655442 ], [ -41.803610561, -20.80569151 ], [ -41.814031454, -20.80528462 ], [ -41.805791941, -20.797519812 ], [ -41.827899606, -20.797112922 ], [ -41.824384532, -20.788296982 ], [ -41.844569681, -20.777345837 ], [ -41.849279204, -20.738182279 ], [ -41.833025591, -20.746207439 ], [ -41.81505852, -20.733072444 ], [ -41.803262491, -20.742191475 ], [ -41.794899839, -20.722464088 ], [ -41.77922767, -20.716570403 ], [ -41.793462856, -20.680026968 ], [ -41.771565408, -20.659310984 ], [ -41.777301458, -20.647529994 ], [ -41.739308716, -20.638596972 ], [ -41.706893624, -20.671887245 ], [ -41.699697547, -20.665540382 ], [ -41.653067373, -20.666104903 ], [ -41.653003492, -20.651094542 ], [ -41.666375798, -20.648521975 ], [ -41.660183767, -20.63752626 ] ] ] } },
{ "type": "Feature", "properties": { "CD_MUN": "3202405", "NM_MUN": "Guarapari", "SIGLA_UF": "ES", "AREA_KM2": 589.825 }, "geometry": { "type": "MultiPolygon", "coordinates": [ [ [ [ -40.54922772, -20.761469819 ], [ -40.5500252, -20.76231268 ], [ -40.549605489, -20.761320976 ], [ -40.54922772, -20.761469819 ] ] ], [ [ [ -40.547168724, -20.759482074 ], [ -40.54625393, -20.759440313 ], [ -40.546238887, -20.759779874 ], [ -40.547168724, -20.759482074 ] ] ], [ [ [ -40.547098134, -20.758069921 ], [ -40.547866996, -20.758491782 ], [ -40.546968052, -20.75766244 ], [ -40.547098134, -20.758069921 ] ] ], [ [ [ -40.541418566, -20.74260007 ], [ -40.542854106, -20.743194567 ], [ -40.541292585, -20.742086287 ], [ -40.541418566, -20.74260007 ] ] ], [ [ [ -40.527682364, -20.736599485 ], [ -40.528023619, -20.737214458 ], [ -40.528625833, -20.737279297 ], [ -40.527682364, -20.736599485 ] ] ], [ [ [ -40.526280368, -20.731729883 ], [ -40.526345867, -20.731877519 ], [ -40.526778387, -20.732172714 ], [ -40.526280368, -20.731729883 ] ] ], [ [ [ -40.523741034, -20.730579848 ], [ -40.523156494, -20.730554312 ], [ -40.523219736, -20.73068519 ], [ -40.523741034, -20.730579848 ] ] ], [ [ [ -40.523969346, -20.729487731 ], [ -40.52447896, -20.730331168 ], [ -40.524070884, -20.72941673 ], [ -40.523969346, -20.729487731 ] ] ], [ [ [ -40.508934345, -20.713812821 ], [ -40.509400015, -20.714626973 ], [ -40.50962743, -20.713422232 ], [ -40.508934345, -20.713812821 ] ] ], [ [ [ -40.509676458, -20.712983747 ], [ -40.50925851, -20.712561398 ], [ -40.508678797, -20.7125756 ], [ -40.509676458, -20.712983747 ] ] ], [ [ [ -40.508221745, -20.711451161 ], [ -40.508689775, -20.710774102 ], [ -40.507933293, -20.710622369 ], [ -40.508221745, -20.711451161 ] ] ], [ [ [ -40.511935508, -20.703965741 ], [ -40.512220969, -20.703992005 ], [ -40.512018729, -20.703767716 ], [ -40.511935508, -20.703965741 ] ] ], [ [ [ -40.405529904, -20.700295495 ], [ -40.40749912, -20.699909186 ], [ -40.405972731, -20.699161147 ], [ -40.405529904, -20.700295495 ] ] ], [ [ [ -40.501683797, -20.683141249 ], [ -40.501623406, -20.683806091 ], [ -40.502122276, -20.684004752 ], [ -40.501683797, -20.683141249 ] ] ], [ [ [ -40.364971917, -20.677124448 ], [ -40.365211908, -20.678625434 ], [ -40.366058292, -20.678649082 ], [ -40.364971917, -20.677124448 ] ] ], [ [ [ -40.368483747, -20.676332612 ], [ -40.367258396, -20.676568989 ], [ -40.367599471, -20.676947189 ], [ -40.368483747, -20.676332612 ] ] ], [ [ [ -40.493990897, -20.661847137 ], [ -40.494364774, -20.661754942 ], [ -40.494153795, -20.661550157 ], [ -40.493990897, -20.661847137 ] ] ], [ [ [ -40.472149727, -20.661155587 ], [ -40.472450699, -20.661419389 ], [ -40.47252153, -20.661156218 ], [ -40.472149727, -20.661155587 ] ] ], [ [ [ -40.46898028, -20.661073644 ], [ -40.468605918, -20.66342319 ], [ -40.471936824, -20.662912708 ], [ -40.46898028, -20.661073644 ] ] ], [ [ [ -40.46306141, -20.644269039 ], [ -40.463367218, -20.644727824 ], [ -40.463589598, -20.644537759 ], [ -40.46306141, -20.644269039 ] ] ], [ [ [ -40.464142174, -20.643930798 ], [ -40.464376773, -20.643943474 ], [ -40.464220668, -20.643808979 ], [ -40.464142174, -20.643930798 ] ] ], [ [ [ -40.461244104, -20.643757749 ], [ -40.461425314, -20.644028848 ], [ -40.461512237, -20.643693068 ], [ -40.461244104, -20.643757749 ] ] ], [ [ [ -40.430362122, -20.639328086 ], [ -40.429641125, -20.640684301 ], [ -40.430178934, -20.640802002 ], [ -40.430362122, -20.639328086 ] ] ], [ [ [ -40.445893257, -20.637814287 ], [ -40.446222685, -20.63880311 ], [ -40.447048715, -20.63822141 ], [ -40.445893257, -20.637814287 ] ] ], [ [ [ -40.443421276, -20.63773366 ], [ -40.443862701, -20.638158099 ], [ -40.443963377, -20.638111263 ], [ -40.443421276, -20.63773366 ] ] ], [ [ [ -40.440744286, -20.637394653 ], [ -40.440052495, -20.637923743 ], [ -40.441102894, -20.638061916 ], [ -40.440744286, -20.637394653 ] ] ], [ [ [ -40.436944648, -20.635256607 ], [ -40.437425483, -20.635796436 ], [ -40.437411552, -20.635389032 ], [ -40.436944648, -20.635256607 ] ] ], [ [ [ -40.464379106, -20.627283295 ], [ -40.46457651, -20.627452343 ], [ -40.464686394, -20.627176325 ], [ -40.464379106, -20.627283295 ] ] ], [ [ [ -40.396071263, -20.621731647 ], [ -40.39645936, -20.62263929 ], [ -40.396782636, -20.622487952 ], [ -40.396071263, -20.621731647 ] ] ], [ [ [ -40.376081386, -20.613538468 ], [ -40.378115203, -20.612929392 ], [ -40.376284271, -20.612545776 ], [ -40.376081386, -20.613538468 ] ] ], [ [ [ -40.38223215, -20.613351793 ], [ -40.379414715, -20.614019854 ], [ -40.383889955, -20.614958987 ], [ -40.38223215, -20.613351793 ] ] ], [ [ [ -40.38835048, -20.610047592 ], [ -40.388179075, -20.610972692 ], [ -40.388848827, -20.610720318 ], [ -40.38835048, -20.610047592 ] ] ], [ [ [ -40.376307434, -20.610383462 ], [ -40.373084756, -20.61067078 ], [ -40.372827521, -20.613183627 ], [ -40.376307434, -20.610383462 ] ] ], [ [ [ -40.390423796, -20.597942867 ], [ -40.392624862, -20.597188245 ], [ -40.390882992, -20.59683949 ], [ -40.390423796, -20.597942867 ] ] ], [ [ [ -40.651930673, -20.458992967 ], [ -40.626241515, -20.467897179 ], [ -40.604360662, -20.487507349 ], [ -40.583218788, -20.476119725 ], [ -40.537627839, -20.47285276 ], [ -40.484154777, -20.505177106 ], [ -40.379942739, -20.518106607 ], [ -40.375165548, -20.529108218 ], [ -40.423220616, -20.636165889 ], [ -40.428864303, -20.635511662 ], [ -40.434185522, -20.641953585 ], [ -40.434409321, -20.636348174 ], [ -40.437746333, -20.634208238 ], [ -40.450078155, -20.637852055 ], [ -40.448779311, -20.626067578 ], [ -40.464134308, -20.623753607 ], [ -40.470080974, -20.640198917 ], [ -40.46323384, -20.64627897 ], [ -40.472649661, -20.650790836 ], [ -40.466309803, -20.65749278 ], [ -40.475088102, -20.661037163 ], [ -40.481159788, -20.652413298 ], [ -40.497176932, -20.662612863 ], [ -40.491292229, -20.669002883 ], [ -40.511887342, -20.693714198 ], [ -40.524510574, -20.724232537 ], [ -40.520140935, -20.729749001 ], [ -40.522665609, -20.73047107 ], [ -40.524880697, -20.728590454 ], [ -40.527279863, -20.729220518 ], [ -40.537292732, -20.745281427 ], [ -40.53939624, -20.738316291 ], [ -40.553098879, -20.743173208 ], [ -40.570893948, -20.765153568 ], [ -40.647818994, -20.627562664 ], [ -40.638239652, -20.547994685 ], [ -40.648257376, -20.546316456 ], [ -40.676559841, -20.56612509 ], [ -40.680696266, -20.556390909 ], [ -40.673910834, -20.557753255 ], [ -40.672391313, -20.545154979 ], [ -40.702268777, -20.536450548 ], [ -40.691755866, -20.523972903 ], [ -40.69347344, -20.499101403 ], [ -40.684746844, -20.49980679 ], [ -40.682693192, -20.487949693 ], [ -40.676483004, -20.488591586 ], [ -40.677057806, -20.468728144 ], [ -40.651930673, -20.458992967 ] ] ] ] } },
{ "type": "Feature", "properties": { "CD_MUN": "3202454", "NM_MUN": "Ibatiba", "SIGLA_UF": "ES", "AREA_KM2": 240.278 }, "geometry": { "type": "Polygon", "coordinates": [ [ [ -41.41499863, -20.210304135 ], [ -41.409287473, -20.229233892 ], [ -41.449505568, -20.27544383 ], [ -41.439876664, -20.281550108 ], [ -41.443314605, -20.296789316 ], [ -41.476387842, -20.328134317 ], [ -41.496556017, -20.279975543 ], [ -41.515310893, -20.282537238 ], [ -41.523702082, -20.293981236 ], [ -41.537131024, -20.286896114 ], [ -41.55392999, -20.298561112 ], [ -41.569345122, -20.263628362 ], [ -41.596976167, -20.264349603 ], [ -41.620399024, -20.269747879 ], [ -41.628567284, -20.289132912 ], [ -41.662245663, -20.31701526 ], [ -41.680149466, -20.322073174 ], [ -41.689095893, -20.336851239 ], [ -41.690372249, -20.325979034 ], [ -41.677812718, -20.308651529 ], [ -41.687268838, -20.297866039 ], [ -41.674142362, -20.284686412 ], [ -41.678279215, -20.279571517 ], [ -41.668279025, -20.262749862 ], [ -41.683419926, -20.263746705 ], [ -41.682642413, -20.256521579 ], [ -41.67497046, -20.251358483 ], [ -41.666004229, -20.206998196 ], [ -41.41499863, -20.210304135 ] ] ] } },
{ "type": "Feature", "properties": { "CD_MUN": "3202553", "NM_MUN": "Ibitirama", "SIGLA_UF": "ES", "AREA_KM2": 330.874 }, "geometry": { "type": "Polygon", "coordinates": [ [ [ -41.772846016, -20.373104227 ], [ -41.738733337, -20.381708321 ], [ -41.685534322, -20.422293679 ], [ -41.673049738, -20.412326638 ], [ -41.67156128, -20.395986116 ], [ -41.659075784, -20.391375333 ], [ -41.66045903, -20.381530893 ], [ -41.649736654, -20.387702212 ], [ -41.648244475, -20.405039242 ], [ -41.633252024, -20.404809792 ], [ -41.641720585, -20.435411923 ], [ -41.62203247, -20.444089584 ], [ -41.632155533, -20.460127012 ], [ -41.593111276, -20.484299668 ], [ -41.604802914, -20.5231418 ], [ -41.602996586, -20.549016905 ], [ -41.616730356, -20.564693571 ], [ -41.632814961, -20.56354951 ], [ -41.639927737, -20.572597718 ], [ -41.637684896, -20.589351795 ], [ -41.623221112, -20.60117387 ], [ -41.617403621, -20.597502967 ], [ -41.626311951, -20.621160021 ], [ -41.606598171, -20.623266536 ], [ -41.604672215, -20.630699743 ], [ -41.612342334, -20.634969246 ], [ -41.599381678, -20.664519996 ], [ -41.618357311, -20.648134316 ], [ -41.642590758, -20.655366378 ], [ -41.642088362, -20.640081062 ], [ -41.661247621, -20.636665455 ], [ -41.658946045, -20.610896187 ], [ -41.66898404, -20.609482531 ], [ -41.66305175, -20.587862766 ], [ -41.669046381, -20.566688489 ], [ -41.690239795, -20.545455146 ], [ -41.694298362, -20.530029895 ], [ -41.713208533, -20.526702447 ], [ -41.714112465, -20.517829546 ], [ -41.724565454, -20.513225689 ], [ -41.739060326, -20.517015579 ], [ -41.747304943, -20.503943584 ], [ -41.782398755, -20.504127013 ], [ -41.791991453, -20.491839838 ], [ -41.801557827, -20.469268254 ], [ -41.804042227, -20.41790463 ], [ -41.791283758, -20.396138431 ], [ -41.793355497, -20.376473261 ], [ -41.772846016, -20.373104227 ] ] ] } },
{ "type": "Feature", "properties": { "CD_MUN": "3202603", "NM_MUN": "Iconha", "SIGLA_UF": "ES", "AREA_KM2": 203.528 }, "geometry": { "type": "Polygon", "coordinates": [ [ [ -40.8781803, -20.673200377 ], [ -40.827532821, -20.690399743 ], [ -40.805414442, -20.717476491 ], [ -40.794515548, -20.712729304 ], [ -40.792287109, -20.721041892 ], [ -40.810368102, -20.750552892 ], [ -40.801668332, -20.755595075 ], [ -40.783916648, -20.74856268 ], [ -40.776010335, -20.755942552 ], [ -40.780551801, -20.764325671 ], [ -40.77168212, -20.767234559 ], [ -40.770786631, -20.787258963 ], [ -40.828044988, -20.855963678 ], [ -40.828010816, -20.808505614 ], [ -40.856255406, -20.81453248 ], [ -40.866993822, -20.805998101 ], [ -40.88990708, -20.818371555 ], [ -40.947420378, -20.771767301 ], [ -40.93144065, -20.747215491 ], [ -40.925301842, -20.745251993 ], [ -40.923198743, -20.749322935 ], [ -40.920226873, -20.747790156 ], [ -40.932557816, -20.729436098 ], [ -40.916102385, -20.693308681 ], [ -40.8781803, -20.673200377 ] ] ] } },
{ "type": "Feature", "properties": { "CD_MUN": "3202652", "NM_MUN": "Irupi", "SIGLA_UF": "ES", "AREA_KM2": 184.807 }, "geometry": { "type": "Polygon", "coordinates": [ [ [ -41.668583517, -20.25817659 ], [ -41.678279215, -20.279571517 ], [ -41.674142362, -20.284686412 ], [ -41.687268838, -20.297866039 ], [ -41.677812718, -20.308651529 ], [ -41.690372249, -20.325979034 ], [ -41.688104817, -20.337661026 ], [ -41.680149466, -20.322073174 ], [ -41.662245663, -20.31701526 ], [ -41.628567284, -20.289132912 ], [ -41.620399024, -20.269747879 ], [ -41.596976167, -20.264349603 ], [ -41.569345122, -20.263628362 ], [ -41.539311712, -20.316525175 ], [ -41.563027181, -20.347322146 ], [ -41.599566731, -20.359594287 ], [ -41.585502051, -20.383329611 ], [ -41.610882439, -20.402536185 ], [ -41.61312031, -20.41444035 ], [ -41.627029603, -20.411892627 ], [ -41.632031696, -20.397178641 ], [ -41.645270979, -20.393885989 ], [ -41.65523441, -20.372067376 ], [ -41.697948732, -20.386364002 ], [ -41.705007225, -20.359600726 ], [ -41.735239232, -20.321594774 ], [ -41.779875015, -20.341241721 ], [ -41.785137812, -20.351865207 ], [ -41.797153023, -20.347612615 ], [ -41.746276311, -20.314716166 ], [ -41.716681133, -20.324660214 ], [ -41.709267748, -20.31176904 ], [ -41.716807315, -20.303410898 ], [ -41.703913845, -20.300219265 ], [ -41.708994339, -20.292997575 ], [ -41.694626849, -20.278638298 ], [ -41.69868559, -20.270239883 ], [ -41.668583517, -20.25817659 ] ] ] } },
{ "type": "Feature", "properties": { "CD_MUN": "3202801", "NM_MUN": "Itapemirim", "SIGLA_UF": "ES", "AREA_KM2": 550.71 }, "geometry": { "type": "MultiPolygon", "coordinates": [ [ [ [ -40.753218366, -20.924304419 ], [ -40.756013614, -20.928860362 ], [ -40.756913112, -20.92792752 ], [ -40.753218366, -20.924304419 ] ] ], [ [ [ -40.74939847, -20.873065547 ], [ -40.751881493, -20.874614519 ], [ -40.752420598, -20.874704807 ], [ -40.74939847, -20.873065547 ] ] ], [ [ [ -40.758858979, -20.86714364 ], [ -40.763812104, -20.888625471 ], [ -40.802788315, -20.939970434 ], [ -40.809207, -20.995772571 ], [ -40.861240516, -21.054051212 ], [ -40.879544309, -21.060259453 ], [ -40.909669446, -21.042065236 ], [ -40.939849591, -21.05438004 ], [ -40.933249059, -21.082059052 ], [ -40.945744521, -21.110698457 ], [ -40.960035093, -21.077380513 ], [ -41.024923509, -21.055657325 ], [ -41.039890836, -21.027647728 ], [ -41.01784884, -21.011898918 ], [ -41.017692685, -21.000288329 ], [ -41.07499066, -21.02110246 ], [ -41.117416394, -21.011957465 ], [ -41.103509544, -21.002108115 ], [ -41.109590069, -20.986292799 ], [ -41.099125916, -20.985108326 ], [ -41.107010201, -20.969914913 ], [ -41.119910597, -20.966356086 ], [ -41.09097126, -20.95230148 ], [ -41.078754302, -20.918448474 ], [ -41.052926957, -20.903094597 ], [ -41.057261849, -20.892099557 ], [ -41.044860326, -20.870809159 ], [ -40.979597762, -20.869386454 ], [ -40.926762071, -20.891175618 ], [ -40.866015816, -20.892983741 ], [ -40.851014852, -20.886052617 ], [ -40.828043464, -20.890831245 ], [ -40.758858979, -20.86714364 ] ] ] ] } },
{ "type": "Feature", "properties": { "CD_MUN": "3203007", "NM_MUN": "Iúna", "SIGLA_UF": "ES", "AREA_KM2": 460.586 }, "geometry": { "type": "Polygon", "coordinates": [ [ [ -41.667379715, -20.210448456 ], [ -41.67497046, -20.251358483 ], [ -41.684587167, -20.266080641 ], [ -41.69868559, -20.270239883 ], [ -41.694626849, -20.278638298 ], [ -41.708994339, -20.292997575 ], [ -41.703913845, -20.300219265 ], [ -41.716807315, -20.303410898 ], [ -41.709267748, -20.31176904 ], [ -41.716580421, -20.324588072 ], [ -41.746276311, -20.314716166 ], [ -41.797260626, -20.34727587 ], [ -41.785137812, -20.351865207 ], [ -41.779875015, -20.341241721 ], [ -41.735239232, -20.321594774 ], [ -41.705007225, -20.359600726 ], [ -41.697948732, -20.386364002 ], [ -41.65523441, -20.372067376 ], [ -41.645270979, -20.393885989 ], [ -41.632031696, -20.397178641 ], [ -41.627029603, -20.411892627 ], [ -41.61312031, -20.41444035 ], [ -41.610882439, -20.402536185 ], [ -41.585502051, -20.383329611 ], [ -41.599566731, -20.359594287 ], [ -41.563115046, -20.347382305 ], [ -41.560912295, -20.336546097 ], [ -41.539373307, -20.324553921 ], [ -41.55392999, -20.298561112 ], [ -41.537131024, -20.286896114 ], [ -41.523702082, -20.293981236 ], [ -41.515310893, -20.282537238 ], [ -41.496556017, -20.279975543 ], [ -41.479394964, -20.310205767 ], [ -41.481601121, -20.322960556 ], [ -41.46547992, -20.333615953 ], [ -41.468030555, -20.344369736 ], [ -41.461434837, -20.349055041 ], [ -41.470818755, -20.361449405 ], [ -41.46687117, -20.38629452 ], [ -41.475873719, -20.412282421 ], [ -41.52406557, -20.440184392 ], [ -41.578405836, -20.428132608 ], [ -41.571887503, -20.446349389 ], [ -41.584363797, -20.459427712 ], [ -41.577238882, -20.466450207 ], [ -41.577039937, -20.499668442 ], [ -41.596331059, -20.504038756 ], [ -41.594683566, -20.478964052 ], [ -41.606507565, -20.47979768 ], [ -41.632072651, -20.460289722 ], [ -41.62203247, -20.444089584 ], [ -41.641720585, -20.435411923 ], [ -41.633252024, -20.404809792 ], [ -41.648244475, -20.405039242 ], [ -41.655310874, -20.381602354 ], [ -41.685534322, -20.422293679 ], [ -41.738733337, -20.381708321 ], [ -41.790984077, -20.374171941 ], [ -41.791283758, -20.396138431 ], [ -41.803310217, -20.422251178 ], [ -41.834310416, -20.411457677 ], [ -41.845058064, -20.377363006 ], [ -41.859511632, -20.372842559 ], [ -41.844398833, -20.340931248 ], [ -41.847498297, -20.32800618 ], [ -41.836477906, -20.330379334 ], [ -41.825093597, -20.31238754 ], [ -41.77627178, -20.286360846 ], [ -41.78050075, -20.281988486 ], [ -41.758454007, -20.208236677 ], [ -41.667379715, -20.210448456 ] ] ] } },
{ "type": "Feature", "properties": { "CD_MUN": "3203106", "NM_MUN": "Jerônimo Monteiro", "SIGLA_UF": "ES", "AREA_KM2": 177.342 }, "geometry": { "type": "Polygon", "coordinates": [ [ [ -41.381176578, -20.688161746 ], [ -41.35345754, -20.704424785 ], [ -41.361843544, -20.720783907 ], [ -41.352216991, -20.729589404 ], [ -41.340085886, -20.724156388 ], [ -41.319866101, -20.732300238 ], [ -41.338712013, -20.745617404 ], [ -41.332622073, -20.755701191 ], [ -41.35452198, -20.774638228 ], [ -41.341997692, -20.795132378 ], [ -41.347822446, -20.811156084 ], [ -41.341811094, -20.81836096 ], [ -41.342960699, -20.850822876 ], [ -41.335509393, -20.853644099 ], [ -41.337545655, -20.872404838 ], [ -41.371015608, -20.874930948 ], [ -41.411362919, -20.851631051 ], [ -41.419862778, -20.860037787 ], [ -41.415770927, -20.866075665 ], [ -41.423731083, -20.8676677 ], [ -41.430590437, -20.904195379 ], [ -41.444607201, -20.90855277 ], [ -41.459708181, -20.880639544 ], [ -41.456326932, -20.870450159 ], [ -41.463670503, -20.866614516 ], [ -41.453558547, -20.805914984 ], [ -41.418273666, -20.781383537 ], [ -41.392286546, -20.718821322 ], [ -41.396580032, -20.707505908 ], [ -41.381176578, -20.688161746 ] ] ] } },
{ "type": "Feature", "properties": { "CD_MUN": "3203320", "NM_MUN": "Marataízes", "SIGLA_UF": "ES", "AREA_KM2": 130.268 }, "geometry": { "type": "MultiPolygon", "coordinates": [ [ [ [ -40.885055602, -21.162654648 ], [ -40.883171171, -21.163036543 ], [ -40.883537405, -21.163870799 ], [ -40.885055602, -21.162654648 ] ] ], [ [ [ -40.800443252, -21.006083142 ], [ -40.801545307, -21.006753586 ], [ -40.800468994, -21.005803952 ], [ -40.800443252, -21.006083142 ] ] ], [ [ [ -40.787794328, -21.003427455 ], [ -40.787900428, -21.003092302 ], [ -40.787533262, -21.003031337 ], [ -40.787794328, -21.003427455 ] ] ], [ [ [ -40.785880811, -21.001145524 ], [ -40.785807489, -21.002497712 ], [ -40.78668795, -21.002191808 ], [ -40.785880811, -21.001145524 ] ] ], [ [ [ -40.809207, -20.995772571 ], [ -40.799400221, -21.003299721 ], [ -40.806557766, -21.007792817 ], [ -40.813490811, -21.035360241 ], [ -40.829797592, -21.047597131 ], [ -40.858423519, -21.127630171 ], [ -40.910419747, -21.168527742 ], [ -40.926077999, -21.190212527 ], [ -40.939691344, -21.18360605 ], [ -40.950539975, -21.137938634 ], [ -40.933249059, -21.082059052 ], [ -40.939849591, -21.05438004 ], [ -40.909669446, -21.042065236 ], [ -40.872838854, -21.058909807 ], [ -40.848549975, -21.046075701 ], [ -40.809207, -20.995772571 ] ] ] ] } },
{ "type": "Feature", "properties": { "CD_MUN": "3203346", "NM_MUN": "Marechal Floriano", "SIGLA_UF": "ES", "AREA_KM2": 285.495 }, "geometry": { "type": "Polygon", "coordinates": [ [ [ -40.760455057, -20.347897226 ], [ -40.732167063, -20.348401975 ], [ -40.739993862, -20.385651318 ], [ -40.721352872, -20.388411984 ], [ -40.712049362, -20.377212009 ], [ -40.692151177, -20.393106068 ], [ -40.665266189, -20.383922468 ], [ -40.646035091, -20.386605931 ], [ -40.647484886, -20.400923731 ], [ -40.621989702, -20.435610389 ], [ -40.632332014, -20.459079474 ], [ -40.626751564, -20.468678284 ], [ -40.65860403, -20.459829322 ], [ -40.660819293, -20.44916789 ], [ -40.675688363, -20.449267011 ], [ -40.688382418, -20.434427436 ], [ -40.702585311, -20.432079563 ], [ -40.714801074, -20.44164201 ], [ -40.71018772, -20.459421308 ], [ -40.73620601, -20.466559684 ], [ -40.760716085, -20.504519832 ], [ -40.763935209, -20.497892054 ], [ -40.778876661, -20.497739592 ], [ -40.784160906, -20.50890851 ], [ -40.815818323, -20.523135954 ], [ -40.822074888, -20.516970453 ], [ -40.80726473, -20.491881903 ], [ -40.812259247, -20.482839609 ], [ -40.854894867, -20.491898246 ], [ -40.864678398, -20.484795767 ], [ -40.8696103, -20.464936471 ], [ -40.904767866, -20.461826048 ], [ -40.912449599, -20.448676067 ], [ -40.901303621, -20.448926142 ], [ -40.899580222, -20.424016836 ], [ -40.888553226, -20.421552581 ], [ -40.892920651, -20.39715328 ], [ -40.86862829, -20.381662319 ], [ -40.855307261, -20.385489902 ], [ -40.834723185, -20.375340551 ], [ -40.820845383, -20.393128471 ], [ -40.789444376, -20.406200797 ], [ -40.778052595, -20.36541441 ], [ -40.760455057, -20.347897226 ] ] ] } },
{ "type": "Feature", "properties": { "CD_MUN": "3203403", "NM_MUN": "Mimoso do Sul", "SIGLA_UF": "ES", "AREA_KM2": 869.439 }, "geometry": { "type": "Polygon", "coordinates": [ [ [ -41.563115243, -20.89303066 ], [ -41.518917765, -20.884826281 ], [ -41.516266405, -20.897578195 ], [ -41.501828392, -20.908268233 ], [ -41.49872298, -20.89548747 ], [ -41.475619738, -20.883556459 ], [ -41.470668944, -20.897024155 ], [ -41.461360731, -20.900913691 ], [ -41.45650817, -20.892273154 ], [ -41.445255307, -20.906729048 ], [ -41.442023865, -20.924107829 ], [ -41.472334888, -20.99119136 ], [ -41.410539713, -21.008391265 ], [ -41.373944832, -21.010367938 ], [ -41.344805961, -20.989340386 ], [ -41.318850925, -21.005472731 ], [ -41.303799789, -20.997658628 ], [ -41.278801343, -21.001865712 ], [ -41.259376145, -21.025631389 ], [ -41.245752204, -21.024933521 ], [ -41.228304869, -21.00644225 ], [ -41.193762659, -21.058998299 ], [ -41.233854518, -21.076937051 ], [ -41.220425499, -21.094003078 ], [ -41.222961412, -21.112052684 ], [ -41.191004874, -21.174418226 ], [ -41.18769866, -21.219601048 ], [ -41.181616917, -21.230941361 ], [ -41.140970935, -21.226484815 ], [ -41.137773217, -21.235717687 ], [ -41.161758441, -21.246024884 ], [ -41.182956951, -21.23607059 ], [ -41.191012871, -21.248714247 ], [ -41.193118119, -21.241327625 ], [ -41.205408873, -21.244333384 ], [ -41.241782205, -21.220348159 ], [ -41.276715194, -21.240229285 ], [ -41.297297474, -21.235072726 ], [ -41.309916793, -21.219496325 ], [ -41.316938343, -21.222003152 ], [ -41.316183861, -21.213545652 ], [ -41.325785253, -21.218559307 ], [ -41.336834763, -21.20720557 ], [ -41.37235227, -21.203543461 ], [ -41.376648569, -21.195796263 ], [ -41.416477772, -21.200120462 ], [ -41.435248996, -21.2157019 ], [ -41.446170702, -21.215481408 ], [ -41.471690029, -21.202742608 ], [ -41.486524258, -21.179892879 ], [ -41.498260755, -21.185129162 ], [ -41.51155008, -21.175836265 ], [ -41.516738213, -21.18771721 ], [ -41.530436811, -21.180025291 ], [ -41.548697596, -21.183046687 ], [ -41.561063684, -21.162991411 ], [ -41.543321854, -21.147926053 ], [ -41.503268475, -21.146434566 ], [ -41.494021349, -21.123267157 ], [ -41.495172958, -21.108833701 ], [ -41.51307496, -21.10649541 ], [ -41.502886552, -21.072099909 ], [ -41.51565136, -21.064030619 ], [ -41.498655834, -20.989385885 ], [ -41.521127897, -20.982140195 ], [ -41.523243051, -20.962946593 ], [ -41.545306893, -20.967113401 ], [ -41.57248823, -20.958733423 ], [ -41.587322067, -20.935533989 ], [ -41.580738107, -20.912260475 ], [ -41.563115243, -20.89303066 ] ] ] } },
{ "type": "Feature", "properties": { "CD_MUN": "3203700", "NM_MUN": "Muniz Freire", "SIGLA_UF": "ES", "AREA_KM2": 678.804 }, "geometry": { "type": "Polygon", "coordinates": [ [ [ -41.376212691, -20.204666405 ], [ -41.343777337, -20.200565249 ], [ -41.347434526, -20.207358258 ], [ -41.338310073, -20.224838665 ], [ -41.35061567, -20.23432247 ], [ -41.34808991, -20.242808189 ], [ -41.323885845, -20.249551534 ], [ -41.310468959, -20.269379346 ], [ -41.319977352, -20.275539046 ], [ -41.317192353, -20.301087466 ], [ -41.350496165, -20.302082622 ], [ -41.361861444, -20.320975411 ], [ -41.345817433, -20.387583705 ], [ -41.336898615, -20.385568138 ], [ -41.319562024, -20.399224042 ], [ -41.319918485, -20.417875466 ], [ -41.310383062, -20.425326785 ], [ -41.318854483, -20.451669484 ], [ -41.317803076, -20.491334447 ], [ -41.327667844, -20.497546769 ], [ -41.319759959, -20.506750743 ], [ -41.32985873, -20.514494717 ], [ -41.377122651, -20.508253292 ], [ -41.378451731, -20.527924305 ], [ -41.370960791, -20.531754674 ], [ -41.387479845, -20.541457179 ], [ -41.385913814, -20.554424078 ], [ -41.405819863, -20.546981365 ], [ -41.414714954, -20.572905493 ], [ -41.439580588, -20.561267047 ], [ -41.451034937, -20.579606076 ], [ -41.470140878, -20.582514794 ], [ -41.478622348, -20.607468992 ], [ -41.487764534, -20.605960247 ], [ -41.500523065, -20.582291776 ], [ -41.497980761, -20.547672325 ], [ -41.520575339, -20.546716543 ], [ -41.533476116, -20.562567175 ], [ -41.565432228, -20.576046015 ], [ -41.576622482, -20.573317773 ], [ -41.598859363, -20.553478966 ], [ -41.604841019, -20.536017741 ], [ -41.596331059, -20.504038756 ], [ -41.574031942, -20.495380664 ], [ -41.584363797, -20.459427712 ], [ -41.571887503, -20.446349389 ], [ -41.578621509, -20.428494252 ], [ -41.52406557, -20.440184392 ], [ -41.476437863, -20.412890419 ], [ -41.466894532, -20.386518195 ], [ -41.470818755, -20.361449405 ], [ -41.461404725, -20.34965283 ], [ -41.468030555, -20.344369736 ], [ -41.46438462, -20.335059471 ], [ -41.475968927, -20.327708713 ], [ -41.443314605, -20.296789316 ], [ -41.439876664, -20.281550108 ], [ -41.449505568, -20.27544383 ], [ -41.422394642, -20.239213311 ], [ -41.410919371, -20.230342799 ], [ -41.398305559, -20.233791455 ], [ -41.396071934, -20.220936769 ], [ -41.38154539, -20.223535929 ], [ -41.37440915, -20.216406637 ], [ -41.376212691, -20.204666405 ] ] ] } },
{ "type": "Feature", "properties": { "CD_MUN": "3203809", "NM_MUN": "Muqui", "SIGLA_UF": "ES", "AREA_KM2": 327.268 }, "geometry": { "type": "Polygon", "coordinates": [ [ [ -41.286883293, -20.855478122 ], [ -41.247824883, -20.846018123 ], [ -41.234808404, -20.853225925 ], [ -41.264899855, -20.88361374 ], [ -41.257752696, -20.898116357 ], [ -41.286434067, -20.950425565 ], [ -41.275750834, -20.957844724 ], [ -41.244369985, -20.944958409 ], [ -41.22381094, -20.973431452 ], [ -41.221927926, -20.993340576 ], [ -41.245752204, -21.024933521 ], [ -41.260240328, -21.025558262 ], [ -41.278801343, -21.001865712 ], [ -41.303799789, -20.997658628 ], [ -41.318850925, -21.005472731 ], [ -41.344805961, -20.989340386 ], [ -41.373944832, -21.010367938 ], [ -41.410539713, -21.008391265 ], [ -41.472334888, -20.99119136 ], [ -41.442023865, -20.924107829 ], [ -41.444989804, -20.908387986 ], [ -41.429997322, -20.903131275 ], [ -41.414367662, -20.852736584 ], [ -41.371015608, -20.874930948 ], [ -41.339209433, -20.874070815 ], [ -41.339773855, -20.864239926 ], [ -41.320646459, -20.851990688 ], [ -41.300455876, -20.857778903 ], [ -41.293945616, -20.839736823 ], [ -41.286883293, -20.855478122 ] ] ] } },
{ "type": "Feature", "properties": { "CD_MUN": "3204203", "NM_MUN": "Piúma", "SIGLA_UF": "ES", "AREA_KM2": 74.046 }, "geometry": { "type": "MultiPolygon", "coordinates": [ [ [ [ -40.727730473, -20.854693506 ], [ -40.72725447, -20.855997502 ], [ -40.72889174, -20.856344349 ], [ -40.727730473, -20.854693506 ] ] ], [ [ [ -40.726974461, -20.84843139 ], [ -40.725556415, -20.850456324 ], [ -40.727682284, -20.85100386 ], [ -40.726974461, -20.84843139 ] ] ], [ [ [ -40.753811635, -20.786068727 ], [ -40.747697463, -20.799313979 ], [ -40.714696421, -20.817457049 ], [ -40.70149872, -20.835691087 ], [ -40.720212947, -20.846579561 ], [ -40.739539016, -20.845565924 ], [ -40.75888839, -20.865652498 ], [ -40.828043464, -20.890831245 ], [ -40.828044988, -20.855963678 ], [ -40.770786631, -20.787258963 ], [ -40.753811635, -20.786068727 ] ] ] ] } },
{ "type": "Feature", "properties": { "CD_MUN": "3204302", "NM_MUN": "Presidente Kennedy", "SIGLA_UF": "ES", "AREA_KM2": 594.897 }, "geometry": { "type": "Polygon", "coordinates": [ [ [ -41.020367151, -21.012633618 ], [ -41.039561178, -21.027108807 ], [ -41.036990525, -21.034227171 ], [ -41.01802404, -21.06233487 ], [ -40.960035093, -21.077380513 ], [ -40.945744521, -21.110698457 ], [ -40.947340975, -21.172080487 ], [ -40.926077999, -21.190212527 ], [ -40.959945179, -21.254152315 ], [ -40.957909104, -21.301781967 ], [ -40.980788893, -21.28908829 ], [ -40.979161119, -21.279976989 ], [ -40.984953455, -21.287481657 ], [ -40.995795225, -21.286189793 ], [ -41.004740411, -21.251099872 ], [ -41.024905224, -21.245802699 ], [ -41.041333595, -21.254947335 ], [ -41.059319262, -21.234646809 ], [ -41.092017537, -21.218194235 ], [ -41.120067229, -21.230229439 ], [ -41.182213996, -21.230668424 ], [ -41.192489879, -21.169987809 ], [ -41.222961412, -21.112052684 ], [ -41.220425499, -21.094003078 ], [ -41.233671744, -21.078439123 ], [ -41.214680813, -21.065220248 ], [ -41.194313853, -21.061332738 ], [ -41.185191982, -21.068961065 ], [ -41.160258837, -21.061264187 ], [ -41.150415624, -21.050599858 ], [ -41.152850431, -21.03819563 ], [ -41.131391268, -21.029631245 ], [ -41.124916055, -21.012813251 ], [ -41.098017323, -21.011169014 ], [ -41.07499066, -21.02110246 ], [ -41.017692685, -21.000288329 ], [ -41.020367151, -21.012633618 ] ] ] } },
{ "type": "Feature", "properties": { "CD_MUN": "3204401", "NM_MUN": "Rio Novo do Sul", "SIGLA_UF": "ES", "AREA_KM2": 204.464 }, "geometry": { "type": "Polygon", "coordinates": [ [ [ -40.9223896, -20.677548399 ], [ -40.909562032, -20.687010985 ], [ -40.932557816, -20.729436098 ], [ -40.920226873, -20.747790156 ], [ -40.93144065, -20.747215491 ], [ -40.947330343, -20.772083827 ], [ -40.88990708, -20.818371555 ], [ -40.866993822, -20.805998101 ], [ -40.856255406, -20.81453248 ], [ -40.828010816, -20.808505614 ], [ -40.828043464, -20.890831245 ], [ -40.926762071, -20.891175618 ], [ -40.979461922, -20.871302105 ], [ -40.986704393, -20.8615575 ], [ -40.991263001, -20.836389068 ], [ -40.977562916, -20.822871673 ], [ -40.995981668, -20.792270325 ], [ -40.994314236, -20.778833314 ], [ -40.965853172, -20.7477813 ], [ -40.956311871, -20.690657563 ], [ -40.950389559, -20.695744517 ], [ -40.9223896, -20.677548399 ] ] ] } },
{ "type": "Feature", "properties": { "CD_MUN": "3204807", "NM_MUN": "São José do Calçado", "SIGLA_UF": "ES", "AREA_KM2": 273.489 }, "geometry": { "type": "Polygon", "coordinates": [ [ [ -41.636959219, -20.844303125 ], [ -41.611155491, -20.888832094 ], [ -41.613295806, -20.900256146 ], [ -41.601517907, -20.900908159 ], [ -41.594821215, -20.891416782 ], [ -41.580578096, -20.906234055 ], [ -41.578307199, -20.920407649 ], [ -41.587322067, -20.935533989 ], [ -41.571450096, -20.956765154 ], [ -41.584556379, -20.970838178 ], [ -41.581554175, -20.989881685 ], [ -41.597209677, -21.020679351 ], [ -41.606384767, -21.018967525 ], [ -41.61808961, -21.033880665 ], [ -41.632859992, -21.074922258 ], [ -41.654158061, -21.085939722 ], [ -41.670075948, -21.075256913 ], [ -41.683975328, -21.090721371 ], [ -41.708569551, -21.0908525 ], [ -41.718967076, -21.106813628 ], [ -41.728753509, -21.107162713 ], [ -41.736279278, -21.101430211 ], [ -41.721830615, -21.068241282 ], [ -41.732940769, -21.063655989 ], [ -41.729035268, -21.049175128 ], [ -41.723772791, -21.05566818 ], [ -41.716712412, -21.050003682 ], [ -41.725031999, -21.031040857 ], [ -41.715368681, -21.022016477 ], [ -41.720698501, -20.999854634 ], [ -41.710014079, -20.991033664 ], [ -41.717405541, -20.95304488 ], [ -41.733772396, -20.943341627 ], [ -41.705503696, -20.921439703 ], [ -41.68720455, -20.929726659 ], [ -41.670685397, -20.889768351 ], [ -41.652089855, -20.891644566 ], [ -41.645654675, -20.853688385 ], [ -41.636959219, -20.844303125 ] ] ] } },
{ "type": "Feature", "properties": { "CD_MUN": "3205036", "NM_MUN": "Vargem Alta", "SIGLA_UF": "ES", "AREA_KM2": 417.76 }, "geometry": { "type": "Polygon", "coordinates": [ [ [ -40.992757208, -20.430125361 ], [ -40.987176853, -20.45974662 ], [ -40.977622069, -20.455969443 ], [ -40.968943028, -20.462569623 ], [ -40.968644929, -20.497284987 ], [ -40.959488139, -20.499247169 ], [ -40.966172602, -20.542477277 ], [ -40.955091777, -20.559375177 ], [ -40.967086852, -20.564519484 ], [ -40.968302465, -20.576272603 ], [ -40.956061854, -20.591814434 ], [ -40.962618485, -20.601669176 ], [ -40.943218779, -20.606572024 ], [ -40.936298698, -20.599596068 ], [ -40.909349492, -20.624164595 ], [ -40.915824157, -20.64394505 ], [ -40.934220357, -20.662792327 ], [ -40.932604229, -20.685018399 ], [ -40.959516802, -20.696658133 ], [ -40.963302692, -20.710396001 ], [ -40.956163965, -20.715337081 ], [ -40.969554286, -20.755414529 ], [ -40.994314236, -20.778833314 ], [ -40.995981668, -20.792270325 ], [ -40.977562916, -20.822871673 ], [ -40.991306491, -20.837137789 ], [ -40.979597762, -20.869386454 ], [ -41.006184936, -20.869374994 ], [ -41.031266334, -20.853476264 ], [ -41.015413553, -20.822887553 ], [ -41.023137569, -20.815954302 ], [ -41.017013011, -20.795220934 ], [ -41.029285446, -20.786954218 ], [ -41.046078536, -20.795547001 ], [ -41.032117155, -20.757167708 ], [ -41.04982109, -20.752773185 ], [ -41.069683756, -20.730378728 ], [ -41.062010439, -20.7151004 ], [ -41.07446827, -20.711139195 ], [ -41.09709379, -20.724569774 ], [ -41.10669799, -20.717781683 ], [ -41.101765237, -20.703949822 ], [ -41.086832956, -20.704131473 ], [ -41.084925592, -20.682822804 ], [ -41.054933081, -20.630733517 ], [ -41.076321264, -20.619891285 ], [ -41.065562354, -20.600414733 ], [ -41.080987562, -20.594522289 ], [ -41.077840898, -20.583759617 ], [ -41.06318035, -20.58133386 ], [ -41.052706908, -20.566067466 ], [ -41.038608781, -20.571279254 ], [ -41.017625155, -20.544679986 ], [ -41.018893426, -20.532928713 ], [ -41.045837213, -20.536153459 ], [ -41.056710947, -20.519169955 ], [ -41.048432126, -20.516365944 ], [ -41.044689568, -20.523554524 ], [ -41.038197074, -20.51487145 ], [ -41.025741921, -20.515929842 ], [ -41.028861801, -20.495518802 ], [ -41.040877053, -20.485789461 ], [ -41.018553838, -20.48349986 ], [ -41.005002913, -20.470482398 ], [ -41.010384959, -20.433755331 ], [ -41.001157865, -20.426093005 ], [ -40.992757208, -20.430125361 ] ] ] } },
{ "type": "Feature", "properties": { "CD_MUN": "3205069", "NM_MUN": "Venda Nova do Imigrante", "SIGLA_UF": "ES", "AREA_KM2": 185.909 }, "geometry": { "type": "Polygon", "coordinates": [ [ [ -41.152187306, -20.281900863 ], [ -41.104888196, -20.304221519 ], [ -41.10488937, -20.322497623 ], [ -41.092961532, -20.334556224 ], [ -41.099187654, -20.342725247 ], [ -41.087181674, -20.352956897 ], [ -41.092487985, -20.380300276 ], [ -41.07144799, -20.389882947 ], [ -41.074886281, -20.403740841 ], [ -41.0634892, -20.410586559 ], [ -41.066714255, -20.421927709 ], [ -41.053595041, -20.435827 ], [ -41.047218137, -20.460775049 ], [ -41.067836185, -20.460286209 ], [ -41.075686709, -20.445249911 ], [ -41.101318003, -20.433655159 ], [ -41.09757563, -20.409761833 ], [ -41.104846978, -20.402842538 ], [ -41.119559275, -20.425134065 ], [ -41.142476215, -20.43157061 ], [ -41.162468651, -20.423476972 ], [ -41.166391497, -20.445895763 ], [ -41.198412867, -20.441110534 ], [ -41.199206231, -20.417267844 ], [ -41.181342935, -20.40842297 ], [ -41.176631678, -20.396191969 ], [ -41.20177989, -20.383513003 ], [ -41.203173856, -20.365042398 ], [ -41.218561658, -20.356267134 ], [ -41.20976905, -20.336110476 ], [ -41.217156417, -20.327809949 ], [ -41.189694036, -20.307271155 ], [ -41.171821642, -20.30881845 ], [ -41.16236074, -20.287013921 ], [ -41.152187306, -20.281900863 ] ] ] } },
{ "type": "Feature", "properties": { "CD_MUN": "3205101", "NM_MUN": "Viana", "SIGLA_UF": "ES", "AREA_KM2": 312.279 }, "geometry": { "type": "Polygon", "coordinates": [ [ [ -40.574694, -20.279540061 ], [ -40.563215365, -20.304039391 ], [ -40.522050992, -20.290534881 ], [ -40.515475075, -20.346829444 ], [ -40.485977468, -20.346521761 ], [ -40.460865771, -20.332250936 ], [ -40.452587138, -20.339662599 ], [ -40.438375583, -20.332530855 ], [ -40.410319749, -20.349351513 ], [ -40.405554157, -20.379633091 ], [ -40.394057913, -20.39611524 ], [ -40.370311648, -20.399650415 ], [ -40.38955279, -20.408645964 ], [ -40.393939713, -20.422503156 ], [ -40.463453803, -20.432206356 ], [ -40.484154777, -20.505177106 ], [ -40.537627839, -20.47285276 ], [ -40.583218788, -20.476119725 ], [ -40.604360662, -20.487507349 ], [ -40.632438429, -20.462299256 ], [ -40.621948612, -20.435800482 ], [ -40.625238943, -20.423743901 ], [ -40.614766292, -20.413779176 ], [ -40.556341195, -20.409091205 ], [ -40.533811937, -20.390192395 ], [ -40.5444687, -20.384558054 ], [ -40.56130032, -20.388584247 ], [ -40.558358797, -20.37277984 ], [ -40.570544142, -20.377522623 ], [ -40.579575598, -20.362532088 ], [ -40.588703693, -20.3683301 ], [ -40.594595614, -20.362580986 ], [ -40.582195769, -20.343525645 ], [ -40.582380153, -20.292107571 ], [ -40.574694, -20.279540061 ] ] ] } },
{ "type": "Feature", "properties": { "CD_MUN": "3205200", "NM_MUN": "Vila Velha", "SIGLA_UF": "ES", "AREA_KM2": 210.225 }, "geometry": { "type": "MultiPolygon", "coordinates": [ [ [ [ -40.358637426, -20.524375068 ], [ -40.357306682, -20.5254866 ], [ -40.35906902, -20.524880311 ], [ -40.358637426, -20.524375068 ] ] ], [ [ [ -40.311930055, -20.420849934 ], [ -40.31028827, -20.421027644 ], [ -40.312137278, -20.42169873 ], [ -40.311930055, -20.420849934 ] ] ], [ [ [ -40.300166699, -20.382227931 ], [ -40.300675954, -20.382247415 ], [ -40.300218664, -20.382013601 ], [ -40.300166699, -20.382227931 ] ] ], [ [ [ -40.297493314, -20.380672881 ], [ -40.294562987, -20.38130157 ], [ -40.297726015, -20.382021405 ], [ -40.297493314, -20.380672881 ] ] ], [ [ [ -40.286315818, -20.371499165 ], [ -40.286470567, -20.371755221 ], [ -40.28651611, -20.371507716 ], [ -40.286315818, -20.371499165 ] ] ], [ [ [ -40.27942852, -20.364226025 ], [ -40.279601392, -20.364847357 ], [ -40.279944048, -20.364733181 ], [ -40.27942852, -20.364226025 ] ] ], [ [ [ -40.277884939, -20.364218836 ], [ -40.27903651, -20.364753491 ], [ -40.278604678, -20.363841631 ], [ -40.277884939, -20.364218836 ] ] ], [ [ [ -40.276841213, -20.364124412 ], [ -40.277498026, -20.363867945 ], [ -40.276107921, -20.36343675 ], [ -40.276841213, -20.364124412 ] ] ], [ [ [ -40.280344919, -20.362469467 ], [ -40.279053586, -20.36336018 ], [ -40.281159912, -20.363392468 ], [ -40.280344919, -20.362469467 ] ] ], [ [ [ -40.277202438, -20.362214231 ], [ -40.276271998, -20.362347514 ], [ -40.277049134, -20.362604171 ], [ -40.277202438, -20.362214231 ] ] ], [ [ [ -40.281403867, -20.360866935 ], [ -40.280608704, -20.361317261 ], [ -40.28154459, -20.361410445 ], [ -40.281403867, -20.360866935 ] ] ], [ [ [ -40.279788618, -20.360400696 ], [ -40.279490301, -20.361076592 ], [ -40.279780263, -20.361061011 ], [ -40.279788618, -20.360400696 ] ] ], [ [ [ -40.280482578, -20.354174272 ], [ -40.28135926, -20.355164871 ], [ -40.281335385, -20.354277548 ], [ -40.280482578, -20.354174272 ] ] ], [ [ [ -40.275689403, -20.353320819 ], [ -40.274862879, -20.353373237 ], [ -40.274988869, -20.353911755 ], [ -40.275689403, -20.353320819 ] ] ], [ [ [ -40.252509512, -20.352767114 ], [ -40.253051247, -20.353317157 ], [ -40.253041273, -20.352585831 ], [ -40.252509512, -20.352767114 ] ] ], [ [ [ -40.249532297, -20.35208722 ], [ -40.249986096, -20.352407759 ], [ -40.249724273, -20.35186231 ], [ -40.249532297, -20.35208722 ] ] ], [ [ [ -40.250314086, -20.351584934 ], [ -40.250848086, -20.352190728 ], [ -40.250856089, -20.350910607 ], [ -40.250314086, -20.351584934 ] ] ], [ [ [ -40.275689906, -20.350558162 ], [ -40.276040028, -20.351136113 ], [ -40.276446327, -20.350807815 ], [ -40.275689906, -20.350558162 ] ] ], [ [ [ -40.272054761, -20.335621906 ], [ -40.272222745, -20.336190553 ], [ -40.27231924, -20.335443499 ], [ -40.272054761, -20.335621906 ] ] ], [ [ [ -40.270680127, -20.335433283 ], [ -40.271538922, -20.33576831 ], [ -40.271588695, -20.334341017 ], [ -40.270680127, -20.335433283 ] ] ], [ [ [ -40.275042216, -20.333524128 ], [ -40.27515356, -20.333723832 ], [ -40.275190329, -20.3334024 ], [ -40.275042216, -20.333524128 ] ] ], [ [ [ -40.271323098, -20.332200206 ], [ -40.270123077, -20.333530092 ], [ -40.270641704, -20.333716572 ], [ -40.271323098, -20.332200206 ] ] ], [ [ [ -40.268205956, -20.331236949 ], [ -40.268570588, -20.332178364 ], [ -40.268694682, -20.331308829 ], [ -40.268205956, -20.331236949 ] ] ], [ [ [ -40.265600094, -20.323885397 ], [ -40.266098235, -20.323695897 ], [ -40.265908269, -20.323529151 ], [ -40.265600094, -20.323885397 ] ] ], [ [ [ -40.269239218, -20.320712888 ], [ -40.26819197, -20.320673874 ], [ -40.268345703, -20.32168538 ], [ -40.269239218, -20.320712888 ] ] ], [ [ [ -40.274121486, -20.320225949 ], [ -40.268077588, -20.329311637 ], [ -40.280383169, -20.335964935 ], [ -40.28325846, -20.353143527 ], [ -40.313638425, -20.391134142 ], [ -40.318577904, -20.426839452 ], [ -40.346560031, -20.476280205 ], [ -40.359087032, -20.519689162 ], [ -40.377151752, -20.535496814 ], [ -40.379942739, -20.518106607 ], [ -40.484154777, -20.505177106 ], [ -40.463453803, -20.432206356 ], [ -40.393939713, -20.422503156 ], [ -40.38955279, -20.408645964 ], [ -40.36534249, -20.39567549 ], [ -40.354541179, -20.326908896 ], [ -40.322578387, -20.32224959 ], [ -40.30990325, -20.330159553 ], [ -40.274121486, -20.320225949 ] ] ], [ [ [ -40.271583451, -20.31999829 ], [ -40.270271444, -20.322277734 ], [ -40.272511117, -20.320585563 ], [ -40.271583451, -20.31999829 ] ] ] ] } },
{ "type": "Feature", "properties": { "CD_MUN": "3300100", "NM_MUN": "Angra dos Reis", "SIGLA_UF": "RJ", "AREA_KM2": 813.42 }, "geometry": { "type": "MultiPolygon", "coordinates": [ [ [ [ -44.155100654, -23.215732786 ], [ -44.148766962, -23.223110311 ], [ -44.162312128, -23.226393565 ], [ -44.155100654, -23.215732786 ] ] ], [ [ [ -44.359278748, -23.212603396 ], [ -44.357620869, -23.214346837 ], [ -44.360858548, -23.214540636 ], [ -44.359278748, -23.212603396 ] ] ], [ [ [ -44.182039086, -23.18317576 ], [ -44.183855076, -23.183979552 ], [ -44.183988535, -23.183626869 ], [ -44.182039086, -23.18317576 ] ] ], [ [ [ -44.17973179, -23.18398929 ], [ -44.181066353, -23.183414102 ], [ -44.179126448, -23.183185488 ], [ -44.17973179, -23.18398929 ] ] ], [ [ [ -44.094145756, -23.174970441 ], [ -44.094441431, -23.175107495 ], [ -44.094321112, -23.174827318 ], [ -44.094145756, -23.174970441 ] ] ], [ [ [ -44.091383884, -23.172834272 ], [ -44.091678235, -23.174275628 ], [ -44.092926361, -23.173491248 ], [ -44.091383884, -23.172834272 ] ] ], [ [ [ -44.120488534, -23.147853065 ], [ -44.121109325, -23.147616754 ], [ -44.120610091, -23.147386452 ], [ -44.120488534, -23.147853065 ] ] ], [ [ [ -44.108438156, -23.143010154 ], [ -44.108144915, -23.143726049 ], [ -44.108654732, -23.143416796 ], [ -44.108438156, -23.143010154 ] ] ], [ [ [ -44.102990577, -23.13830711 ], [ -44.103218516, -23.138594459 ], [ -44.10346986, -23.138531793 ], [ -44.102990577, -23.13830711 ] ] ], [ [ [ -44.167506445, -23.137450622 ], [ -44.167439362, -23.137842731 ], [ -44.167752711, -23.137708221 ], [ -44.167506445, -23.137450622 ] ] ], [ [ [ -44.104034326, -23.137167371 ], [ -44.10900304, -23.142491097 ], [ -44.110076663, -23.14242951 ], [ -44.109164495, -23.138693468 ], [ -44.104034326, -23.137167371 ] ] ], [ [ [ -44.167381192, -23.136218837 ], [ -44.166021935, -23.136143985 ], [ -44.16676077, -23.136867773 ], [ -44.167381192, -23.136218837 ] ] ], [ [ [ -44.150830401, -23.125624053 ], [ -44.149821495, -23.125915432 ], [ -44.151311119, -23.126293029 ], [ -44.150830401, -23.125624053 ] ] ], [ [ [ -44.140143275, -23.119519549 ], [ -44.140872055, -23.119676129 ], [ -44.140173226, -23.119147116 ], [ -44.140143275, -23.119519549 ] ] ], [ [ [ -44.165644135, -23.115122621 ], [ -44.165671059, -23.114410307 ], [ -44.164565805, -23.114449251 ], [ -44.165644135, -23.115122621 ] ] ], [ [ [ -44.141421329, -23.107198089 ], [ -44.14161134, -23.107238644 ], [ -44.141392186, -23.107124095 ], [ -44.141421329, -23.107198089 ] ] ], [ [ [ -44.13950767, -23.105999128 ], [ -44.140442348, -23.106759953 ], [ -44.141041946, -23.106632876 ], [ -44.13950767, -23.105999128 ] ] ], [ [ [ -44.399120326, -23.098611862 ], [ -44.398518681, -23.09922669 ], [ -44.399980831, -23.099801686 ], [ -44.399120326, -23.098611862 ] ] ], [ [ [ -44.119392136, -23.098500325 ], [ -44.119405126, -23.099367067 ], [ -44.12113799, -23.100577399 ], [ -44.119392136, -23.098500325 ] ] ], [ [ [ -44.309051507, -23.091139904 ], [ -44.310130422, -23.091220575 ], [ -44.309466117, -23.090482814 ], [ -44.309051507, -23.091139904 ] ] ], [ [ [ -44.215054119, -23.085858803 ], [ -44.215772638, -23.086205629 ], [ -44.215731904, -23.085764787 ], [ -44.215054119, -23.085858803 ] ] ], [ [ [ -44.240373517, -23.085425822 ], [ -44.240018456, -23.086577945 ], [ -44.24136159, -23.086775673 ], [ -44.240373517, -23.085425822 ] ] ], [ [ [ -44.24020387, -23.085078474 ], [ -44.240447038, -23.085184538 ], [ -44.240503932, -23.085148099 ], [ -44.24020387, -23.085078474 ] ] ], [ [ [ -44.310257841, -23.085536674 ], [ -44.312907557, -23.085682768 ], [ -44.31014217, -23.085172014 ], [ -44.310257841, -23.085536674 ] ] ], [ [ [ -44.240620064, -23.083648663 ], [ -44.240936394, -23.083849484 ], [ -44.241066893, -23.083829133 ], [ -44.240620064, -23.083648663 ] ] ], [ [ [ -44.244098948, -23.084275366 ], [ -44.241182121, -23.083652363 ], [ -44.241099622, -23.083819107 ], [ -44.240720387, -23.084129721 ], [ -44.240695584, -23.084273741 ], [ -44.239805482, -23.08440214 ], [ -44.244098948, -23.084275366 ] ] ], [ [ [ -44.329274397, -23.083239456 ], [ -44.331402729, -23.087106633 ], [ -44.332536226, -23.084914882 ], [ -44.329274397, -23.083239456 ] ] ], [ [ [ -44.228583244, -23.083360576 ], [ -44.230222462, -23.08349077 ], [ -44.228246363, -23.082851956 ], [ -44.228583244, -23.083360576 ] ] ], [ [ [ -44.241122444, -23.07735822 ], [ -44.240381391, -23.078046041 ], [ -44.241300047, -23.07761723 ], [ -44.241122444, -23.07735822 ] ] ], [ [ [ -44.227155335, -23.077646217 ], [ -44.227755229, -23.077095023 ], [ -44.227025875, -23.077407638 ], [ -44.227155335, -23.077646217 ] ] ], [ [ [ -44.231468029, -23.075328392 ], [ -44.233560077, -23.090599575 ], [ -44.216306765, -23.08980217 ], [ -44.210774596, -23.098835655 ], [ -44.189937134, -23.102716787 ], [ -44.199503483, -23.108892125 ], [ -44.212347514, -23.103512273 ], [ -44.217744645, -23.109233342 ], [ -44.206284281, -23.108092494 ], [ -44.19730398, -23.121724671 ], [ -44.170402732, -23.11793138 ], [ -44.172620154, -23.128672327 ], [ -44.170129441, -23.137243527 ], [ -44.164427095, -23.141905819 ], [ -44.148042626, -23.124913386 ], [ -44.126659845, -23.119560286 ], [ -44.124255819, -23.124901712 ], [ -44.140471156, -23.138930459 ], [ -44.132744225, -23.145388968 ], [ -44.140722221, -23.157341481 ], [ -44.114149776, -23.148216819 ], [ -44.117027465, -23.154641586 ], [ -44.107480621, -23.164906362 ], [ -44.091039997, -23.166090738 ], [ -44.094502929, -23.174753449 ], [ -44.131781867, -23.187501258 ], [ -44.125578824, -23.173307374 ], [ -44.146340412, -23.168199021 ], [ -44.170865345, -23.184768833 ], [ -44.184816273, -23.179841853 ], [ -44.18998632, -23.18885747 ], [ -44.181782224, -23.194093227 ], [ -44.196387869, -23.203734157 ], [ -44.207037297, -23.192479761 ], [ -44.253197537, -23.205510681 ], [ -44.253479707, -23.189281395 ], [ -44.270940618, -23.197162935 ], [ -44.27004922, -23.180770177 ], [ -44.298961965, -23.177327216 ], [ -44.316051791, -23.18397183 ], [ -44.333393873, -23.223617009 ], [ -44.348321884, -23.226957058 ], [ -44.339801485, -23.21918031 ], [ -44.351181066, -23.216898491 ], [ -44.340614342, -23.182469722 ], [ -44.357546992, -23.191600592 ], [ -44.362011842, -23.178847753 ], [ -44.374288877, -23.182379972 ], [ -44.376945347, -23.171485514 ], [ -44.339966731, -23.153468704 ], [ -44.325393396, -23.154351727 ], [ -44.320072519, -23.143676552 ], [ -44.327667988, -23.137980249 ], [ -44.311031, -23.137608029 ], [ -44.311345386, -23.127675136 ], [ -44.295199838, -23.113980943 ], [ -44.297282607, -23.131392019 ], [ -44.282942307, -23.136619126 ], [ -44.275481831, -23.117190602 ], [ -44.249907109, -23.109995037 ], [ -44.248532471, -23.10227041 ], [ -44.259235858, -23.09870187 ], [ -44.237744872, -23.092785817 ], [ -44.23506366, -23.082818802 ], [ -44.240777865, -23.081011576 ], [ -44.231468029, -23.075328392 ] ] ], [ [ [ -44.251316358, -23.069742013 ], [ -44.252529512, -23.071882939 ], [ -44.25531096, -23.070784067 ], [ -44.251316358, -23.069742013 ] ] ], [ [ [ -44.395449352, -23.068761026 ], [ -44.393294522, -23.07178321 ], [ -44.396063239, -23.071706853 ], [ -44.395449352, -23.068761026 ] ] ], [ [ [ -44.315315116, -23.064465675 ], [ -44.316452297, -23.064642784 ], [ -44.315800412, -23.063813442 ], [ -44.315315116, -23.064465675 ] ] ], [ [ [ -44.410408177, -23.061694611 ], [ -44.410174139, -23.063686956 ], [ -44.411914628, -23.063906187 ], [ -44.410408177, -23.061694611 ] ] ], [ [ [ -44.338318343, -23.06157293 ], [ -44.33875458, -23.061482393 ], [ -44.338338334, -23.061355876 ], [ -44.338318343, -23.06157293 ] ] ], [ [ [ -44.406662116, -23.059890172 ], [ -44.407639054, -23.060071202 ], [ -44.406752398, -23.059702309 ], [ -44.406662116, -23.059890172 ] ] ], [ [ [ -44.406251381, -23.059518317 ], [ -44.405715918, -23.059060697 ], [ -44.405996563, -23.059684766 ], [ -44.406251381, -23.059518317 ] ] ], [ [ [ -44.376248894, -23.058143932 ], [ -44.376717925, -23.058406766 ], [ -44.376563196, -23.057840208 ], [ -44.376248894, -23.058143932 ] ] ], [ [ [ -44.31395723, -23.057319059 ], [ -44.309970427, -23.060878633 ], [ -44.319225847, -23.061737404 ], [ -44.31395723, -23.057319059 ] ] ], [ [ [ -44.41472396, -23.056892243 ], [ -44.418416081, -23.06101998 ], [ -44.419954713, -23.059099095 ], [ -44.41472396, -23.056892243 ] ] ], [ [ [ -44.37707176, -23.057060464 ], [ -44.3776577, -23.057056328 ], [ -44.377132747, -23.056883861 ], [ -44.37707176, -23.057060464 ] ] ], [ [ [ -44.377043678, -23.055814926 ], [ -44.376449178, -23.056211173 ], [ -44.377139558, -23.05639852 ], [ -44.377043678, -23.055814926 ] ] ], [ [ [ -44.41207537, -23.055733555 ], [ -44.412678368, -23.055779325 ], [ -44.412232712, -23.055558233 ], [ -44.41207537, -23.055733555 ] ] ], [ [ [ -44.329310657, -23.055163099 ], [ -44.330171002, -23.056324996 ], [ -44.330586499, -23.055428445 ], [ -44.329310657, -23.055163099 ] ] ], [ [ [ -44.328075093, -23.05498315 ], [ -44.32911355, -23.055431219 ], [ -44.328217849, -23.054740111 ], [ -44.328075093, -23.05498315 ] ] ], [ [ [ -44.332467774, -23.055060081 ], [ -44.333577126, -23.055330978 ], [ -44.332584082, -23.054753169 ], [ -44.332467774, -23.055060081 ] ] ], [ [ [ -44.404455661, -23.055098649 ], [ -44.4013978, -23.057221869 ], [ -44.403870567, -23.058200049 ], [ -44.404455661, -23.055098649 ] ] ], [ [ [ -44.269082154, -23.053757726 ], [ -44.268271134, -23.054426973 ], [ -44.26907492, -23.05457388 ], [ -44.269082154, -23.053757726 ] ] ], [ [ [ -44.420733865, -23.053178591 ], [ -44.421230586, -23.053750029 ], [ -44.421273641, -23.053700426 ], [ -44.420733865, -23.053178591 ] ] ], [ [ [ -44.312687135, -23.053094074 ], [ -44.316665151, -23.055967537 ], [ -44.317912801, -23.054016704 ], [ -44.312687135, -23.053094074 ] ] ], [ [ [ -44.334614485, -23.054006849 ], [ -44.332258142, -23.053750058 ], [ -44.334057007, -23.054750364 ], [ -44.334614485, -23.054006849 ] ] ], [ [ [ -44.30857687, -23.050364448 ], [ -44.308974789, -23.050999888 ], [ -44.309023265, -23.050444089 ], [ -44.30857687, -23.050364448 ] ] ], [ [ [ -44.399292629, -23.046332011 ], [ -44.399773687, -23.046458602 ], [ -44.399426659, -23.046068966 ], [ -44.399292629, -23.046332011 ] ] ], [ [ [ -44.399441553, -23.04528302 ], [ -44.399666727, -23.045626541 ], [ -44.399698161, -23.045353926 ], [ -44.399441553, -23.04528302 ] ] ], [ [ [ -44.49261554, -23.043594143 ], [ -44.492518525, -23.04419843 ], [ -44.493347781, -23.044343737 ], [ -44.49261554, -23.043594143 ] ] ], [ [ [ -44.481932686, -23.040422246 ], [ -44.491490526, -23.052389518 ], [ -44.50315059, -23.055035719 ], [ -44.501892351, -23.048323945 ], [ -44.481932686, -23.040422246 ] ] ], [ [ [ -44.395123541, -23.042709076 ], [ -44.391301774, -23.039704397 ], [ -44.391124853, -23.041341514 ], [ -44.395123541, -23.042709076 ] ] ], [ [ [ -44.298332262, -23.038555915 ], [ -44.298527637, -23.038895638 ], [ -44.298665241, -23.038349477 ], [ -44.298332262, -23.038555915 ] ] ], [ [ [ -44.298336523, -23.037737239 ], [ -44.298598735, -23.037825371 ], [ -44.298536331, -23.037622353 ], [ -44.298336523, -23.037737239 ] ] ], [ [ [ -44.343192253, -23.038103293 ], [ -44.341504849, -23.039430798 ], [ -44.34317822, -23.039609093 ], [ -44.343192253, -23.038103293 ] ] ], [ [ [ -44.397817634, -23.03706351 ], [ -44.397853446, -23.037281265 ], [ -44.397935447, -23.037262989 ], [ -44.397817634, -23.03706351 ] ] ], [ [ [ -44.519364361, -23.036271323 ], [ -44.515452034, -23.03606368 ], [ -44.520689691, -23.038517718 ], [ -44.519364361, -23.036271323 ] ] ], [ [ [ -44.400421111, -23.036918776 ], [ -44.398169885, -23.034870904 ], [ -44.397027806, -23.035164194 ], [ -44.400421111, -23.036918776 ] ] ], [ [ [ -44.280376649, -23.034217904 ], [ -44.27911225, -23.035546991 ], [ -44.28000056, -23.035939385 ], [ -44.280376649, -23.034217904 ] ] ], [ [ [ -44.383593106, -23.033955771 ], [ -44.38386742, -23.034055891 ], [ -44.383818433, -23.033817359 ], [ -44.383593106, -23.033955771 ] ] ], [ [ [ -44.412173244, -23.033371228 ], [ -44.412015155, -23.035302985 ], [ -44.413179418, -23.034314633 ], [ -44.412173244, -23.033371228 ] ] ], [ [ [ -44.284059658, -23.03325494 ], [ -44.283792132, -23.034331694 ], [ -44.284449522, -23.033919726 ], [ -44.284059658, -23.03325494 ] ] ], [ [ [ -44.377615302, -23.031537263 ], [ -44.346687714, -23.039382891 ], [ -44.351380791, -23.059454688 ], [ -44.343756786, -23.063687185 ], [ -44.345684711, -23.068795201 ], [ -44.351294511, -23.063707201 ], [ -44.362492096, -23.071649253 ], [ -44.353722139, -23.063378503 ], [ -44.361936652, -23.046342824 ], [ -44.391906518, -23.044744355 ], [ -44.377615302, -23.031537263 ] ] ], [ [ [ -44.296270536, -23.032005995 ], [ -44.297026169, -23.032150693 ], [ -44.296151014, -23.030918089 ], [ -44.296270536, -23.032005995 ] ] ], [ [ [ -44.480882652, -23.031052496 ], [ -44.481914516, -23.030212033 ], [ -44.48027126, -23.030035412 ], [ -44.480882652, -23.031052496 ] ] ], [ [ [ -44.326606916, -23.029183883 ], [ -44.327179678, -23.029427408 ], [ -44.326585109, -23.028566233 ], [ -44.326606916, -23.029183883 ] ] ], [ [ [ -44.446402617, -23.028597971 ], [ -44.447772777, -23.034328162 ], [ -44.450062865, -23.034170259 ], [ -44.446402617, -23.028597971 ] ] ], [ [ [ -44.280701808, -23.02675422 ], [ -44.281040012, -23.027091424 ], [ -44.280838135, -23.026691902 ], [ -44.280701808, -23.02675422 ] ] ], [ [ [ -44.285600713, -23.026116456 ], [ -44.285213879, -23.026403174 ], [ -44.285627079, -23.02622231 ], [ -44.285600713, -23.026116456 ] ] ], [ [ [ -44.287615043, -23.025772959 ], [ -44.286562071, -23.027682194 ], [ -44.288165971, -23.027009154 ], [ -44.287615043, -23.025772959 ] ] ], [ [ [ -44.402899666, -23.026575787 ], [ -44.401038602, -23.031823358 ], [ -44.405187453, -23.032641742 ], [ -44.402899666, -23.026575787 ] ] ], [ [ [ -44.332730157, -23.025525244 ], [ -44.331381933, -23.028250308 ], [ -44.333881474, -23.026539583 ], [ -44.332730157, -23.025525244 ] ] ], [ [ [ -44.279059698, -23.026434153 ], [ -44.279905367, -23.026794366 ], [ -44.278235413, -23.025315021 ], [ -44.279059698, -23.026434153 ] ] ], [ [ [ -44.436902448, -23.025203567 ], [ -44.435484978, -23.025916872 ], [ -44.436866778, -23.026180893 ], [ -44.436902448, -23.025203567 ] ] ], [ [ [ -44.309157886, -23.025505261 ], [ -44.310112215, -23.027262166 ], [ -44.310430619, -23.024690921 ], [ -44.309157886, -23.025505261 ] ] ], [ [ [ -44.28515965, -23.024693155 ], [ -44.283936552, -23.025726059 ], [ -44.284718195, -23.026390408 ], [ -44.28515965, -23.024693155 ] ] ], [ [ [ -44.268893936, -23.024319921 ], [ -44.269504322, -23.024846931 ], [ -44.26900848, -23.024158399 ], [ -44.268893936, -23.024319921 ] ] ], [ [ [ -44.331417541, -23.023456074 ], [ -44.331864525, -23.0231654 ], [ -44.331244331, -23.02307909 ], [ -44.331417541, -23.023456074 ] ] ], [ [ [ -44.318567524, -23.018898789 ], [ -44.31985226, -23.019173236 ], [ -44.318716432, -23.018444045 ], [ -44.318567524, -23.018898789 ] ] ], [ [ [ -44.277201921, -23.017497436 ], [ -44.276231711, -23.017845459 ], [ -44.276266041, -23.018067101 ], [ -44.277201921, -23.017497436 ] ] ], [ [ [ -44.32077736, -23.016816389 ], [ -44.321434693, -23.017387385 ], [ -44.320880756, -23.016564873 ], [ -44.32077736, -23.016816389 ] ] ], [ [ [ -44.425658782, -23.01486486 ], [ -44.426470477, -23.01481795 ], [ -44.426293727, -23.014606152 ], [ -44.425658782, -23.01486486 ] ] ], [ [ [ -44.363286823, -23.013886226 ], [ -44.363426044, -23.014215501 ], [ -44.363413073, -23.013874271 ], [ -44.363286823, -23.013886226 ] ] ], [ [ [ -44.268836718, -23.013915488 ], [ -44.267807278, -23.014596007 ], [ -44.269211679, -23.014626056 ], [ -44.268836718, -23.013915488 ] ] ], [ [ [ -44.368837299, -23.012077989 ], [ -44.369694632, -23.012039538 ], [ -44.368738725, -23.011805333 ], [ -44.368837299, -23.012077989 ] ] ], [ [ [ -44.36974428, -23.010402265 ], [ -44.369987452, -23.010355788 ], [ -44.369588969, -23.010277369 ], [ -44.36974428, -23.010402265 ] ] ], [ [ [ -44.363150734, -23.009993557 ], [ -44.363794753, -23.009684868 ], [ -44.363082577, -23.009803552 ], [ -44.363150734, -23.009993557 ] ] ], [ [ [ -44.302427414, -23.008558661 ], [ -44.302063134, -23.010190072 ], [ -44.302513427, -23.010278306 ], [ -44.302427414, -23.008558661 ] ] ], [ [ [ -44.30834942, -23.008847678 ], [ -44.309193519, -23.008247491 ], [ -44.307448069, -23.007744226 ], [ -44.30834942, -23.008847678 ] ] ], [ [ [ -44.384172975, -23.006675175 ], [ -44.382762056, -23.006691577 ], [ -44.382628205, -23.006877932 ], [ -44.383168562, -23.007403942 ], [ -44.384172975, -23.006675175 ] ] ], [ [ [ -44.422134222, -23.003631578 ], [ -44.422773337, -23.003291702 ], [ -44.42263039, -23.003118106 ], [ -44.422134222, -23.003631578 ] ] ], [ [ [ -44.423300578, -23.002126469 ], [ -44.423714485, -23.002307057 ], [ -44.42336973, -23.002014601 ], [ -44.423300578, -23.002126469 ] ] ], [ [ [ -44.432187324, -23.001852448 ], [ -44.430877633, -23.003289927 ], [ -44.432154268, -23.003785263 ], [ -44.432187324, -23.001852448 ] ] ], [ [ [ -44.365742384, -22.999661103 ], [ -44.366289689, -22.99991231 ], [ -44.365790779, -22.999408679 ], [ -44.365742384, -22.999661103 ] ] ], [ [ [ -44.422821404, -22.994649956 ], [ -44.421981344, -22.995277562 ], [ -44.423078796, -22.995352969 ], [ -44.422821404, -22.994649956 ] ] ], [ [ [ -44.399837217, -22.993638408 ], [ -44.400320832, -22.993891815 ], [ -44.400421501, -22.993516452 ], [ -44.399837217, -22.993638408 ] ] ], [ [ [ -44.352205467, -22.992746874 ], [ -44.352911801, -22.993549953 ], [ -44.353063678, -22.99320729 ], [ -44.352205467, -22.992746874 ] ] ], [ [ [ -44.408603968, -22.992362513 ], [ -44.406929045, -22.996899547 ], [ -44.410451884, -22.994290971 ], [ -44.408603968, -22.992362513 ] ] ], [ [ [ -44.345116698, -22.990308699 ], [ -44.345908107, -22.991053078 ], [ -44.346014094, -22.991026333 ], [ -44.345116698, -22.990308699 ] ] ], [ [ [ -44.404376973, -22.991448594 ], [ -44.400486432, -22.990404791 ], [ -44.401039571, -22.992794519 ], [ -44.404376973, -22.991448594 ] ] ], [ [ [ -44.416731257, -22.987918635 ], [ -44.408938087, -22.989753231 ], [ -44.411290811, -22.99329654 ], [ -44.416731257, -22.987918635 ] ] ], [ [ [ -44.342050761, -22.985527353 ], [ -44.341091175, -22.986633506 ], [ -44.342029891, -22.986659301 ], [ -44.342050761, -22.985527353 ] ] ], [ [ [ -44.361122257, -22.98504785 ], [ -44.361458285, -22.987034024 ], [ -44.363145064, -22.987427169 ], [ -44.361122257, -22.98504785 ] ] ], [ [ [ -44.413858123, -22.983606211 ], [ -44.411224455, -22.984349918 ], [ -44.414080285, -22.984105699 ], [ -44.413858123, -22.983606211 ] ] ], [ [ [ -44.335480177, -22.981321227 ], [ -44.3353065, -22.98209404 ], [ -44.335924018, -22.981858643 ], [ -44.335480177, -22.981321227 ] ] ], [ [ [ -44.350184957, -22.980868189 ], [ -44.356182301, -22.987077989 ], [ -44.35750361, -22.987059809 ], [ -44.350184957, -22.980868189 ] ] ], [ [ [ -44.329361334, -22.979127127 ], [ -44.330695481, -22.979589315 ], [ -44.329250256, -22.978263559 ], [ -44.329361334, -22.979127127 ] ] ], [ [ [ -44.408170171, -22.978096018 ], [ -44.407307983, -22.978053293 ], [ -44.408107611, -22.978468424 ], [ -44.408170171, -22.978096018 ] ] ], [ [ [ -44.406676438, -22.979535815 ], [ -44.39520753, -22.979450102 ], [ -44.405248242, -22.985027225 ], [ -44.406676438, -22.979535815 ] ] ], [ [ [ -44.339189419, -22.977751415 ], [ -44.341942696, -22.977662056 ], [ -44.340323256, -22.975491721 ], [ -44.339189419, -22.977751415 ] ] ], [ [ [ -44.345249608, -22.976537583 ], [ -44.347981341, -22.976839547 ], [ -44.344988032, -22.975255372 ], [ -44.345249608, -22.976537583 ] ] ], [ [ [ -44.39140542, -22.974644879 ], [ -44.391566181, -22.974796683 ], [ -44.391636256, -22.97467524 ], [ -44.39140542, -22.974644879 ] ] ], [ [ [ -44.374808915, -22.974101888 ], [ -44.37587731, -22.975735138 ], [ -44.376812538, -22.975964293 ], [ -44.374808915, -22.974101888 ] ] ], [ [ [ -44.430804092, -22.973999615 ], [ -44.431698958, -22.975400633 ], [ -44.43265407, -22.974246313 ], [ -44.430804092, -22.973999615 ] ] ], [ [ [ -44.328893443, -22.972143651 ], [ -44.328023062, -22.972619895 ], [ -44.329108097, -22.972427084 ], [ -44.328893443, -22.972143651 ] ] ], [ [ [ -44.38727372, -22.971934792 ], [ -44.39048756, -22.973368251 ], [ -44.390981158, -22.972519543 ], [ -44.38727372, -22.971934792 ] ] ], [ [ [ -44.316041187, -22.968929349 ], [ -44.314909711, -22.969324333 ], [ -44.316376918, -22.969545874 ], [ -44.316041187, -22.968929349 ] ] ], [ [ [ -44.417352178, -22.966995222 ], [ -44.421147626, -22.973676456 ], [ -44.425324813, -22.972126659 ], [ -44.417352178, -22.966995222 ] ] ], [ [ [ -44.368656484, -22.969218093 ], [ -44.369847809, -22.967016935 ], [ -44.367795369, -22.967187795 ], [ -44.368656484, -22.969218093 ] ] ], [ [ [ -44.31152972, -22.966833924 ], [ -44.31263273, -22.967348758 ], [ -44.312477022, -22.96640636 ], [ -44.31152972, -22.966833924 ] ] ], [ [ [ -44.316840017, -22.96657841 ], [ -44.319229347, -22.966511255 ], [ -44.316980253, -22.965923442 ], [ -44.316840017, -22.96657841 ] ] ], [ [ [ -44.363201319, -22.96442275 ], [ -44.364576331, -22.964011529 ], [ -44.363347519, -22.963577157 ], [ -44.363201319, -22.96442275 ] ] ], [ [ [ -44.340611033, -22.963150765 ], [ -44.342108067, -22.962722999 ], [ -44.340772803, -22.962225485 ], [ -44.340611033, -22.963150765 ] ] ], [ [ [ -44.407912079, -22.961865703 ], [ -44.408107201, -22.963255734 ], [ -44.408732865, -22.962438473 ], [ -44.407912079, -22.961865703 ] ] ], [ [ [ -44.341370887, -22.960891596 ], [ -44.344277937, -22.962338184 ], [ -44.341877227, -22.960073284 ], [ -44.341370887, -22.960891596 ] ] ], [ [ [ -44.32202514, -22.960964628 ], [ -44.320017111, -22.961663561 ], [ -44.32134945, -22.962645267 ], [ -44.32202514, -22.960964628 ] ] ], [ [ [ -44.345595077, -22.959784606 ], [ -44.351235102, -22.964815343 ], [ -44.352086216, -22.962775711 ], [ -44.345595077, -22.959784606 ] ] ], [ [ [ -44.39720786, -22.957620098 ], [ -44.399268453, -22.958670729 ], [ -44.398218825, -22.956427559 ], [ -44.39720786, -22.957620098 ] ] ], [ [ [ -44.352259347, -22.952852862 ], [ -44.351960506, -22.954840322 ], [ -44.353371556, -22.955196798 ], [ -44.352259347, -22.952852862 ] ] ], [ [ [ -44.399376135, -22.951842348 ], [ -44.400508983, -22.951547311 ], [ -44.399055733, -22.951083681 ], [ -44.399376135, -22.951842348 ] ] ], [ [ [ -44.334174894, -22.947944997 ], [ -44.338653132, -22.954984011 ], [ -44.335404682, -22.94740008 ], [ -44.334174894, -22.947944997 ] ] ], [ [ [ -44.368400646, -22.947061802 ], [ -44.368677649, -22.946812033 ], [ -44.368377562, -22.946891747 ], [ -44.368400646, -22.947061802 ] ] ], [ [ [ -44.336028582, -22.946696933 ], [ -44.336416279, -22.94705395 ], [ -44.336375773, -22.946638319 ], [ -44.336028582, -22.946696933 ] ] ], [ [ [ -44.410536032, -22.946118672 ], [ -44.410735919, -22.946197072 ], [ -44.410613766, -22.946036863 ], [ -44.410536032, -22.946118672 ] ] ], [ [ [ -44.410610064, -22.945736896 ], [ -44.411006136, -22.945975506 ], [ -44.410817354, -22.945655086 ], [ -44.410610064, -22.945736896 ] ] ], [ [ [ -44.368653236, -22.946332093 ], [ -44.369655877, -22.947154661 ], [ -44.368773076, -22.945531913 ], [ -44.368653236, -22.946332093 ] ] ], [ [ [ -44.409873443, -22.945099464 ], [ -44.410114048, -22.945048333 ], [ -44.409766096, -22.944908574 ], [ -44.40975129, -22.944946071 ], [ -44.409873443, -22.945099464 ] ] ], [ [ [ -44.369242703, -22.943732304 ], [ -44.369319835, -22.944258017 ], [ -44.369487028, -22.943818917 ], [ -44.369242703, -22.943732304 ] ] ], [ [ [ -44.368554805, -22.942285598 ], [ -44.36895023, -22.943826344 ], [ -44.370078003, -22.94325722 ], [ -44.368554805, -22.942285598 ] ] ], [ [ [ -44.368592226, -22.94150095 ], [ -44.369997618, -22.941131676 ], [ -44.368928964, -22.940685574 ], [ -44.368592226, -22.94150095 ] ] ], [ [ [ -44.345186659, -22.938670228 ], [ -44.336509187, -22.938885806 ], [ -44.342522264, -22.942927025 ], [ -44.345186659, -22.938670228 ] ] ], [ [ [ -44.348637518, -22.9322069 ], [ -44.348962208, -22.932510567 ], [ -44.348984797, -22.932385497 ], [ -44.348637518, -22.9322069 ] ] ], [ [ [ -44.3460034, -22.930399684 ], [ -44.345998311, -22.932166206 ], [ -44.347500118, -22.931484041 ], [ -44.3460034, -22.930399684 ] ] ], [ [ [ -44.333585051, -22.928337682 ], [ -44.334007694, -22.928444615 ], [ -44.333818557, -22.92807576 ], [ -44.333585051, -22.928337682 ] ] ], [ [ [ -44.331315651, -22.928308898 ], [ -44.332033217, -22.928821113 ], [ -44.331372229, -22.927857545 ], [ -44.331315651, -22.928308898 ] ] ], [ [ [ -44.331690842, -22.925809727 ], [ -44.332589199, -22.928539733 ], [ -44.333591321, -22.927256671 ], [ -44.331690842, -22.925809727 ] ] ], [ [ [ -44.322588508, -22.839730451 ], [ -44.323782951, -22.849582371 ], [ -44.314448454, -22.842646 ], [ -44.3031175, -22.853979641 ], [ -44.291758494, -22.842464945 ], [ -44.260888169, -22.847597048 ], [ -44.244635854, -22.868080769 ], [ -44.231524638, -22.871414769 ], [ -44.24119706, -22.914768953 ], [ -44.214977449, -22.931874013 ], [ -44.192590106, -22.928914224 ], [ -44.162979865, -23.009790127 ], [ -44.165660117, -23.033936808 ], [ -44.176745062, -23.037447906 ], [ -44.173323368, -23.048495335 ], [ -44.182344632, -23.045417004 ], [ -44.194937776, -23.05442474 ], [ -44.193880923, -23.041060814 ], [ -44.201378145, -23.038312699 ], [ -44.244154358, -23.055141945 ], [ -44.250433422, -23.048628 ], [ -44.220960898, -23.015962141 ], [ -44.249355132, -22.997834215 ], [ -44.261176409, -23.007237406 ], [ -44.273366627, -23.004022545 ], [ -44.290524097, -23.024490566 ], [ -44.306319023, -23.024001221 ], [ -44.297072422, -23.009802443 ], [ -44.302934482, -23.002255991 ], [ -44.31705696, -23.00910953 ], [ -44.314913836, -23.015213331 ], [ -44.326463477, -23.013920742 ], [ -44.326228206, -23.020875224 ], [ -44.351828666, -23.030317779 ], [ -44.350405997, -23.022929713 ], [ -44.3630425, -23.018248567 ], [ -44.354975878, -22.998595563 ], [ -44.341134155, -22.990523024 ], [ -44.327676094, -22.995050728 ], [ -44.329454146, -22.983359625 ], [ -44.317526612, -22.985390731 ], [ -44.29987133, -22.958667138 ], [ -44.318944271, -22.956469169 ], [ -44.333284131, -22.967495613 ], [ -44.338217773, -22.957675847 ], [ -44.328586487, -22.954134422 ], [ -44.334062848, -22.946818288 ], [ -44.319643238, -22.936407163 ], [ -44.325943674, -22.937014854 ], [ -44.322848362, -22.931501003 ], [ -44.329433607, -22.932565672 ], [ -44.331119469, -22.925811667 ], [ -44.33993089, -22.92218602 ], [ -44.353372136, -22.931194333 ], [ -44.358739583, -22.923453316 ], [ -44.364809888, -22.924204281 ], [ -44.359973836, -22.931917663 ], [ -44.373739994, -22.941629513 ], [ -44.370312262, -22.948401472 ], [ -44.366735993, -22.948282077 ], [ -44.364389998, -22.94050237 ], [ -44.34948319, -22.945788807 ], [ -44.383632656, -22.972705303 ], [ -44.377828816, -22.958079332 ], [ -44.385300877, -22.953400426 ], [ -44.395851725, -22.954426843 ], [ -44.396727399, -22.947609287 ], [ -44.397218003, -22.955504566 ], [ -44.397913201, -22.950040022 ], [ -44.414293026, -22.954095675 ], [ -44.407870508, -22.950736119 ], [ -44.409287741, -22.943351853 ], [ -44.412243561, -22.940871218 ], [ -44.423001165, -22.950630971 ], [ -44.425496998, -22.962181498 ], [ -44.435531502, -22.964736627 ], [ -44.437670204, -22.973403008 ], [ -44.430934233, -22.978403079 ], [ -44.44118217, -22.992153569 ], [ -44.424847379, -22.997607208 ], [ -44.443532088, -23.006431727 ], [ -44.440504088, -23.020455715 ], [ -44.430568666, -23.020081181 ], [ -44.441359681, -23.026596123 ], [ -44.460043207, -23.01812171 ], [ -44.458633043, -23.008730644 ], [ -44.469847485, -23.012426678 ], [ -44.462183073, -23.007739423 ], [ -44.476090083, -23.005774381 ], [ -44.505077379, -23.03050936 ], [ -44.530500688, -23.020052205 ], [ -44.542948279, -23.023305339 ], [ -44.54450415, -22.980908532 ], [ -44.560565623, -22.971803918 ], [ -44.561674029, -22.954434111 ], [ -44.62026411, -22.939615459 ], [ -44.630238397, -22.917084594 ], [ -44.640321353, -22.913050757 ], [ -44.607310766, -22.885236959 ], [ -44.599778732, -22.890768518 ], [ -44.575729535, -22.878017522 ], [ -44.555953404, -22.888091728 ], [ -44.543651558, -22.884945075 ], [ -44.538895983, -22.873696859 ], [ -44.495412635, -22.846956253 ], [ -44.478720832, -22.850868156 ], [ -44.480134159, -22.866504481 ], [ -44.46619158, -22.885371268 ], [ -44.437644631, -22.873100005 ], [ -44.418195323, -22.848112311 ], [ -44.374223269, -22.858086229 ], [ -44.322588508, -22.839730451 ] ] ] ] } },
{ "type": "Feature", "properties": { "CD_MUN": "3300159", "NM_MUN": "Aperibé", "SIGLA_UF": "RJ", "AREA_KM2": 94.542 }, "geometry": { "type": "Polygon", "coordinates": [ [ [ -42.125357236, -21.601551931 ], [ -42.091252421, -21.629037465 ], [ -42.079362628, -21.625993199 ], [ -42.056848675, -21.636819557 ], [ -42.118170559, -21.697577733 ], [ -42.137642832, -21.704992917 ], [ -42.150605408, -21.691578973 ], [ -42.184417836, -21.681473024 ], [ -42.204841122, -21.648019029 ], [ -42.186827744, -21.629013349 ], [ -42.172156364, -21.630029431 ], [ -42.125357236, -21.601551931 ] ] ] } },
{ "type": "Feature", "properties": { "CD_MUN": "3300209", "NM_MUN": "Araruama", "SIGLA_UF": "RJ", "AREA_KM2": 638.276 }, "geometry": { "type": "Polygon", "coordinates": [ [ [ -42.183874781, -22.551435773 ], [ -42.131895167, -22.653364627 ], [ -42.166897899, -22.680425167 ], [ -42.218398878, -22.770236878 ], [ -42.2538856, -22.791985203 ], [ -42.239493362, -22.840192423 ], [ -42.249254949, -22.848389891 ], [ -42.237032236, -22.863531838 ], [ -42.282629832, -22.900150499 ], [ -42.274934792, -22.914265824 ], [ -42.2812248, -22.939469201 ], [ -42.381636458, -22.935685003 ], [ -42.377951017, -22.907731833 ], [ -42.386839831, -22.892911326 ], [ -42.369933474, -22.835396796 ], [ -42.446812806, -22.82275068 ], [ -42.44178403, -22.730310474 ], [ -42.417147268, -22.735791654 ], [ -42.393649313, -22.721453847 ], [ -42.368753363, -22.724259451 ], [ -42.3618953, -22.713079345 ], [ -42.331929202, -22.704285385 ], [ -42.314460135, -22.647993762 ], [ -42.301353687, -22.62938752 ], [ -42.275426782, -22.605624012 ], [ -42.236458615, -22.609332731 ], [ -42.237622612, -22.59916174 ], [ -42.225834514, -22.596288802 ], [ -42.227254745, -22.589625327 ], [ -42.215447094, -22.592617769 ], [ -42.183874781, -22.551435773 ] ] ] } },
{ "type": "Feature", "properties": { "CD_MUN": "3300225", "NM_MUN": "Areal", "SIGLA_UF": "RJ", "AREA_KM2": 110.724 }, "geometry": { "type": "Polygon", "coordinates": [ [ [ -43.037159503, -22.164292461 ], [ -43.042626075, -22.179901478 ], [ -43.05893952, -22.189904453 ], [ -43.047757299, -22.208605315 ], [ -43.093954224, -22.242326409 ], [ -43.089899572, -22.261357949 ], [ -43.101292358, -22.26587288 ], [ -43.106345941, -22.281543694 ], [ -43.127007408, -22.275873 ], [ -43.139843875, -22.284730738 ], [ -43.137205589, -22.29469585 ], [ -43.15107096, -22.308659583 ], [ -43.173870231, -22.310172328 ], [ -43.182721225, -22.296126231 ], [ -43.159629491, -22.192862435 ], [ -43.131553462, -22.190873205 ], [ -43.109380756, -22.199948661 ], [ -43.103005574, -22.187661812 ], [ -43.054521324, -22.164978614 ], [ -43.037159503, -22.164292461 ] ] ] } },
{ "type": "Feature", "properties": { "CD_MUN": "3300233", "NM_MUN": "Armação dos Búzios", "SIGLA_UF": "RJ", "AREA_KM2": 70.977 }, "geometry": { "type": "MultiPolygon", "coordinates": [ [ [ [ -41.919453886, -22.816689446 ], [ -41.918016528, -22.816425782 ], [ -41.918165533, -22.817029432 ], [ -41.919453886, -22.816689446 ] ] ], [ [ [ -41.9173694, -22.815716547 ], [ -41.918180785, -22.815849075 ], [ -41.918050713, -22.815583448 ], [ -41.9173694, -22.815716547 ] ] ], [ [ [ -41.919120281, -22.8154981 ], [ -41.919879944, -22.815503984 ], [ -41.919692862, -22.815193123 ], [ -41.919120281, -22.8154981 ] ] ], [ [ [ -41.923286825, -22.813376836 ], [ -41.920879075, -22.813459918 ], [ -41.920196754, -22.814659669 ], [ -41.923286825, -22.813376836 ] ] ], [ [ [ -41.89630851, -22.786092541 ], [ -41.896438211, -22.786216519 ], [ -41.896487802, -22.785747311 ], [ -41.89630851, -22.786092541 ] ] ], [ [ [ -41.892118401, -22.784642065 ], [ -41.892185388, -22.784709707 ], [ -41.892223665, -22.784592069 ], [ -41.892118401, -22.784642065 ] ] ], [ [ [ -41.828432717, -22.784603091 ], [ -41.829073338, -22.784538647 ], [ -41.828318418, -22.784329319 ], [ -41.828432717, -22.784603091 ] ] ], [ [ [ -41.828913176, -22.784029742 ], [ -41.829755929, -22.784404759 ], [ -41.829107401, -22.783872748 ], [ -41.828913176, -22.784029742 ] ] ], [ [ [ -41.902392952, -22.783519527 ], [ -41.902595132, -22.783557674 ], [ -41.902439024, -22.783452807 ], [ -41.902392952, -22.783519527 ] ] ], [ [ [ -41.899798958, -22.78259065 ], [ -41.899833291, -22.782745145 ], [ -41.899894326, -22.78255441 ], [ -41.899798958, -22.78259065 ] ] ], [ [ [ -41.899901956, -22.78245904 ], [ -41.899848549, -22.782346509 ], [ -41.899844735, -22.782468578 ], [ -41.899901956, -22.78245904 ] ] ], [ [ [ -41.826428083, -22.772054728 ], [ -41.81973645, -22.771812914 ], [ -41.825379111, -22.776361824 ], [ -41.826428083, -22.772054728 ] ] ], [ [ [ -41.789637373, -22.767431267 ], [ -41.78416197, -22.770298998 ], [ -41.79386332, -22.771701623 ], [ -41.789637373, -22.767431267 ] ] ], [ [ [ -41.871976643, -22.766163226 ], [ -41.872588676, -22.766088662 ], [ -41.872360632, -22.765761689 ], [ -41.871976643, -22.766163226 ] ] ], [ [ [ -41.904052381, -22.7558882 ], [ -41.903446732, -22.755608947 ], [ -41.903663036, -22.756151494 ], [ -41.904052381, -22.7558882 ] ] ], [ [ [ -41.886951256, -22.752494748 ], [ -41.887547142, -22.752898442 ], [ -41.887397332, -22.752330479 ], [ -41.886951256, -22.752494748 ] ] ], [ [ [ -41.941600412, -22.73938348 ], [ -41.941413491, -22.739356777 ], [ -41.941574938, -22.739517573 ], [ -41.941600412, -22.73938348 ] ] ], [ [ [ -41.946920284, -22.739441019 ], [ -41.941953081, -22.738957644 ], [ -41.943214761, -22.740804001 ], [ -41.946920284, -22.739441019 ] ] ], [ [ [ -41.946364968, -22.736530086 ], [ -41.946208566, -22.736734174 ], [ -41.946380227, -22.736692211 ], [ -41.946364968, -22.736530086 ] ] ], [ [ [ -41.940780252, -22.736032269 ], [ -41.940253822, -22.736324094 ], [ -41.940719216, -22.736884853 ], [ -41.940780252, -22.736032269 ] ] ], [ [ [ -41.874300558, -22.72955161 ], [ -41.874781266, -22.731331353 ], [ -41.875487675, -22.730982872 ], [ -41.874300558, -22.72955161 ] ] ], [ [ [ -41.970832436, -22.729394697 ], [ -41.954818336, -22.731712124 ], [ -41.945647804, -22.75428178 ], [ -41.925445169, -22.770484708 ], [ -41.910590736, -22.768394253 ], [ -41.911178201, -22.756744168 ], [ -41.902545542, -22.756402752 ], [ -41.897788613, -22.749343654 ], [ -41.885894386, -22.754422925 ], [ -41.882613748, -22.740909361 ], [ -41.872413247, -22.737367413 ], [ -41.874015421, -22.753043911 ], [ -41.864146797, -22.756700298 ], [ -41.873229594, -22.766225598 ], [ -41.87639579, -22.761470578 ], [ -41.877963632, -22.775846264 ], [ -41.888717263, -22.770686887 ], [ -41.882232278, -22.77747514 ], [ -41.881156532, -22.7843168 ], [ -41.886508553, -22.777200481 ], [ -41.894752115, -22.786115429 ], [ -41.898658363, -22.781387111 ], [ -41.90358314, -22.783658766 ], [ -41.907989112, -22.778245707 ], [ -41.921825022, -22.787116787 ], [ -41.93065223, -22.802366039 ], [ -41.92819175, -22.814454815 ], [ -41.940291968, -22.80940797 ], [ -41.969226448, -22.822820446 ], [ -42.001366014, -22.795842064 ], [ -42.009933252, -22.776918001 ], [ -41.970832436, -22.729394697 ] ] ], [ [ [ -41.94584224, -22.727881936 ], [ -41.946209811, -22.727977656 ], [ -41.945826112, -22.727754381 ], [ -41.94584224, -22.727881936 ] ] ], [ [ [ -41.924183617, -22.721899245 ], [ -41.922071806, -22.725473204 ], [ -41.92648299, -22.72391209 ], [ -41.924183617, -22.721899245 ] ] ] ] } },
{ "type": "Feature", "properties": { "CD_MUN": "3300258", "NM_MUN": "Arraial do Cabo", "SIGLA_UF": "RJ", "AREA_KM2": 152.106 }, "geometry": { "type": "MultiPolygon", "coordinates": [ [ [ [ -42.036979418, -22.984267175 ], [ -42.037750279, -22.98431315 ], [ -42.037554589, -22.983784284 ], [ -42.036979418, -22.984267175 ] ] ], [ [ [ -42.038611128, -22.980981185 ], [ -42.03753466, -22.982272713 ], [ -42.038233827, -22.983350003 ], [ -42.038611128, -22.980981185 ] ] ], [ [ [ -41.977591588, -22.978450502 ], [ -41.978579415, -22.99788386 ], [ -42.004944657, -23.013839677 ], [ -42.013046615, -22.998889834 ], [ -42.005883312, -23.002843542 ], [ -42.001898114, -22.991323404 ], [ -41.977591588, -22.978450502 ] ] ], [ [ [ -41.992479999, -22.969383262 ], [ -41.986486859, -22.963300906 ], [ -41.985433145, -22.963837098 ], [ -41.992479999, -22.969383262 ] ] ], [ [ [ -42.029844704, -22.940528012 ], [ -42.02925849, -22.941726611 ], [ -42.029861784, -22.94216246 ], [ -42.029844704, -22.940528012 ] ] ], [ [ [ -42.206052567, -22.879873068 ], [ -42.169993657, -22.873735042 ], [ -42.103502397, -22.926128407 ], [ -42.088488478, -22.932766034 ], [ -42.037285473, -22.933130822 ], [ -42.032613539, -22.946546648 ], [ -42.02270067, -22.946393033 ], [ -42.022865567, -22.960584787 ], [ -42.001893855, -22.949868366 ], [ -42.009468049, -22.960010113 ], [ -41.994881908, -22.962114345 ], [ -42.019897572, -22.971357087 ], [ -42.019736477, -22.979139461 ], [ -42.007918364, -22.983290757 ], [ -42.013041975, -22.99748862 ], [ -42.019714, -22.984127849 ], [ -42.035229312, -22.979009392 ], [ -42.036494713, -22.968351603 ], [ -42.057856561, -22.958813348 ], [ -42.2812248, -22.939469201 ], [ -42.274934792, -22.914265824 ], [ -42.282629832, -22.900150499 ], [ -42.237032236, -22.863531838 ], [ -42.23065421, -22.872805703 ], [ -42.206052567, -22.879873068 ] ] ] ] } },
{ "type": "Feature", "properties": { "CD_MUN": "3300308", "NM_MUN": "Barra do Piraí", "SIGLA_UF": "RJ", "AREA_KM2": 584.61 }, "geometry": { "type": "Polygon", "coordinates": [ [ [ -44.021374295, -22.296889011 ], [ -44.008471419, -22.310330135 ], [ -43.972675037, -22.312664399 ], [ -43.966431459, -22.34341763 ], [ -43.96018255, -22.339419834 ], [ -43.950407769, -22.34977074 ], [ -43.910896667, -22.360787544 ], [ -43.912633025, -22.350386817 ], [ -43.892924726, -22.344964209 ], [ -43.886890027, -22.330830001 ], [ -43.834495132, -22.30911187 ], [ -43.826774851, -22.313662488 ], [ -43.829062273, -22.320622201 ], [ -43.850201696, -22.336778236 ], [ -43.858195332, -22.373521254 ], [ -43.847880255, -22.367907274 ], [ -43.844795299, -22.384392422 ], [ -43.83631813, -22.386255563 ], [ -43.838192826, -22.374139854 ], [ -43.819544786, -22.367807556 ], [ -43.80952544, -22.351868196 ], [ -43.798003126, -22.355233613 ], [ -43.797956441, -22.363198796 ], [ -43.774551261, -22.366680711 ], [ -43.764553221, -22.391209052 ], [ -43.74874881, -22.403200542 ], [ -43.779735468, -22.438165602 ], [ -43.754765982, -22.459906326 ], [ -43.765776217, -22.45879334 ], [ -43.769919261, -22.517958946 ], [ -43.797622695, -22.551881076 ], [ -43.808641509, -22.554179855 ], [ -43.819392149, -22.546015649 ], [ -43.819869379, -22.532793571 ], [ -43.805459692, -22.522800151 ], [ -43.811380837, -22.511495062 ], [ -43.828149446, -22.516563567 ], [ -43.844635743, -22.500992484 ], [ -43.868639327, -22.528600247 ], [ -43.943674475, -22.515110045 ], [ -43.99213997, -22.517511108 ], [ -44.018981142, -22.484947254 ], [ -44.028674248, -22.48679929 ], [ -44.031317201, -22.497087558 ], [ -44.055897755, -22.479078143 ], [ -44.056626744, -22.467717329 ], [ -44.071086441, -22.458733432 ], [ -44.00258457, -22.408029195 ], [ -44.084165736, -22.382011642 ], [ -44.08461412, -22.372657477 ], [ -44.068345549, -22.354948084 ], [ -44.063133289, -22.333456722 ], [ -44.025817715, -22.307704379 ], [ -44.021374295, -22.296889011 ] ] ] } },
{ "type": "Feature", "properties": { "CD_MUN": "3300407", "NM_MUN": "Barra Mansa", "SIGLA_UF": "RJ", "AREA_KM2": 547.133 }, "geometry": { "type": "Polygon", "coordinates": [ [ [ -44.023373814, -22.302963141 ], [ -44.063133289, -22.333456722 ], [ -44.084853692, -22.3804718 ], [ -44.005642945, -22.407085157 ], [ -44.088800182, -22.406272594 ], [ -44.138062466, -22.431312677 ], [ -44.154425851, -22.463313255 ], [ -44.156015447, -22.51667904 ], [ -44.136558169, -22.537438843 ], [ -44.090023631, -22.530498527 ], [ -44.084695422, -22.545394891 ], [ -44.097850397, -22.577180925 ], [ -44.091136631, -22.578891368 ], [ -44.096848949, -22.596269984 ], [ -44.087621108, -22.604427079 ], [ -44.085459718, -22.646825385 ], [ -44.148287378, -22.648791739 ], [ -44.165612828, -22.673445549 ], [ -44.171449753, -22.659428447 ], [ -44.190126752, -22.648583983 ], [ -44.184276293, -22.637299138 ], [ -44.204367768, -22.626343751 ], [ -44.207425939, -22.612021667 ], [ -44.219364037, -22.617536627 ], [ -44.226369058, -22.604560027 ], [ -44.253388189, -22.612470885 ], [ -44.268735611, -22.598774253 ], [ -44.285690584, -22.60973098 ], [ -44.295429693, -22.598462556 ], [ -44.342070137, -22.589254198 ], [ -44.346600076, -22.573610817 ], [ -44.32783888, -22.572917752 ], [ -44.320552191, -22.5501511 ], [ -44.328486021, -22.520014793 ], [ -44.318760505, -22.507400753 ], [ -44.332073846, -22.493787005 ], [ -44.335909141, -22.468853888 ], [ -44.319138097, -22.469597722 ], [ -44.301145436, -22.449387655 ], [ -44.25282733, -22.485153269 ], [ -44.221655177, -22.479645338 ], [ -44.217602148, -22.463352726 ], [ -44.226095073, -22.45487299 ], [ -44.219614533, -22.452204318 ], [ -44.223962168, -22.443866692 ], [ -44.211518877, -22.419555221 ], [ -44.208142408, -22.38729765 ], [ -44.155157615, -22.37384919 ], [ -44.169563755, -22.327490695 ], [ -44.124187264, -22.339131129 ], [ -44.11812956, -22.329716539 ], [ -44.094848542, -22.329842337 ], [ -44.026438452, -22.297265239 ], [ -44.023373814, -22.302963141 ] ] ] } },
{ "type": "Feature", "properties": { "CD_MUN": "3300456", "NM_MUN": "Belford Roxo", "SIGLA_UF": "RJ", "AREA_KM2": 78.985 }, "geometry": { "type": "Polygon", "coordinates": [ [ [ -43.354635224, -22.69431603 ], [ -43.328570756, -22.695023737 ], [ -43.319784994, -22.709398378 ], [ -43.329290308, -22.75590265 ], [ -43.385153607, -22.766455838 ], [ -43.397142259, -22.777594541 ], [ -43.415994229, -22.764990951 ], [ -43.413914032, -22.755627646 ], [ -43.434084148, -22.724542472 ], [ -43.427226857, -22.715900598 ], [ -43.431560311, -22.702606151 ], [ -43.381364034, -22.68892671 ], [ -43.370302985, -22.694256317 ], [ -43.365349313, -22.685107824 ], [ -43.354635224, -22.69431603 ] ] ] } },
{ "type": "Feature", "properties": { "CD_MUN": "3300506", "NM_MUN": "Bom Jardim", "SIGLA_UF": "RJ", "AREA_KM2": 382.43 }, "geometry": { "type": "Polygon", "coordinates": [ [ [ -42.346122708, -22.110408831 ], [ -42.342739856, -22.124314657 ], [ -42.324248986, -22.11998309 ], [ -42.315950827, -22.109514268 ], [ -42.300563686, -22.121966669 ], [ -42.294667931, -22.114325826 ], [ -42.278807613, -22.123683659 ], [ -42.279831238, -22.141710934 ], [ -42.290998824, -22.139655295 ], [ -42.29761932, -22.151268747 ], [ -42.27803569, -22.193306368 ], [ -42.286081492, -22.20082692 ], [ -42.265128049, -22.216773735 ], [ -42.233461263, -22.22465689 ], [ -42.250263491, -22.237356614 ], [ -42.252002355, -22.25635983 ], [ -42.292843784, -22.281907058 ], [ -42.287541421, -22.292164444 ], [ -42.343649281, -22.304242427 ], [ -42.358642389, -22.301686958 ], [ -42.474541538, -22.224007109 ], [ -42.471954639, -22.211131626 ], [ -42.52211427, -22.159947913 ], [ -42.465346647, -22.130648585 ], [ -42.471879499, -22.116402621 ], [ -42.467347468, -22.111304883 ], [ -42.439589886, -22.122623969 ], [ -42.427544945, -22.114195241 ], [ -42.396608663, -22.119690738 ], [ -42.387867013, -22.130140859 ], [ -42.372046327, -22.115487549 ], [ -42.346122708, -22.110408831 ] ] ] } },
{ "type": "Feature", "properties": { "CD_MUN": "3300605", "NM_MUN": "Bom Jesus do Itabapoana", "SIGLA_UF": "RJ", "AREA_KM2": 596.659 }, "geometry": { "type": "Polygon", "coordinates": [ [ [ -41.7267392, -20.863724445 ], [ -41.711460351, -20.871958898 ], [ -41.72634094, -20.892389472 ], [ -41.718483612, -20.899144938 ], [ -41.722367913, -20.92325279 ], [ -41.737431709, -20.930841516 ], [ -41.730951709, -20.946972648 ], [ -41.717405541, -20.95304488 ], [ -41.710014079, -20.991033664 ], [ -41.721421476, -21.002013328 ], [ -41.714545338, -21.015408346 ], [ -41.725201474, -21.033078006 ], [ -41.716188917, -21.047051017 ], [ -41.723235391, -21.055637848 ], [ -41.729347858, -21.049627066 ], [ -41.732767526, -21.066053146 ], [ -41.721563218, -21.073299226 ], [ -41.73594073, -21.102598386 ], [ -41.707037981, -21.107234938 ], [ -41.718630028, -21.116840809 ], [ -41.716583665, -21.125435536 ], [ -41.704943468, -21.127794872 ], [ -41.705726525, -21.120822835 ], [ -41.694157928, -21.115372242 ], [ -41.677661839, -21.124088383 ], [ -41.678400543, -21.133502927 ], [ -41.663153075, -21.124701553 ], [ -41.66536439, -21.131983899 ], [ -41.654085316, -21.142167567 ], [ -41.628037636, -21.144678828 ], [ -41.612589518, -21.157000943 ], [ -41.586567358, -21.149546513 ], [ -41.583895048, -21.164761827 ], [ -41.564623119, -21.183744858 ], [ -41.555727457, -21.172381522 ], [ -41.548288324, -21.183299473 ], [ -41.530436811, -21.180025291 ], [ -41.517075262, -21.18771721 ], [ -41.51155008, -21.175836265 ], [ -41.498260755, -21.185129162 ], [ -41.478929295, -21.182588696 ], [ -41.469629646, -21.202793267 ], [ -41.470053157, -21.231413538 ], [ -41.496178029, -21.24501942 ], [ -41.506618994, -21.265127176 ], [ -41.514424721, -21.261246851 ], [ -41.553539666, -21.296369381 ], [ -41.584524443, -21.309603008 ], [ -41.585071536, -21.317382906 ], [ -41.588132361, -21.303409555 ], [ -41.605746007, -21.292446299 ], [ -41.608548643, -21.277475008 ], [ -41.6379292, -21.261120125 ], [ -41.62957256, -21.254618214 ], [ -41.639487604, -21.245470271 ], [ -41.660895207, -21.245097188 ], [ -41.682123521, -21.257175661 ], [ -41.705596735, -21.219725948 ], [ -41.727667829, -21.221183595 ], [ -41.717297354, -21.196139739 ], [ -41.726147339, -21.170715736 ], [ -41.763130797, -21.176752511 ], [ -41.767051101, -21.150574036 ], [ -41.804244313, -21.142782092 ], [ -41.798806732, -21.12126824 ], [ -41.829863659, -21.121899443 ], [ -41.816110977, -21.103865639 ], [ -41.825120366, -21.100838527 ], [ -41.85059638, -21.062272421 ], [ -41.837704618, -21.055679335 ], [ -41.807315591, -21.010504396 ], [ -41.802533001, -20.988616618 ], [ -41.793728878, -20.984147779 ], [ -41.789524382, -20.966045006 ], [ -41.80847043, -20.956451579 ], [ -41.811823861, -20.941783032 ], [ -41.754955624, -20.874508818 ], [ -41.730161919, -20.87090826 ], [ -41.7267392, -20.863724445 ] ] ] } },
{ "type": "Feature", "properties": { "CD_MUN": "3300704", "NM_MUN": "Cabo Frio", "SIGLA_UF": "RJ", "AREA_KM2": 413.449 }, "geometry": { "type": "MultiPolygon", "coordinates": [ [ [ [ -41.989049371, -22.892201458 ], [ -41.978981044, -22.891960135 ], [ -41.977104341, -22.901031252 ], [ -41.989049371, -22.892201458 ] ] ], [ [ [ -41.9604998, -22.885110559 ], [ -41.960944292, -22.883789857 ], [ -41.960476391, -22.883146874 ], [ -41.9604998, -22.885110559 ] ] ], [ [ [ -41.958098522, -22.882414319 ], [ -41.959853079, -22.883450649 ], [ -41.958936938, -22.881788606 ], [ -41.958098522, -22.882414319 ] ] ], [ [ [ -41.942743754, -22.877731302 ], [ -41.940743308, -22.879298721 ], [ -41.942495212, -22.879501758 ], [ -41.942743754, -22.877731302 ] ] ], [ [ [ -41.953361907, -22.872443999 ], [ -41.951861689, -22.874690713 ], [ -41.953935707, -22.875880126 ], [ -41.953361907, -22.872443999 ] ] ], [ [ [ -41.937962619, -22.870004132 ], [ -41.938507551, -22.870176172 ], [ -41.938210169, -22.86977982 ], [ -41.937962619, -22.870004132 ] ] ], [ [ [ -41.921174504, -22.864542101 ], [ -41.918320801, -22.864069438 ], [ -41.919732558, -22.865583462 ], [ -41.921174504, -22.864542101 ] ] ], [ [ [ -41.92373296, -22.863559913 ], [ -41.923168306, -22.864848114 ], [ -41.924804465, -22.864321863 ], [ -41.92373296, -22.863559913 ] ] ], [ [ [ -41.936568412, -22.86263991 ], [ -41.940305071, -22.873606726 ], [ -41.947908806, -22.874104696 ], [ -41.945667804, -22.86390033 ], [ -41.936568412, -22.86263991 ] ] ], [ [ [ -41.906207743, -22.852443761 ], [ -41.904157567, -22.85998525 ], [ -41.912620245, -22.862366705 ], [ -41.906207743, -22.852443761 ] ] ], [ [ [ -41.903500993, -22.850500927 ], [ -41.902850361, -22.850452773 ], [ -41.902839183, -22.850803579 ], [ -41.903500993, -22.850500927 ] ] ], [ [ [ -41.890745625, -22.843220045 ], [ -41.891850732, -22.846438969 ], [ -41.893638669, -22.845649219 ], [ -41.890745625, -22.843220045 ] ] ], [ [ [ -42.134983597, -22.541955801 ], [ -42.13382375, -22.554821533 ], [ -42.122136294, -22.553915032 ], [ -42.119404032, -22.566468489 ], [ -42.09442509, -22.561638944 ], [ -42.093572581, -22.57164781 ], [ -42.080154181, -22.575098487 ], [ -42.072878573, -22.567497184 ], [ -42.061676773, -22.572937189 ], [ -42.062743267, -22.559965834 ], [ -42.041424061, -22.568946866 ], [ -42.034817662, -22.559728918 ], [ -42.029846019, -22.570891833 ], [ -42.020669647, -22.568966435 ], [ -42.020340785, -22.577946332 ], [ -42.012055953, -22.571257474 ], [ -42.004120322, -22.584939145 ], [ -41.99710635, -22.574679998 ], [ -41.990831857, -22.579834621 ], [ -41.997539133, -22.667798778 ], [ -41.988578409, -22.708976529 ], [ -41.973455669, -22.72956689 ], [ -42.009933252, -22.776918001 ], [ -42.001366014, -22.795842064 ], [ -41.969416637, -22.822760865 ], [ -41.986373513, -22.852670452 ], [ -41.979693977, -22.873420498 ], [ -42.001418679, -22.889856121 ], [ -42.011604618, -22.882668759 ], [ -42.023593349, -22.89200705 ], [ -42.037285473, -22.933130822 ], [ -42.088488478, -22.932766034 ], [ -42.12219059, -22.908293072 ], [ -42.109929185, -22.903826062 ], [ -42.108870062, -22.86963591 ], [ -42.099559383, -22.861997699 ], [ -42.041197474, -22.865734066 ], [ -42.024998143, -22.796407415 ], [ -42.131895167, -22.653364627 ], [ -42.182403102, -22.552676144 ], [ -42.161265772, -22.544785258 ], [ -42.150393494, -22.548898752 ], [ -42.151230519, -22.556728545 ], [ -42.141081345, -22.548639417 ], [ -42.147162523, -22.540861905 ], [ -42.134983597, -22.541955801 ] ] ] ] } },
{ "type": "Feature", "properties": { "CD_MUN": "3300803", "NM_MUN": "Cachoeiras de Macacu", "SIGLA_UF": "RJ", "AREA_KM2": 954.749 }, "geometry": { "type": "Polygon", "coordinates": [ [ [ -42.582617562, -22.356419205 ], [ -42.561390955, -22.361319187 ], [ -42.55227433, -22.378203015 ], [ -42.556231528, -22.423971053 ], [ -42.575682318, -22.440499484 ], [ -42.550467033, -22.456742675 ], [ -42.553455622, -22.466536929 ], [ -42.563372545, -22.467579868 ], [ -42.565725608, -22.484134671 ], [ -42.603359894, -22.540709558 ], [ -42.565391805, -22.621419834 ], [ -42.59056845, -22.628466331 ], [ -42.625933855, -22.657193148 ], [ -42.641361874, -22.641025733 ], [ -42.662827018, -22.644157818 ], [ -42.668005584, -22.636733598 ], [ -42.693112307, -22.642589669 ], [ -42.690842036, -22.654073236 ], [ -42.698898437, -22.663358214 ], [ -42.747222037, -22.686532583 ], [ -42.789893764, -22.634552064 ], [ -42.845186976, -22.636181226 ], [ -42.906869993, -22.655270311 ], [ -42.899283283, -22.638516288 ], [ -42.910698331, -22.619299017 ], [ -42.907132691, -22.601193519 ], [ -42.887593404, -22.592178269 ], [ -42.865476466, -22.568236704 ], [ -42.885817734, -22.54802274 ], [ -42.898730949, -22.519874476 ], [ -42.88944999, -22.504858043 ], [ -42.906157528, -22.498204989 ], [ -42.921497778, -22.475982925 ], [ -42.918188647, -22.451006548 ], [ -42.890248446, -22.458708875 ], [ -42.873808978, -22.449377429 ], [ -42.868855534, -22.431926276 ], [ -42.850683521, -22.425841464 ], [ -42.852403776, -22.416917253 ], [ -42.810537869, -22.405231642 ], [ -42.815176648, -22.39150029 ], [ -42.802298631, -22.387046983 ], [ -42.803412555, -22.378687364 ], [ -42.767605091, -22.384388763 ], [ -42.73900976, -22.370495613 ], [ -42.740026071, -22.361002932 ], [ -42.728034019, -22.355475405 ], [ -42.710523071, -22.361549776 ], [ -42.71092507, -22.377642507 ], [ -42.693551062, -22.389091808 ], [ -42.684152759, -22.393414466 ], [ -42.659049204, -22.38582954 ], [ -42.650781645, -22.396135744 ], [ -42.616161836, -22.385445366 ], [ -42.582617562, -22.356419205 ] ] ] } },
{ "type": "Feature", "properties": { "CD_MUN": "3300902", "NM_MUN": "Cambuci", "SIGLA_UF": "RJ", "AREA_KM2": 558.281 }, "geometry": { "type": "Polygon", "coordinates": [ [ [ -41.816467576, -21.327569867 ], [ -41.778704332, -21.390137072 ], [ -41.787803687, -21.399293091 ], [ -41.709961168, -21.456305422 ], [ -41.824983985, -21.482269452 ], [ -41.815754833, -21.491472606 ], [ -41.82363254, -21.512904661 ], [ -41.870686509, -21.555711967 ], [ -41.868563453, -21.573716421 ], [ -41.884683413, -21.580041168 ], [ -41.899863646, -21.575359712 ], [ -41.923623159, -21.586113948 ], [ -42.009325895, -21.639905844 ], [ -42.022059384, -21.628555812 ], [ -42.061710453, -21.637118077 ], [ -42.079362628, -21.625993199 ], [ -42.091252421, -21.629037465 ], [ -42.116465753, -21.611724265 ], [ -42.119832213, -21.601517849 ], [ -42.105286158, -21.60204485 ], [ -42.053306681, -21.545913115 ], [ -42.054770027, -21.52635537 ], [ -41.974025166, -21.474712123 ], [ -41.950229751, -21.432292005 ], [ -41.897849171, -21.394037632 ], [ -41.89981688, -21.381887669 ], [ -41.868019858, -21.366097771 ], [ -41.855322639, -21.345202124 ], [ -41.816467576, -21.327569867 ] ] ] } },
{ "type": "Feature", "properties": { "CD_MUN": "3300936", "NM_MUN": "Carapebus", "SIGLA_UF": "RJ", "AREA_KM2": 304.885 }, "geometry": { "type": "Polygon", "coordinates": [ [ [ -41.554152084, -22.158555089 ], [ -41.539941265, -22.197831064 ], [ -41.553542742, -22.202828036 ], [ -41.542408026, -22.234606898 ], [ -41.689116141, -22.300029046 ], [ -41.708205724, -22.267515576 ], [ -41.704322547, -22.25220931 ], [ -41.771118505, -22.180881008 ], [ -41.693684818, -22.108309926 ], [ -41.574073353, -22.13839387 ], [ -41.554152084, -22.158555089 ] ] ] } },
{ "type": "Feature", "properties": { "CD_MUN": "3300951", "NM_MUN": "Comendador Levy Gasparian", "SIGLA_UF": "RJ", "AREA_KM2": 108.639 }, "geometry": { "type": "Polygon", "coordinates": [ [ [ -43.342991876, -22.004260792 ], [ -43.338787562, -22.010481522 ], [ -43.319945059, -22.00555544 ], [ -43.316927496, -22.016607021 ], [ -43.302243306, -22.021008436 ], [ -43.245467, -22.006574108 ], [ -43.221511628, -22.033760915 ], [ -43.201337549, -22.025832692 ], [ -43.20294773, -22.037437169 ], [ -43.169574359, -22.021810478 ], [ -43.153638971, -22.032979477 ], [ -43.128352766, -22.029730072 ], [ -43.144349538, -22.047934206 ], [ -43.215219633, -22.070962254 ], [ -43.258820746, -22.103327968 ], [ -43.253854727, -22.056202491 ], [ -43.273291583, -22.076229545 ], [ -43.283338457, -22.066804968 ], [ -43.317207901, -22.06496845 ], [ -43.339693994, -22.049993172 ], [ -43.346051169, -22.05603677 ], [ -43.342991876, -22.004260792 ] ] ] } },
{ "type": "Feature", "properties": { "CD_MUN": "3301009", "NM_MUN": "Campos dos Goytacazes", "SIGLA_UF": "RJ", "AREA_KM2": 4032.487 }, "geometry": { "type": "MultiPolygon", "coordinates": [ [ [ [ -41.116290352, -22.081472359 ], [ -41.116637395, -22.081472359 ], [ -41.116389507, -22.081212026 ], [ -41.116290352, -22.081472359 ] ] ], [ [ [ -41.378244151, -21.195747523 ], [ -41.369940799, -21.204222553 ], [ -41.336834763, -21.20720557 ], [ -41.325785253, -21.218559307 ], [ -41.316183861, -21.213545652 ], [ -41.316938343, -21.222003152 ], [ -41.309916793, -21.219496325 ], [ -41.297297474, -21.235072726 ], [ -41.282585076, -21.234817176 ], [ -41.27200348, -21.245699299 ], [ -41.287220463, -21.256302289 ], [ -41.312894889, -21.311681474 ], [ -41.248949436, -21.309246581 ], [ -41.269851585, -21.351848209 ], [ -41.263672683, -21.364074667 ], [ -41.242966231, -21.36649946 ], [ -41.236979294, -21.375580852 ], [ -41.243102142, -21.388532922 ], [ -41.257269393, -21.388809959 ], [ -41.266720739, -21.407656049 ], [ -41.255837157, -21.445753113 ], [ -41.261485242, -21.489735177 ], [ -41.244064303, -21.500557582 ], [ -41.254467362, -21.556311271 ], [ -41.197523362, -21.59298053 ], [ -41.181089875, -21.592060307 ], [ -41.196853639, -21.682528436 ], [ -41.177414605, -21.689175549 ], [ -41.158369518, -21.674641864 ], [ -41.139544499, -21.671331669 ], [ -41.134350921, -21.67794955 ], [ -41.178730943, -21.721669771 ], [ -41.1943175, -21.726468916 ], [ -41.172044224, -21.748724521 ], [ -41.177251475, -21.776865262 ], [ -41.149044585, -21.819209407 ], [ -41.159671, -21.868799973 ], [ -41.15385792, -21.881721424 ], [ -41.127875404, -21.911935988 ], [ -40.981825802, -21.911062303 ], [ -40.974586098, -21.950137874 ], [ -40.981845468, -21.994413158 ], [ -41.004970162, -22.021774074 ], [ -41.123233406, -22.084174892 ], [ -41.132655708, -22.095330975 ], [ -41.142651344, -22.089633832 ], [ -41.144719427, -22.099202345 ], [ -41.157911855, -22.093435069 ], [ -41.160145773, -22.101856562 ], [ -41.176257314, -22.095828336 ], [ -41.192733278, -22.097113544 ], [ -41.194808151, -22.104313301 ], [ -41.203463522, -22.096126154 ], [ -41.25729851, -22.098957901 ], [ -41.277671974, -22.065323788 ], [ -41.437628904, -21.986585342 ], [ -41.517988875, -22.017174477 ], [ -41.546323375, -22.054995495 ], [ -41.616972633, -22.045941759 ], [ -41.6645772, -22.057361868 ], [ -41.701829407, -22.051123222 ], [ -41.740117499, -22.086435337 ], [ -41.75045348, -22.086397118 ], [ -41.762382044, -22.06349811 ], [ -41.764616466, -22.033899194 ], [ -41.77631885, -22.021945524 ], [ -41.792743348, -22.0248516 ], [ -41.764111135, -22.007713029 ], [ -41.762120073, -22.019462865 ], [ -41.753627539, -22.015387453 ], [ -41.717817275, -21.985504662 ], [ -41.716097734, -21.911388461 ], [ -41.70327776, -21.889808814 ], [ -41.771432131, -21.891180556 ], [ -41.788853726, -21.888368023 ], [ -41.796785232, -21.876833272 ], [ -41.839718852, -21.887782725 ], [ -41.866676089, -21.884999377 ], [ -41.887759773, -21.880104106 ], [ -41.882652503, -21.872693192 ], [ -41.887893871, -21.862408502 ], [ -41.837367861, -21.8330905 ], [ -41.834494509, -21.820815114 ], [ -41.7957853, -21.794301516 ], [ -41.795155231, -21.783438451 ], [ -41.747183117, -21.788796298 ], [ -41.751679773, -21.781154055 ], [ -41.734307087, -21.762818824 ], [ -41.697722446, -21.739238856 ], [ -41.696014534, -21.714413622 ], [ -41.655433111, -21.693933936 ], [ -41.639505556, -21.670404868 ], [ -41.591206639, -21.664147397 ], [ -41.569809217, -21.640378443 ], [ -41.556005065, -21.640591484 ], [ -41.553334434, -21.630280033 ], [ -41.538135612, -21.621865901 ], [ -41.516702022, -21.636623456 ], [ -41.489979781, -21.674894816 ], [ -41.425383252, -21.611189223 ], [ -41.405682185, -21.605684847 ], [ -41.400599489, -21.582002415 ], [ -41.379001162, -21.560542219 ], [ -41.364992482, -21.55679774 ], [ -41.360104661, -21.544169064 ], [ -41.375095585, -21.499836179 ], [ -41.389892242, -21.478955964 ], [ -41.412762058, -21.465078388 ], [ -41.413719981, -21.437396418 ], [ -41.449453557, -21.3985851 ], [ -41.550865964, -21.429669503 ], [ -41.587395236, -21.31219409 ], [ -41.553539666, -21.296369381 ], [ -41.514424721, -21.261246851 ], [ -41.501867121, -21.261851601 ], [ -41.496178029, -21.24501942 ], [ -41.470053157, -21.231413538 ], [ -41.469629646, -21.202793267 ], [ -41.435866374, -21.215848895 ], [ -41.416786461, -21.200223358 ], [ -41.392531017, -21.202517892 ], [ -41.378244151, -21.195747523 ] ] ] ] } },
{ "type": "Feature", "properties": { "CD_MUN": "3301108", "NM_MUN": "Cantagalo", "SIGLA_UF": "RJ", "AREA_KM2": 747.21 }, "geometry": { "type": "Polygon", "coordinates": [ [ [ -42.237080088, -21.697209475 ], [ -42.206901129, -21.783774994 ], [ -42.168115684, -21.86397806 ], [ -42.183520773, -21.876056465 ], [ -42.210897756, -21.879933398 ], [ -42.221583075, -21.908073352 ], [ -42.20982164, -21.919009602 ], [ -42.220190996, -21.917252001 ], [ -42.226271799, -21.924791265 ], [ -42.24311704, -21.952510263 ], [ -42.240247846, -21.971534092 ], [ -42.257343624, -21.989910654 ], [ -42.30011423, -21.974242788 ], [ -42.315114163, -21.999591003 ], [ -42.356177581, -22.008739441 ], [ -42.384197505, -21.999205612 ], [ -42.401953097, -22.019512724 ], [ -42.398946737, -22.026363726 ], [ -42.41467176, -22.037600476 ], [ -42.509020968, -21.907481522 ], [ -42.430222892, -21.871196074 ], [ -42.453339278, -21.851481639 ], [ -42.43982806, -21.840752872 ], [ -42.44760362, -21.832597523 ], [ -42.439625051, -21.8292246 ], [ -42.46897182, -21.798252465 ], [ -42.45972059, -21.78475642 ], [ -42.39562742, -21.761640691 ], [ -42.373579521, -21.745848809 ], [ -42.333462062, -21.745848809 ], [ -42.237080088, -21.697209475 ] ] ] } },
{ "type": "Feature", "properties": { "CD_MUN": "3301157", "NM_MUN": "Cardoso Moreira", "SIGLA_UF": "RJ", "AREA_KM2": 522.596 }, "geometry": { "type": "Polygon", "coordinates": [ [ [ -41.449453557, -21.3985851 ], [ -41.413719981, -21.437396418 ], [ -41.412762058, -21.465078388 ], [ -41.389892242, -21.478955964 ], [ -41.375095585, -21.499836179 ], [ -41.360110518, -21.544602665 ], [ -41.36524374, -21.557072098 ], [ -41.379001162, -21.560542219 ], [ -41.400818628, -21.582284764 ], [ -41.405682185, -21.605684847 ], [ -41.425383252, -21.611189223 ], [ -41.489979781, -21.674894816 ], [ -41.516702022, -21.636623456 ], [ -41.543797421, -21.616474267 ], [ -41.541433655, -21.560816349 ], [ -41.626952386, -21.595716481 ], [ -41.657021016, -21.479144137 ], [ -41.618872316, -21.472042766 ], [ -41.600276642, -21.481578169 ], [ -41.574665083, -21.446836399 ], [ -41.551054795, -21.429049628 ], [ -41.449453557, -21.3985851 ] ] ] } },
{ "type": "Feature", "properties": { "CD_MUN": "3301207", "NM_MUN": "Carmo", "SIGLA_UF": "RJ", "AREA_KM2": 305.749 }, "geometry": { "type": "Polygon", "coordinates": [ [ [ -42.45972059, -21.78475642 ], [ -42.46897025, -21.798312025 ], [ -42.461498788, -21.811725359 ], [ -42.439588714, -21.829326036 ], [ -42.44760362, -21.832597523 ], [ -42.43982806, -21.840752872 ], [ -42.453339278, -21.851481639 ], [ -42.430222892, -21.871196074 ], [ -42.439607879, -21.879439907 ], [ -42.457641986, -21.879075856 ], [ -42.51169182, -21.912084226 ], [ -42.53515438, -21.91020768 ], [ -42.548557421, -21.951143892 ], [ -42.558534268, -21.957419921 ], [ -42.547901582, -21.999633247 ], [ -42.69099386, -21.969320908 ], [ -42.688091705, -21.962884367 ], [ -42.698988296, -21.961378985 ], [ -42.677076733, -21.944678112 ], [ -42.663467705, -21.915461113 ], [ -42.670021837, -21.897979265 ], [ -42.663158317, -21.890727958 ], [ -42.665343627, -21.873250939 ], [ -42.45972059, -21.78475642 ] ] ] } },
{ "type": "Feature", "properties": { "CD_MUN": "3301306", "NM_MUN": "Casimiro de Abreu", "SIGLA_UF": "RJ", "AREA_KM2": 462.918 }, "geometry": { "type": "MultiPolygon", "coordinates": [ [ [ [ -41.982221645, -22.596485646 ], [ -41.983205612, -22.596894616 ], [ -41.98231512, -22.595854461 ], [ -41.982221645, -22.596485646 ] ] ], [ [ [ -42.223630793, -22.353278732 ], [ -42.204106343, -22.370705704 ], [ -42.215755518, -22.373682777 ], [ -42.215859519, -22.383289062 ], [ -42.207050939, -22.387196954 ], [ -42.219299943, -22.405908104 ], [ -42.204205236, -22.414009819 ], [ -42.201128636, -22.430481439 ], [ -42.182276054, -22.432646818 ], [ -42.170603283, -22.421538711 ], [ -42.161292757, -22.428563448 ], [ -42.1518815, -22.420708194 ], [ -42.144467428, -22.428034402 ], [ -42.137202515, -22.412651133 ], [ -42.125616098, -22.412687302 ], [ -42.11706139, -22.402160105 ], [ -42.096531726, -22.408196074 ], [ -42.105793196, -22.436669955 ], [ -42.06387332, -22.434622747 ], [ -42.063516774, -22.422772435 ], [ -42.014455944, -22.425877238 ], [ -42.026952252, -22.468428462 ], [ -41.990434367, -22.504549019 ], [ -41.979155929, -22.562459237 ], [ -41.989188761, -22.598516248 ], [ -41.996186742, -22.594200081 ], [ -41.995182132, -22.574855729 ], [ -42.004120322, -22.584939145 ], [ -42.010772196, -22.571807134 ], [ -42.020340785, -22.577946332 ], [ -42.020669647, -22.568966435 ], [ -42.029846019, -22.570891833 ], [ -42.034482071, -22.559790323 ], [ -42.041424061, -22.568946866 ], [ -42.062743267, -22.559965834 ], [ -42.061676773, -22.572937189 ], [ -42.072878573, -22.567497184 ], [ -42.080154181, -22.575098487 ], [ -42.09380678, -22.571421713 ], [ -42.093664458, -22.561806511 ], [ -42.124390438, -22.564646342 ], [ -42.121204838, -22.555007082 ], [ -42.13382375, -22.554821533 ], [ -42.131222129, -22.546439317 ], [ -42.138870038, -22.540125775 ], [ -42.147351372, -22.541052997 ], [ -42.141081345, -22.548639417 ], [ -42.151230519, -22.556728545 ], [ -42.154713066, -22.546197425 ], [ -42.176169805, -22.545552514 ], [ -42.186923268, -22.555491126 ], [ -42.213633849, -22.538548426 ], [ -42.250272655, -22.546418615 ], [ -42.265696893, -22.519763135 ], [ -42.261503896, -22.506668339 ], [ -42.270335413, -22.485748935 ], [ -42.304173771, -22.457314747 ], [ -42.29468641, -22.429974607 ], [ -42.269148604, -22.402530995 ], [ -42.288685402, -22.404679629 ], [ -42.293584518, -22.391481093 ], [ -42.257152579, -22.366472776 ], [ -42.222484559, -22.358752008 ], [ -42.223630793, -22.353278732 ] ] ] ] } },
{ "type": "Feature", "properties": { "CD_MUN": "3301405", "NM_MUN": "Conceição de Macabu", "SIGLA_UF": "RJ", "AREA_KM2": 338.26 }, "geometry": { "type": "Polygon", "coordinates": [ [ [ -41.886238363, -22.049630672 ], [ -41.867040517, -22.052259617 ], [ -41.847964231, -22.071355867 ], [ -41.83654987, -22.072060194 ], [ -41.814948465, -22.100692138 ], [ -41.779051574, -22.097334888 ], [ -41.768112263, -22.084324676 ], [ -41.740287507, -22.086536748 ], [ -41.702098688, -22.051198484 ], [ -41.6596893, -22.056066184 ], [ -41.66249811, -22.068482812 ], [ -41.682498969, -22.068098338 ], [ -41.716073205, -22.081679358 ], [ -41.693684818, -22.108309926 ], [ -41.771118505, -22.180881008 ], [ -41.82471725, -22.146012417 ], [ -41.819457243, -22.186392813 ], [ -41.839995295, -22.198778959 ], [ -41.85961077, -22.269772395 ], [ -41.878335212, -22.274884925 ], [ -41.896721049, -22.245287469 ], [ -41.906689342, -22.242539128 ], [ -41.901462802, -22.232321578 ], [ -41.916658095, -22.22919106 ], [ -41.917526414, -22.21175359 ], [ -41.906141238, -22.205702161 ], [ -41.901180409, -22.190168388 ], [ -41.912084574, -22.186193757 ], [ -41.911867515, -22.1704181 ], [ -41.951501805, -22.152384644 ], [ -41.967047826, -22.152917098 ], [ -41.974742146, -22.165213633 ], [ -41.973798328, -22.133612499 ], [ -41.957939681, -22.117645166 ], [ -41.962285679, -22.078449124 ], [ -41.941691731, -22.07038694 ], [ -41.936032901, -22.056872983 ], [ -41.908670152, -22.068268551 ], [ -41.886238363, -22.049630672 ] ] ] } },
{ "type": "Feature", "properties": { "CD_MUN": "3301504", "NM_MUN": "Cordeiro", "SIGLA_UF": "RJ", "AREA_KM2": 113.048 }, "geometry": { "type": "Polygon", "coordinates": [ [ [ -42.317983479, -21.996802712 ], [ -42.312897823, -22.031629706 ], [ -42.297977259, -22.029324568 ], [ -42.296289718, -22.040242469 ], [ -42.311430235, -22.057317981 ], [ -42.31193888, -22.069182625 ], [ -42.277574026, -22.092189314 ], [ -42.269325664, -22.088840233 ], [ -42.278829269, -22.095769238 ], [ -42.275891338, -22.108124324 ], [ -42.266446082, -22.105678903 ], [ -42.26466807, -22.121767969 ], [ -42.289992549, -22.112994905 ], [ -42.300563686, -22.121966669 ], [ -42.315950827, -22.109514268 ], [ -42.324248986, -22.11998309 ], [ -42.342739856, -22.124314657 ], [ -42.345619086, -22.105989071 ], [ -42.41467176, -22.037600476 ], [ -42.398946737, -22.026363726 ], [ -42.401953097, -22.019512724 ], [ -42.384197505, -21.999205612 ], [ -42.356177581, -22.008739441 ], [ -42.317983479, -21.996802712 ] ] ] } },
{ "type": "Feature", "properties": { "CD_MUN": "3301603", "NM_MUN": "Duas Barras", "SIGLA_UF": "RJ", "AREA_KM2": 379.619 }, "geometry": { "type": "Polygon", "coordinates": [ [ [ -42.53515438, -21.91020768 ], [ -42.509020968, -21.907481522 ], [ -42.398465621, -22.059912613 ], [ -42.346388696, -22.106757151 ], [ -42.375485162, -22.117179863 ], [ -42.387867013, -22.130140859 ], [ -42.396608663, -22.119690738 ], [ -42.427544945, -22.114195241 ], [ -42.439589886, -22.122623969 ], [ -42.467347468, -22.111304883 ], [ -42.471879499, -22.116402621 ], [ -42.465346647, -22.130648585 ], [ -42.52211427, -22.159947913 ], [ -42.543940328, -22.154495236 ], [ -42.557497204, -22.163647743 ], [ -42.573418262, -22.163494389 ], [ -42.577607003, -22.140466762 ], [ -42.617321494, -22.134275943 ], [ -42.607044424, -22.127048751 ], [ -42.603323793, -22.110670316 ], [ -42.591401892, -22.105898642 ], [ -42.604043476, -22.09728654 ], [ -42.605437246, -22.086846838 ], [ -42.573857024, -22.064267484 ], [ -42.579059303, -22.047559361 ], [ -42.56599951, -22.043235519 ], [ -42.563058911, -22.029388746 ], [ -42.576607033, -22.024984981 ], [ -42.571681313, -22.010181997 ], [ -42.560580219, -21.998533459 ], [ -42.547901582, -21.999633247 ], [ -42.558534268, -21.957419921 ], [ -42.548557421, -21.951143892 ], [ -42.53515438, -21.91020768 ] ] ] } },
{ "type": "Feature", "properties": { "CD_MUN": "3301702", "NM_MUN": "Duque de Caxias", "SIGLA_UF": "RJ", "AREA_KM2": 467.319 }, "geometry": { "type": "Polygon", "coordinates": [ [ [ -43.295395441, -22.475503645 ], [ -43.222388149, -22.521565675 ], [ -43.226515601, -22.529500442 ], [ -43.234252912, -22.522748006 ], [ -43.24600521, -22.527031552 ], [ -43.260794791, -22.561264107 ], [ -43.255487385, -22.573332648 ], [ -43.225010463, -22.563633127 ], [ -43.194193801, -22.623460359 ], [ -43.21744577, -22.652523151 ], [ -43.224844813, -22.674830878 ], [ -43.215347487, -22.690870708 ], [ -43.221626836, -22.724455098 ], [ -43.21224604, -22.73294398 ], [ -43.266939709, -22.762370767 ], [ -43.278629964, -22.780486309 ], [ -43.272831206, -22.809829053 ], [ -43.290173681, -22.810407794 ], [ -43.307025423, -22.800001811 ], [ -43.330914454, -22.802665843 ], [ -43.328400021, -22.730373573 ], [ -43.319784994, -22.709398378 ], [ -43.328570756, -22.695023737 ], [ -43.350185996, -22.697755816 ], [ -43.37087501, -22.673426183 ], [ -43.398141016, -22.661684766 ], [ -43.401708778, -22.652567631 ], [ -43.381902277, -22.62133096 ], [ -43.411254375, -22.610679225 ], [ -43.416724554, -22.595492183 ], [ -43.386465331, -22.572119548 ], [ -43.390416854, -22.558512751 ], [ -43.409969202, -22.545326144 ], [ -43.401307375, -22.541971234 ], [ -43.401428842, -22.533405488 ], [ -43.374966396, -22.520635195 ], [ -43.367383049, -22.526831125 ], [ -43.331965895, -22.519220556 ], [ -43.295395441, -22.475503645 ] ] ] } },
{ "type": "Feature", "properties": { "CD_MUN": "3301801", "NM_MUN": "Engenheiro Paulo de Frontin", "SIGLA_UF": "RJ", "AREA_KM2": 139.381 }, "geometry": { "type": "Polygon", "coordinates": [ [ [ -43.572072404, -22.461149793 ], [ -43.561821669, -22.500059291 ], [ -43.597446224, -22.568073652 ], [ -43.623640019, -22.539336585 ], [ -43.632467135, -22.538841037 ], [ -43.668171677, -22.547693419 ], [ -43.664336617, -22.55760403 ], [ -43.675388227, -22.569521238 ], [ -43.659074768, -22.580406677 ], [ -43.667333174, -22.586750916 ], [ -43.691691643, -22.57578905 ], [ -43.681482993, -22.55706204 ], [ -43.687299261, -22.551549905 ], [ -43.711898396, -22.563405326 ], [ -43.711509408, -22.549537468 ], [ -43.700164289, -22.53729586 ], [ -43.687861269, -22.458449506 ], [ -43.572072404, -22.461149793 ] ] ] } },
{ "type": "Feature", "properties": { "CD_MUN": "3301850", "NM_MUN": "Guapimirim", "SIGLA_UF": "RJ", "AREA_KM2": 358.443 }, "geometry": { "type": "Polygon", "coordinates": [ [ [ -42.928723017, -22.449139789 ], [ -42.918188647, -22.451006548 ], [ -42.922948487, -22.470095202 ], [ -42.907122848, -22.497238493 ], [ -42.88944999, -22.504858043 ], [ -42.888125517, -22.512157003 ], [ -42.898994487, -22.519138838 ], [ -42.865583496, -22.571624776 ], [ -42.907132691, -22.601193519 ], [ -42.910698331, -22.619299017 ], [ -42.899471825, -22.639339817 ], [ -42.911720049, -22.655566918 ], [ -42.911999676, -22.672344989 ], [ -42.94576408, -22.710293328 ], [ -42.974419164, -22.731614129 ], [ -42.993998809, -22.72744673 ], [ -43.006181845, -22.714588376 ], [ -43.014752219, -22.725490858 ], [ -43.025900875, -22.726120641 ], [ -43.035450913, -22.712219824 ], [ -43.032568134, -22.693760504 ], [ -43.039111046, -22.691975179 ], [ -43.00964647, -22.636053573 ], [ -43.017866533, -22.526308705 ], [ -43.028331814, -22.513711661 ], [ -43.027178231, -22.50043297 ], [ -43.062638403, -22.483435637 ], [ -43.040384059, -22.456426991 ], [ -43.016491168, -22.467101977 ], [ -42.999820983, -22.459674739 ], [ -42.970586445, -22.471172404 ], [ -42.928723017, -22.449139789 ] ] ] } },
{ "type": "Feature", "properties": { "CD_MUN": "3301876", "NM_MUN": "Iguaba Grande", "SIGLA_UF": "RJ", "AREA_KM2": 50.977 }, "geometry": { "type": "Polygon", "coordinates": [ [ [ -42.201241332, -22.78339895 ], [ -42.192725845, -22.789246598 ], [ -42.200328496, -22.795196568 ], [ -42.192429815, -22.821579232 ], [ -42.176658016, -22.827592455 ], [ -42.211668375, -22.877732414 ], [ -42.23065421, -22.872805703 ], [ -42.249254949, -22.848389891 ], [ -42.239493362, -22.840192423 ], [ -42.2538856, -22.791985203 ], [ -42.201241332, -22.78339895 ] ] ] } },
{ "type": "Feature", "properties": { "CD_MUN": "3301900", "NM_MUN": "Itaboraí", "SIGLA_UF": "RJ", "AREA_KM2": 429.961 }, "geometry": { "type": "MultiPolygon", "coordinates": [ [ [ [ -43.027279413, -22.743510349 ], [ -43.032734833, -22.742387425 ], [ -43.030727711, -22.740388427 ], [ -43.027279413, -22.743510349 ] ] ], [ [ [ -42.786564637, -22.637562 ], [ -42.747222037, -22.686532583 ], [ -42.745785048, -22.702967604 ], [ -42.761150609, -22.718285292 ], [ -42.763420942, -22.739303717 ], [ -42.803243, -22.735505073 ], [ -42.798722219, -22.755114921 ], [ -42.787643246, -22.755937417 ], [ -42.791224616, -22.771857862 ], [ -42.783253266, -22.777874592 ], [ -42.790042869, -22.787454077 ], [ -42.805198798, -22.789914478 ], [ -42.788359439, -22.803045237 ], [ -42.757647032, -22.796658157 ], [ -42.736303151, -22.806640884 ], [ -42.748629833, -22.822550994 ], [ -42.733205707, -22.840430516 ], [ -42.748895972, -22.852088127 ], [ -42.767290015, -22.842669917 ], [ -42.824301995, -22.859019823 ], [ -42.82985679, -22.868071935 ], [ -42.85739364, -22.877102622 ], [ -42.885940849, -22.867675175 ], [ -42.906129507, -22.816893453 ], [ -42.920138174, -22.819707784 ], [ -42.938690947, -22.802599076 ], [ -42.944046849, -22.769522811 ], [ -42.991155781, -22.749623029 ], [ -42.997084687, -22.734193175 ], [ -43.028899501, -22.741049463 ], [ -43.029161269, -22.726294692 ], [ -43.014752219, -22.725490858 ], [ -43.008702483, -22.71505964 ], [ -42.990998184, -22.728443582 ], [ -42.962602636, -22.725462103 ], [ -42.959823732, -22.715110197 ], [ -42.945996679, -22.710503006 ], [ -42.911999676, -22.672344989 ], [ -42.911720049, -22.655566918 ], [ -42.845186976, -22.636181226 ], [ -42.786564637, -22.637562 ] ] ] ] } },
{ "type": "Feature", "properties": { "CD_MUN": "3302007", "NM_MUN": "Itaguaí", "SIGLA_UF": "RJ", "AREA_KM2": 282.606 }, "geometry": { "type": "MultiPolygon", "coordinates": [ [ [ [ -43.835429526, -23.115039231 ], [ -43.836232377, -23.116470029 ], [ -43.836626854, -23.116340184 ], [ -43.835429526, -23.115039231 ] ] ], [ [ [ -43.666638943, -23.042578749 ], [ -43.66779709, -23.053058915 ], [ -43.792993538, -23.063938763 ], [ -43.706992034, -23.053083295 ], [ -43.666638943, -23.042578749 ] ] ], [ [ [ -43.875746491, -22.959011385 ], [ -43.876351372, -22.959242321 ], [ -43.876351372, -22.959167607 ], [ -43.875746491, -22.959011385 ] ] ], [ [ [ -43.863876026, -22.955458163 ], [ -43.863960025, -22.95571465 ], [ -43.864882544, -22.955536135 ], [ -43.863876026, -22.955458163 ] ] ], [ [ [ -43.858058841, -22.945490034 ], [ -43.857436138, -22.94574825 ], [ -43.85901138, -22.946222381 ], [ -43.858058841, -22.945490034 ] ] ], [ [ [ -43.859498178, -22.945252977 ], [ -43.859998513, -22.950242601 ], [ -43.855777588, -22.950452707 ], [ -43.857534753, -22.954864104 ], [ -43.863244827, -22.955685937 ], [ -43.859498178, -22.945252977 ] ] ], [ [ [ -43.865950079, -22.944443191 ], [ -43.864156499, -22.945136121 ], [ -43.866550541, -22.945620499 ], [ -43.865950079, -22.944443191 ] ] ], [ [ [ -43.854055222, -22.941661533 ], [ -43.85488349, -22.941910133 ], [ -43.85393694, -22.941168892 ], [ -43.854055222, -22.941661533 ] ] ], [ [ [ -43.865028325, -22.924584122 ], [ -43.863513657, -22.925346464 ], [ -43.866177895, -22.925475531 ], [ -43.865028325, -22.924584122 ] ] ], [ [ [ -43.87740812, -22.925817568 ], [ -43.868926975, -22.930076063 ], [ -43.878117086, -22.939955701 ], [ -43.872608471, -22.946648012 ], [ -43.879994176, -22.950706034 ], [ -43.88246019, -22.924842887 ], [ -43.87740812, -22.925817568 ] ] ], [ [ [ -43.876210832, -22.923394915 ], [ -43.876265962, -22.924441481 ], [ -43.876742348, -22.924216661 ], [ -43.876210832, -22.923394915 ] ] ], [ [ [ -43.809312523, -22.922765703 ], [ -43.812979943, -22.926034728 ], [ -43.813194486, -22.924605713 ], [ -43.809312523, -22.922765703 ] ] ], [ [ [ -43.876648643, -22.922802659 ], [ -43.876944374, -22.9227173 ], [ -43.876591669, -22.922556302 ], [ -43.876648643, -22.922802659 ] ] ], [ [ [ -43.810958045, -22.919884679 ], [ -43.814294894, -22.920656156 ], [ -43.810679065, -22.919335746 ], [ -43.810958045, -22.919884679 ] ] ], [ [ [ -43.841179729, -22.907513094 ], [ -43.841347681, -22.907619454 ], [ -43.841358177, -22.907508259 ], [ -43.841179729, -22.907513094 ] ] ], [ [ [ -43.841137741, -22.907324546 ], [ -43.841274201, -22.907426072 ], [ -43.841263705, -22.907314877 ], [ -43.841137741, -22.907324546 ] ] ], [ [ [ -43.840576155, -22.907300374 ], [ -43.841090505, -22.90728587 ], [ -43.841090505, -22.907155336 ], [ -43.840576155, -22.907300374 ] ] ], [ [ [ -43.842428866, -22.906444654 ], [ -43.842602066, -22.906512338 ], [ -43.842528587, -22.906362466 ], [ -43.842428866, -22.906444654 ] ] ], [ [ [ -43.840056556, -22.906202925 ], [ -43.840308482, -22.90625127 ], [ -43.840088047, -22.906091729 ], [ -43.840056556, -22.906202925 ] ] ], [ [ [ -43.841608628, -22.906467618 ], [ -43.842228932, -22.906467618 ], [ -43.841548598, -22.906071333 ], [ -43.841608628, -22.906467618 ] ] ], [ [ [ -43.83914857, -22.905951525 ], [ -43.839442485, -22.905990202 ], [ -43.839164315, -22.905782314 ], [ -43.83914857, -22.905951525 ] ] ], [ [ [ -43.840166774, -22.906028879 ], [ -43.840670627, -22.906009541 ], [ -43.840135283, -22.905627607 ], [ -43.840166774, -22.906028879 ] ] ], [ [ [ -43.839851865, -22.905535749 ], [ -43.839998822, -22.905946691 ], [ -43.839962083, -22.905540583 ], [ -43.839851865, -22.905535749 ] ] ], [ [ [ -43.839400496, -22.905613102 ], [ -43.839647175, -22.905854833 ], [ -43.839783635, -22.905584095 ], [ -43.839400496, -22.905613102 ] ] ], [ [ [ -43.838707698, -22.905627607 ], [ -43.838922885, -22.905671118 ], [ -43.838996364, -22.905448725 ], [ -43.838707698, -22.905627607 ] ] ], [ [ [ -43.838628971, -22.905419718 ], [ -43.838681456, -22.905569591 ], [ -43.838749686, -22.905410048 ], [ -43.838628971, -22.905419718 ] ] ], [ [ [ -43.78164728, -22.693533577 ], [ -43.737528981, -22.707728526 ], [ -43.75271721, -22.731001985 ], [ -43.765753451, -22.730137976 ], [ -43.773709005, -22.754334105 ], [ -43.766160754, -22.757011248 ], [ -43.773320483, -22.758713779 ], [ -43.773322611, -22.769131156 ], [ -43.788833449, -22.771867589 ], [ -43.793510692, -22.791051585 ], [ -43.773966126, -22.8092573 ], [ -43.673724907, -22.864776552 ], [ -43.748227114, -22.877933194 ], [ -43.751619126, -22.888735837 ], [ -43.794807504, -22.903531402 ], [ -43.790747065, -22.914329251 ], [ -43.800867763, -22.916736599 ], [ -43.801436633, -22.924511632 ], [ -43.810222447, -22.917569004 ], [ -43.834631999, -22.931659613 ], [ -43.849357419, -22.931633559 ], [ -43.854348983, -22.918996485 ], [ -43.839026023, -22.911771912 ], [ -43.83737754, -22.903953788 ], [ -43.866298773, -22.903529519 ], [ -43.880642081, -22.915776674 ], [ -43.892066031, -22.882110118 ], [ -43.913256268, -22.884540145 ], [ -43.922422714, -22.894314785 ], [ -43.93605369, -22.892181665 ], [ -43.939562078, -22.878702674 ], [ -43.912454675, -22.849787725 ], [ -43.908255037, -22.831576734 ], [ -43.894450966, -22.830993374 ], [ -43.877709613, -22.810125496 ], [ -43.838100939, -22.798018549 ], [ -43.812451102, -22.771782444 ], [ -43.83868881, -22.758331868 ], [ -43.832606587, -22.729836621 ], [ -43.78164728, -22.693533577 ] ] ] ] } },
{ "type": "Feature", "properties": { "CD_MUN": "3302056", "NM_MUN": "Italva", "SIGLA_UF": "RJ", "AREA_KM2": 291.193 }, "geometry": { "type": "Polygon", "coordinates": [ [ [ -41.585071536, -21.317382906 ], [ -41.551054795, -21.429049628 ], [ -41.574665083, -21.446836399 ], [ -41.600276642, -21.481578169 ], [ -41.618872316, -21.472042766 ], [ -41.657021016, -21.479144137 ], [ -41.626952386, -21.595716481 ], [ -41.679471246, -21.516261684 ], [ -41.742727276, -21.464314036 ], [ -41.709961168, -21.456305422 ], [ -41.781183482, -21.400499461 ], [ -41.721337778, -21.367175149 ], [ -41.70367327, -21.373455501 ], [ -41.699824321, -21.361796987 ], [ -41.674114713, -21.346569797 ], [ -41.650282862, -21.358196922 ], [ -41.648021636, -21.346545079 ], [ -41.62136532, -21.357872795 ], [ -41.623531219, -21.341067391 ], [ -41.589027707, -21.326099642 ], [ -41.585071536, -21.317382906 ] ] ] } },
{ "type": "Feature", "properties": { "CD_MUN": "3302106", "NM_MUN": "Itaocara", "SIGLA_UF": "RJ", "AREA_KM2": 433.182 }, "geometry": { "type": "Polygon", "coordinates": [ [ [ -41.936738057, -21.596752941 ], [ -41.937100629, -21.741220121 ], [ -41.952973466, -21.728497152 ], [ -42.011606515, -21.744879938 ], [ -42.022754937, -21.755629244 ], [ -42.01365048, -21.772156383 ], [ -42.031478483, -21.765874921 ], [ -42.042552243, -21.7839537 ], [ -42.051058281, -21.778593346 ], [ -42.06323492, -21.790545321 ], [ -42.058315375, -21.80104369 ], [ -42.089379496, -21.8013717 ], [ -42.092189251, -21.813299328 ], [ -42.103099132, -21.809479517 ], [ -42.113269998, -21.8254597 ], [ -42.125414724, -21.823915962 ], [ -42.116329452, -21.837142967 ], [ -42.120413584, -21.850326006 ], [ -42.137271857, -21.83673402 ], [ -42.145862089, -21.842026067 ], [ -42.137889041, -21.85266185 ], [ -42.14221925, -21.858717739 ], [ -42.167249439, -21.858692901 ], [ -42.206901129, -21.783774994 ], [ -42.237080088, -21.697209475 ], [ -42.185607544, -21.681203366 ], [ -42.131968795, -21.704288857 ], [ -42.068773002, -21.655309803 ], [ -42.056454478, -21.636575099 ], [ -42.022059384, -21.628555812 ], [ -42.009325895, -21.639905844 ], [ -41.936738057, -21.596752941 ] ] ] } },
{ "type": "Feature", "properties": { "CD_MUN": "3302205", "NM_MUN": "Itaperuna", "SIGLA_UF": "RJ", "AREA_KM2": 1106.694 }, "geometry": { "type": "Polygon", "coordinates": [ [ [ -42.076754984, -21.033562044 ], [ -42.047356762, -21.038218692 ], [ -42.039753669, -21.075039566 ], [ -42.02278246, -21.073085439 ], [ -42.016203644, -21.081836099 ], [ -42.036056954, -21.113048827 ], [ -42.027143828, -21.133849748 ], [ -42.015418227, -21.133176734 ], [ -42.00991281, -21.122400336 ], [ -41.978153051, -21.121060556 ], [ -41.976645647, -21.133715092 ], [ -41.929783683, -21.156247255 ], [ -41.920979331, -21.13696061 ], [ -41.913351417, -21.136632273 ], [ -41.919204868, -21.130708106 ], [ -41.899667924, -21.13551899 ], [ -41.894296667, -21.117032327 ], [ -41.877357417, -21.116208975 ], [ -41.871617616, -21.10177139 ], [ -41.839140941, -21.081621063 ], [ -41.816110977, -21.103865639 ], [ -41.829863659, -21.121899443 ], [ -41.798806732, -21.12126824 ], [ -41.804244313, -21.142782092 ], [ -41.767051101, -21.150574036 ], [ -41.763935672, -21.176207993 ], [ -41.726147339, -21.170715736 ], [ -41.717297354, -21.196139739 ], [ -41.727667829, -21.221183595 ], [ -41.705596735, -21.219725948 ], [ -41.682123521, -21.257175661 ], [ -41.660895207, -21.245097188 ], [ -41.639487604, -21.245470271 ], [ -41.62957256, -21.254618214 ], [ -41.6379292, -21.261120125 ], [ -41.608548643, -21.277475008 ], [ -41.605746007, -21.292446299 ], [ -41.588132361, -21.303409555 ], [ -41.585736491, -21.320702454 ], [ -41.623531219, -21.341067391 ], [ -41.62136532, -21.357872795 ], [ -41.648021636, -21.346545079 ], [ -41.650282862, -21.358196922 ], [ -41.674114713, -21.346569797 ], [ -41.699824321, -21.361796987 ], [ -41.70367327, -21.373455501 ], [ -41.721337778, -21.367175149 ], [ -41.776707455, -21.40157815 ], [ -41.787803687, -21.399293091 ], [ -41.778704332, -21.390137072 ], [ -41.839353241, -21.288317905 ], [ -41.856342312, -21.302730361 ], [ -41.870491842, -21.304967238 ], [ -41.886071674, -21.295192145 ], [ -41.900021095, -21.303722075 ], [ -41.917736233, -21.295173836 ], [ -41.932272937, -21.312654456 ], [ -41.985029787, -21.312911101 ], [ -41.987900294, -21.322847695 ], [ -42.020995721, -21.328679894 ], [ -42.0485496, -21.35368526 ], [ -42.09444212, -21.349910098 ], [ -42.086445607, -21.327582249 ], [ -42.074867003, -21.319672437 ], [ -42.088830408, -21.30717179 ], [ -42.079119326, -21.299874155 ], [ -42.08043805, -21.274750287 ], [ -42.061344322, -21.267210258 ], [ -42.055973148, -21.2535818 ], [ -42.029890729, -21.245424778 ], [ -42.054642777, -21.234193288 ], [ -42.054163069, -21.226455905 ], [ -42.031996163, -21.214272044 ], [ -42.04242291, -21.192683906 ], [ -42.053110138, -21.192617494 ], [ -42.047237217, -21.180982421 ], [ -42.080246258, -21.177303593 ], [ -42.086837239, -21.195062356 ], [ -42.101935561, -21.183771375 ], [ -42.112014162, -21.214350612 ], [ -42.133673388, -21.181393756 ], [ -42.122249204, -21.167445409 ], [ -42.149458408, -21.16073512 ], [ -42.165431375, -21.174612509 ], [ -42.159574572, -21.159933869 ], [ -42.166750913, -21.158572188 ], [ -42.172529408, -21.176633799 ], [ -42.180938833, -21.177822786 ], [ -42.195965342, -21.157840657 ], [ -42.170647616, -21.128644411 ], [ -42.163688831, -21.100683053 ], [ -42.140215489, -21.103471993 ], [ -42.133309539, -21.080707469 ], [ -42.118894937, -21.075823079 ], [ -42.120175677, -21.067950295 ], [ -42.101504498, -21.048714085 ], [ -42.101065029, -21.034173921 ], [ -42.093330364, -21.03949778 ], [ -42.076754984, -21.033562044 ] ] ] } },
{ "type": "Feature", "properties": { "CD_MUN": "3302254", "NM_MUN": "Itatiaia", "SIGLA_UF": "RJ", "AREA_KM2": 241.035 }, "geometry": { "type": "Polygon", "coordinates": [ [ [ -44.588032203, -22.320350417 ], [ -44.563619192, -22.333177456 ], [ -44.545587884, -22.323678397 ], [ -44.541460446, -22.335905827 ], [ -44.549730715, -22.340760392 ], [ -44.549199064, -22.357389827 ], [ -44.562929966, -22.366216013 ], [ -44.574553133, -22.357656151 ], [ -44.584810289, -22.36042123 ], [ -44.611429525, -22.3809862 ], [ -44.626333465, -22.372762544 ], [ -44.599049198, -22.398540434 ], [ -44.48698224, -22.435970992 ], [ -44.478510515, -22.453777336 ], [ -44.487891266, -22.468767249 ], [ -44.512852928, -22.473008665 ], [ -44.51374849, -22.484866212 ], [ -44.567457167, -22.50774497 ], [ -44.578150745, -22.526036922 ], [ -44.563243515, -22.53182932 ], [ -44.598076727, -22.566046768 ], [ -44.615482331, -22.557370548 ], [ -44.626610124, -22.535386552 ], [ -44.620739904, -22.508885613 ], [ -44.662207051, -22.483618129 ], [ -44.646592963, -22.468963763 ], [ -44.650613323, -22.452486375 ], [ -44.63730193, -22.434917872 ], [ -44.650310801, -22.404377917 ], [ -44.662885829, -22.399757188 ], [ -44.659755228, -22.375039107 ], [ -44.642867396, -22.353118618 ], [ -44.627446124, -22.345944444 ], [ -44.622018576, -22.331947759 ], [ -44.588032203, -22.320350417 ] ] ] } },
{ "type": "Feature", "properties": { "CD_MUN": "3302270", "NM_MUN": "Japeri", "SIGLA_UF": "RJ", "AREA_KM2": 81.697 }, "geometry": { "type": "Polygon", "coordinates": [ [ [ -43.569111489, -22.613313917 ], [ -43.572652838, -22.63346489 ], [ -43.558156843, -22.637000668 ], [ -43.547000464, -22.655777156 ], [ -43.533986929, -22.654835433 ], [ -43.556867618, -22.677413577 ], [ -43.556009003, -22.689384688 ], [ -43.585871963, -22.693076616 ], [ -43.596795101, -22.685693515 ], [ -43.61004956, -22.692650543 ], [ -43.628420359, -22.722575314 ], [ -43.63870967, -22.720361949 ], [ -43.65244896, -22.680475428 ], [ -43.633512771, -22.660197626 ], [ -43.641031916, -22.650587186 ], [ -43.659959491, -22.660029653 ], [ -43.669348869, -22.655194588 ], [ -43.665083572, -22.622685508 ], [ -43.622729832, -22.642222147 ], [ -43.593443906, -22.620031458 ], [ -43.569111489, -22.613313917 ] ] ] } },
{ "type": "Feature", "properties": { "CD_MUN": "3302304", "NM_MUN": "Laje do Muriaé", "SIGLA_UF": "RJ", "AREA_KM2": 253.53 }, "geometry": { "type": "Polygon", "coordinates": [ [ [ -42.175722976, -21.178474008 ], [ -42.169978341, -21.159164002 ], [ -42.159593497, -21.159750902 ], [ -42.165431375, -21.174612509 ], [ -42.149458408, -21.16073512 ], [ -42.125001497, -21.165828359 ], [ -42.121998941, -21.171962661 ], [ -42.130203839, -21.170237762 ], [ -42.133673388, -21.181393756 ], [ -42.120264358, -21.195515736 ], [ -42.125001588, -21.20367735 ], [ -42.111809135, -21.214375499 ], [ -42.101935561, -21.183771375 ], [ -42.086837239, -21.195062356 ], [ -42.080246258, -21.177303593 ], [ -42.047237217, -21.180982421 ], [ -42.053110138, -21.192617494 ], [ -42.04242291, -21.192683906 ], [ -42.031996163, -21.214272044 ], [ -42.054163069, -21.226455905 ], [ -42.054642777, -21.234193288 ], [ -42.029890729, -21.245424778 ], [ -42.055973148, -21.2535818 ], [ -42.061344322, -21.267210258 ], [ -42.08043805, -21.274750287 ], [ -42.079119326, -21.299874155 ], [ -42.088830408, -21.30717179 ], [ -42.074867003, -21.319672437 ], [ -42.086445607, -21.327582249 ], [ -42.089961935, -21.34419708 ], [ -42.118111084, -21.334152263 ], [ -42.13210803, -21.317880669 ], [ -42.131763621, -21.307398473 ], [ -42.138549341, -21.312823261 ], [ -42.147520991, -21.305968695 ], [ -42.163125741, -21.31861402 ], [ -42.196474105, -21.315076889 ], [ -42.223255385, -21.338098364 ], [ -42.236986688, -21.324500072 ], [ -42.228209853, -21.281093035 ], [ -42.189724875, -21.250505956 ], [ -42.195036474, -21.239125498 ], [ -42.188092559, -21.230390804 ], [ -42.202934074, -21.220446234 ], [ -42.194433477, -21.201737387 ], [ -42.208074387, -21.178224714 ], [ -42.193468248, -21.158026514 ], [ -42.186001388, -21.175226157 ], [ -42.175722976, -21.178474008 ] ] ] } },
{ "type": "Feature", "properties": { "CD_MUN": "3302403", "NM_MUN": "Macaé", "SIGLA_UF": "RJ", "AREA_KM2": 1216.989 }, "geometry": { "type": "MultiPolygon", "coordinates": [ [ [ [ -41.717269309, -22.416926919 ], [ -41.712045275, -22.419705166 ], [ -41.713034405, -22.42199512 ], [ -41.717269309, -22.416926919 ] ] ], [ [ [ -41.800643533, -22.409724973 ], [ -41.800666419, -22.410253307 ], [ -41.800742714, -22.410272382 ], [ -41.800643533, -22.409724973 ] ] ], [ [ [ -41.702194498, -22.405239965 ], [ -41.697990834, -22.411127171 ], [ -41.70196756, -22.420782534 ], [ -41.71108851, -22.413563631 ], [ -41.702194498, -22.405239965 ] ] ], [ [ [ -41.690386152, -22.402946556 ], [ -41.690686209, -22.403601986 ], [ -41.691208408, -22.403133218 ], [ -41.690386152, -22.402946556 ] ] ], [ [ [ -41.689062401, -22.401906453 ], [ -41.687893186, -22.401379512 ], [ -41.687828442, -22.401718864 ], [ -41.689062401, -22.401906453 ] ] ], [ [ [ -41.686314303, -22.398956705 ], [ -41.685921087, -22.400508406 ], [ -41.68899009, -22.399810036 ], [ -41.686314303, -22.398956705 ] ] ], [ [ [ -41.697610053, -22.399706851 ], [ -41.690356296, -22.401511249 ], [ -41.695183315, -22.405412767 ], [ -41.697610053, -22.399706851 ] ] ], [ [ [ -41.765341253, -22.391252129 ], [ -41.766511949, -22.392096522 ], [ -41.766236285, -22.390645657 ], [ -41.765341253, -22.391252129 ] ] ], [ [ [ -41.764069563, -22.390591947 ], [ -41.76506165, -22.390462025 ], [ -41.764304814, -22.389804473 ], [ -41.764069563, -22.390591947 ] ] ], [ [ [ -41.758194056, -22.383313054 ], [ -41.759991949, -22.384048325 ], [ -41.759598298, -22.382742779 ], [ -41.758194056, -22.383313054 ] ] ], [ [ [ -41.97447053, -22.132579021 ], [ -41.974595571, -22.165354188 ], [ -41.967047826, -22.152917098 ], [ -41.951501805, -22.152384644 ], [ -41.933689297, -22.164118847 ], [ -41.919580108, -22.162672369 ], [ -41.919441665, -22.171340329 ], [ -41.908843684, -22.174814823 ], [ -41.912084574, -22.186193757 ], [ -41.901180409, -22.190168388 ], [ -41.906141238, -22.205702161 ], [ -41.917526414, -22.21175359 ], [ -41.916658095, -22.22919106 ], [ -41.901462802, -22.232321578 ], [ -41.906799551, -22.242324366 ], [ -41.896721049, -22.245287469 ], [ -41.882636938, -22.272624315 ], [ -41.85961077, -22.269772395 ], [ -41.839995295, -22.198778959 ], [ -41.819457243, -22.186392813 ], [ -41.82471725, -22.146012417 ], [ -41.771118505, -22.180881008 ], [ -41.704322547, -22.25220931 ], [ -41.708205724, -22.267515576 ], [ -41.689116141, -22.300029046 ], [ -41.770660011, -22.359990857 ], [ -41.777137367, -22.372094891 ], [ -41.765555947, -22.376985334 ], [ -41.767936317, -22.390861294 ], [ -41.81779025, -22.417031018 ], [ -41.82806343, -22.408269111 ], [ -41.879287028, -22.417874457 ], [ -41.906909747, -22.40001686 ], [ -41.937884548, -22.394637924 ], [ -41.937014769, -22.376750791 ], [ -41.94679062, -22.389425989 ], [ -41.997362532, -22.400295772 ], [ -42.023788838, -22.38794392 ], [ -42.063131653, -22.419517398 ], [ -42.067711835, -22.435474566 ], [ -42.074154023, -22.43043222 ], [ -42.086262098, -22.439141843 ], [ -42.106302227, -22.436349018 ], [ -42.096531726, -22.408196074 ], [ -42.116961236, -22.402163823 ], [ -42.125616098, -22.412687302 ], [ -42.137202515, -22.412651133 ], [ -42.144467428, -22.428034402 ], [ -42.1518815, -22.420708194 ], [ -42.161457655, -22.428575735 ], [ -42.170837494, -22.421574949 ], [ -42.182276054, -22.432646818 ], [ -42.202832918, -22.429667558 ], [ -42.204205236, -22.414009819 ], [ -42.219299943, -22.405908104 ], [ -42.207050939, -22.387196954 ], [ -42.215859519, -22.383289062 ], [ -42.215755518, -22.373682777 ], [ -42.204110285, -22.370838641 ], [ -42.215607116, -22.341657114 ], [ -42.264172834, -22.315549511 ], [ -42.251892235, -22.309470538 ], [ -42.24900869, -22.295243592 ], [ -42.232947899, -22.288121232 ], [ -42.197620166, -22.246646627 ], [ -42.183361416, -22.244508513 ], [ -42.158978038, -22.215068327 ], [ -42.093345939, -22.202666259 ], [ -42.09680118, -22.183148995 ], [ -42.087779766, -22.170465654 ], [ -42.027200135, -22.157955365 ], [ -41.984190876, -22.128450329 ], [ -41.97447053, -22.132579021 ] ] ] ] } },
{ "type": "Feature", "properties": { "CD_MUN": "3302452", "NM_MUN": "Macuco", "SIGLA_UF": "RJ", "AREA_KM2": 78.364 }, "geometry": { "type": "Polygon", "coordinates": [ [ [ -42.250565512, -21.976803928 ], [ -42.225289575, -21.981910038 ], [ -42.219472016, -22.009926966 ], [ -42.233020345, -22.029399009 ], [ -42.241112745, -22.0236989 ], [ -42.25101222, -22.028435731 ], [ -42.240109584, -22.034589561 ], [ -42.260436783, -22.045931051 ], [ -42.26107856, -22.06479727 ], [ -42.270128586, -22.068933481 ], [ -42.267697072, -22.088761228 ], [ -42.277381849, -22.092258293 ], [ -42.31193888, -22.069182625 ], [ -42.311430235, -22.057317981 ], [ -42.296291293, -22.040222754 ], [ -42.297977259, -22.029324568 ], [ -42.312897823, -22.031629706 ], [ -42.317983479, -21.996802712 ], [ -42.30924005, -21.981290608 ], [ -42.300052252, -21.98228917 ], [ -42.300195572, -21.974260073 ], [ -42.257343624, -21.989910654 ], [ -42.250565512, -21.976803928 ] ] ] } },
{ "type": "Feature", "properties": { "CD_MUN": "3302502", "NM_MUN": "Magé", "SIGLA_UF": "RJ", "AREA_KM2": 390.775 }, "geometry": { "type": "MultiPolygon", "coordinates": [ [ [ [ -43.181399171, -22.726019607 ], [ -43.180811719, -22.725984838 ], [ -43.180875015, -22.72637515 ], [ -43.181399171, -22.726019607 ] ] ], [ [ [ -43.064314377, -22.694650774 ], [ -43.063536612, -22.694506935 ], [ -43.06349764, -22.694677348 ], [ -43.064314377, -22.694650774 ] ] ], [ [ [ -43.105234467, -22.692396623 ], [ -43.104870634, -22.691973552 ], [ -43.104783242, -22.692383123 ], [ -43.105234467, -22.692396623 ] ] ], [ [ [ -43.060476348, -22.689454753 ], [ -43.061244203, -22.690941397 ], [ -43.061963959, -22.690715415 ], [ -43.060476348, -22.689454753 ] ] ], [ [ [ -43.061547023, -22.485765862 ], [ -43.027178231, -22.50043297 ], [ -43.028331814, -22.513711661 ], [ -43.017866533, -22.526308705 ], [ -43.00964647, -22.636053573 ], [ -43.039428301, -22.693609297 ], [ -43.051349645, -22.692736968 ], [ -43.054688867, -22.684707845 ], [ -43.067057957, -22.688817656 ], [ -43.084640878, -22.676958566 ], [ -43.115739596, -22.696376493 ], [ -43.127733759, -22.715018107 ], [ -43.151794011, -22.708001502 ], [ -43.220087383, -22.725933784 ], [ -43.215347487, -22.690870708 ], [ -43.224844813, -22.674830878 ], [ -43.21744577, -22.652523151 ], [ -43.194193801, -22.623460359 ], [ -43.225292174, -22.56374442 ], [ -43.122800249, -22.531012137 ], [ -43.108043662, -22.53374561 ], [ -43.076323477, -22.510981836 ], [ -43.070630159, -22.500533274 ], [ -43.079675683, -22.487407793 ], [ -43.061547023, -22.485765862 ] ] ] ] } },
{ "type": "Feature", "properties": { "CD_MUN": "3302601", "NM_MUN": "Mangaratiba", "SIGLA_UF": "RJ", "AREA_KM2": 367.606 }, "geometry": { "type": "MultiPolygon", "coordinates": [ [ [ [ -44.010451422, -23.086165446 ], [ -44.012149067, -23.086393827 ], [ -44.010562725, -23.085356966 ], [ -44.010451422, -23.086165446 ] ] ], [ [ [ -44.136850755, -23.040415632 ], [ -44.139166907, -23.043760749 ], [ -44.1395716, -23.04294106 ], [ -44.136850755, -23.040415632 ] ] ], [ [ [ -44.112335026, -23.03812879 ], [ -44.111573741, -23.038374211 ], [ -44.111812657, -23.038780093 ], [ -44.112335026, -23.03812879 ] ] ], [ [ [ -44.162077158, -23.040059568 ], [ -44.158114173, -23.040939456 ], [ -44.159033355, -23.042008373 ], [ -44.162077158, -23.040059568 ] ] ], [ [ [ -44.112230255, -23.036864508 ], [ -44.113045164, -23.037039218 ], [ -44.112653767, -23.036323274 ], [ -44.112230255, -23.036864508 ] ] ], [ [ [ -44.12321361, -23.039733835 ], [ -44.130952756, -23.039482222 ], [ -44.129780771, -23.036012124 ], [ -44.12321361, -23.039733835 ] ] ], [ [ [ -44.110287298, -23.025516673 ], [ -44.1104792, -23.025967409 ], [ -44.110792471, -23.025753661 ], [ -44.110287298, -23.025516673 ] ] ], [ [ [ -44.110233497, -23.024656836 ], [ -44.110533259, -23.024840758 ], [ -44.110537801, -23.024665197 ], [ -44.110233497, -23.024656836 ] ] ], [ [ [ -44.108771022, -23.023310861 ], [ -44.10901174, -23.023482244 ], [ -44.108975405, -23.023277419 ], [ -44.108771022, -23.023310861 ] ] ], [ [ [ -43.954921729, -23.02345161 ], [ -43.950964234, -23.024420737 ], [ -43.952276976, -23.02610062 ], [ -43.954921729, -23.02345161 ] ] ], [ [ [ -44.109489589, -23.022502716 ], [ -44.110972839, -23.023169301 ], [ -44.109803106, -23.022119141 ], [ -44.109489589, -23.022502716 ] ] ], [ [ [ -43.854662972, -23.049959751 ], [ -43.792993538, -23.063938763 ], [ -43.954296548, -23.086955807 ], [ -43.987997467, -23.102400381 ], [ -44.006464953, -23.096475378 ], [ -44.012044864, -23.079738741 ], [ -43.97372209, -23.045504075 ], [ -43.954433535, -23.040926392 ], [ -43.933390889, -23.05716498 ], [ -43.89946681, -23.068795596 ], [ -43.882322757, -23.066996296 ], [ -43.881018394, -23.042102751 ], [ -43.908802051, -23.026195317 ], [ -43.912917734, -23.020876072 ], [ -43.854662972, -23.049959751 ] ] ], [ [ [ -43.946032041, -23.020789113 ], [ -43.944955044, -23.024226858 ], [ -43.94772624, -23.024629277 ], [ -43.946032041, -23.020789113 ] ] ], [ [ [ -43.944134151, -23.018482329 ], [ -43.943476033, -23.019136023 ], [ -43.94460343, -23.019291844 ], [ -43.944134151, -23.018482329 ] ] ], [ [ [ -43.939787079, -23.016153831 ], [ -43.94074939, -23.016641768 ], [ -43.940596677, -23.016144626 ], [ -43.939787079, -23.016153831 ] ] ], [ [ [ -43.940502176, -23.015146572 ], [ -43.940610847, -23.015416335 ], [ -43.940852278, -23.015204849 ], [ -43.940502176, -23.015146572 ] ] ], [ [ [ -43.965417471, -23.015023566 ], [ -43.965582745, -23.015418469 ], [ -43.966094405, -23.015352145 ], [ -43.965417471, -23.015023566 ] ] ], [ [ [ -43.964408363, -23.012808835 ], [ -43.965466455, -23.013266853 ], [ -43.964497783, -23.01267846 ], [ -43.964408363, -23.012808835 ] ] ], [ [ [ -43.929935669, -23.012769659 ], [ -43.930495725, -23.012716766 ], [ -43.930431482, -23.011925641 ], [ -43.929935669, -23.012769659 ] ] ], [ [ [ -44.07697082, -23.011724312 ], [ -44.076764175, -23.01198408 ], [ -44.077333233, -23.012167922 ], [ -44.07697082, -23.011724312 ] ] ], [ [ [ -43.925029132, -23.007378257 ], [ -43.925234527, -23.007761184 ], [ -43.925409589, -23.007604169 ], [ -43.925029132, -23.007378257 ] ] ], [ [ [ -43.955053958, -23.005895094 ], [ -43.949131591, -23.006007895 ], [ -43.952550777, -23.009897937 ], [ -43.955053958, -23.005895094 ] ] ], [ [ [ -43.948297325, -23.004243798 ], [ -43.948689045, -23.004577813 ], [ -43.948376225, -23.004050196 ], [ -43.948297325, -23.004243798 ] ] ], [ [ [ -43.94532986, -23.003827344 ], [ -43.944964519, -23.004477136 ], [ -43.945463279, -23.004063223 ], [ -43.94532986, -23.003827344 ] ] ], [ [ [ -43.94331982, -23.00357076 ], [ -43.943506712, -23.003999995 ], [ -43.943780987, -23.004106646 ], [ -43.94331982, -23.00357076 ] ] ], [ [ [ -43.947162002, -23.003769403 ], [ -43.946227638, -23.004265688 ], [ -43.947309268, -23.004676181 ], [ -43.947162002, -23.003769403 ] ] ], [ [ [ -43.948142122, -23.00370972 ], [ -43.947600812, -23.003512067 ], [ -43.94764084, -23.003910279 ], [ -43.948142122, -23.00370972 ] ] ], [ [ [ -43.951903333, -23.001109034 ], [ -43.954814442, -23.002382713 ], [ -43.952373323, -23.000754439 ], [ -43.951903333, -23.001109034 ] ] ], [ [ [ -43.912956457, -22.996271858 ], [ -43.912480347, -22.996939499 ], [ -43.913204947, -22.997030607 ], [ -43.912956457, -22.996271858 ] ] ], [ [ [ -44.05315193, -23.007118214 ], [ -44.029020581, -22.99853693 ], [ -44.030593295, -23.008252129 ], [ -44.05315193, -23.007118214 ] ] ], [ [ [ -43.916216939, -22.994718399 ], [ -43.915956215, -22.995455931 ], [ -43.916766934, -22.995313185 ], [ -43.916216939, -22.994718399 ] ] ], [ [ [ -43.911990402, -22.991968811 ], [ -43.910283756, -22.995199126 ], [ -43.913475386, -22.995413129 ], [ -43.911990402, -22.991968811 ] ] ], [ [ [ -43.916857941, -22.991085341 ], [ -43.930456423, -23.011789324 ], [ -43.935454471, -23.015082082 ], [ -43.937401005, -22.998678258 ], [ -43.927464233, -22.988897003 ], [ -43.916857941, -22.991085341 ] ] ], [ [ [ -44.042504619, -22.986514969 ], [ -44.041292741, -22.990759455 ], [ -44.044906462, -22.98860419 ], [ -44.042504619, -22.986514969 ] ] ], [ [ [ -43.922263055, -22.985621143 ], [ -43.91926987, -22.98741983 ], [ -43.922950364, -22.988132279 ], [ -43.922263055, -22.985621143 ] ] ], [ [ [ -43.92410371, -22.982796107 ], [ -43.922738634, -22.983158295 ], [ -43.923854491, -22.984170386 ], [ -43.92410371, -22.982796107 ] ] ], [ [ [ -43.934967598, -22.981887147 ], [ -43.935332804, -22.981107199 ], [ -43.934711658, -22.981250422 ], [ -43.934967598, -22.981887147 ] ] ], [ [ [ -43.91475333, -22.980126489 ], [ -43.910103867, -22.983481186 ], [ -43.915094016, -22.98255872 ], [ -43.91475333, -22.980126489 ] ] ], [ [ [ -43.916971208, -22.978304853 ], [ -43.91606218, -22.978554091 ], [ -43.917154679, -22.978960781 ], [ -43.916971208, -22.978304853 ] ] ], [ [ [ -44.006788659, -22.96524853 ], [ -44.007059131, -22.965300181 ], [ -44.006733849, -22.964954554 ], [ -44.006788659, -22.96524853 ] ] ], [ [ [ -44.006010128, -22.964415923 ], [ -44.006349206, -22.964545455 ], [ -44.006248204, -22.96430632 ], [ -44.006010128, -22.964415923 ] ] ], [ [ [ -43.999734095, -22.962325601 ], [ -44.000657773, -22.961871162 ], [ -43.999560174, -22.961728504 ], [ -43.999734095, -22.962325601 ] ] ], [ [ [ -43.910991691, -22.961505217 ], [ -43.912251915, -22.96105383 ], [ -43.91110683, -22.96025037 ], [ -43.910991691, -22.961505217 ] ] ], [ [ [ -43.998078657, -22.960031634 ], [ -43.998406185, -22.960165699 ], [ -43.998368369, -22.960039252 ], [ -43.998078657, -22.960031634 ] ] ], [ [ [ -43.950416739, -22.959396066 ], [ -43.947006046, -22.961094382 ], [ -43.951934213, -22.96008375 ], [ -43.950416739, -22.959396066 ] ] ], [ [ [ -43.872876688, -22.958463281 ], [ -43.873957868, -22.958248729 ], [ -43.872263112, -22.957684295 ], [ -43.872876688, -22.958463281 ] ] ], [ [ [ -43.928820922, -22.948023794 ], [ -43.927301963, -22.94783588 ], [ -43.929010325, -22.948885916 ], [ -43.928820922, -22.948023794 ] ] ], [ [ [ -44.007887103, -22.947079836 ], [ -44.009315278, -22.94757531 ], [ -44.008874041, -22.946820101 ], [ -44.007887103, -22.947079836 ] ] ], [ [ [ -43.922599465, -22.945158061 ], [ -43.923050016, -22.944253368 ], [ -43.922178127, -22.944317437 ], [ -43.922599465, -22.945158061 ] ] ], [ [ [ -43.967448048, -22.94371673 ], [ -43.965566042, -22.943514358 ], [ -43.967165189, -22.945581793 ], [ -43.967448048, -22.94371673 ] ] ], [ [ [ -43.961745176, -22.944314659 ], [ -43.963691894, -22.943766029 ], [ -43.961263993, -22.943248643 ], [ -43.961745176, -22.944314659 ] ] ], [ [ [ -43.920999265, -22.942027904 ], [ -43.91625009, -22.942724094 ], [ -43.920837379, -22.94470913 ], [ -43.920999265, -22.942027904 ] ] ], [ [ [ -43.959598756, -22.933229879 ], [ -43.959975332, -22.933388568 ], [ -43.959688311, -22.93306595 ], [ -43.959598756, -22.933229879 ] ] ], [ [ [ -43.960701649, -22.932664213 ], [ -43.961051129, -22.932758495 ], [ -43.960789902, -22.932527667 ], [ -43.960701649, -22.932664213 ] ] ], [ [ [ -43.88814583, -22.926984364 ], [ -43.887366178, -22.927830324 ], [ -43.888004703, -22.928012319 ], [ -43.88814583, -22.926984364 ] ] ], [ [ [ -43.882454391, -22.92490212 ], [ -43.882223756, -22.948741428 ], [ -43.897086588, -22.958674255 ], [ -43.90989557, -22.956434209 ], [ -43.905338145, -22.949112449 ], [ -43.912325126, -22.935115531 ], [ -43.89353737, -22.934088246 ], [ -43.882454391, -22.92490212 ] ] ], [ [ [ -43.990491464, -22.843470021 ], [ -43.974181904, -22.854524129 ], [ -43.980411377, -22.865956807 ], [ -43.964872248, -22.886352272 ], [ -43.938972159, -22.881190616 ], [ -43.93605369, -22.892181665 ], [ -43.927242263, -22.894497946 ], [ -43.913256268, -22.884540145 ], [ -43.88732245, -22.884129354 ], [ -43.881959427, -22.920906356 ], [ -43.910480569, -22.931043092 ], [ -43.950395154, -22.926895589 ], [ -43.981947725, -22.932675396 ], [ -44.012283949, -22.945926522 ], [ -44.021333388, -22.962648382 ], [ -44.030524477, -22.964268861 ], [ -44.032629073, -22.981059796 ], [ -44.042940285, -22.984531284 ], [ -44.055920269, -22.980828809 ], [ -44.039832398, -22.95078758 ], [ -44.05377475, -22.942293359 ], [ -44.079318071, -22.956700636 ], [ -44.075649899, -22.972979117 ], [ -44.082580323, -22.992990534 ], [ -44.096100428, -22.995611202 ], [ -44.095940894, -23.004857575 ], [ -44.113345687, -23.023203432 ], [ -44.152606312, -23.041017759 ], [ -44.165660117, -23.033936808 ], [ -44.163240336, -23.008281398 ], [ -44.193107697, -22.928103317 ], [ -44.174597817, -22.927711197 ], [ -44.16782708, -22.906689729 ], [ -44.124707421, -22.874996798 ], [ -44.117516459, -22.860810056 ], [ -44.088468937, -22.88364315 ], [ -44.051514903, -22.877705565 ], [ -44.041582277, -22.883233617 ], [ -43.990491464, -22.843470021 ] ] ] ] } },
{ "type": "Feature", "properties": { "CD_MUN": "3302700", "NM_MUN": "Maricá", "SIGLA_UF": "RJ", "AREA_KM2": 361.572 }, "geometry": { "type": "MultiPolygon", "coordinates": [ [ [ [ -42.929360373, -23.024928089 ], [ -42.929072571, -23.025182334 ], [ -42.929314487, -23.025228502 ], [ -42.929360373, -23.024928089 ] ] ], [ [ [ -42.928159608, -23.022154525 ], [ -42.926313412, -23.022993106 ], [ -42.928962898, -23.024278973 ], [ -42.928159608, -23.022154525 ] ] ], [ [ [ -42.921763343, -23.013869982 ], [ -42.912878804, -23.008498396 ], [ -42.923895511, -23.018638143 ], [ -42.921763343, -23.013869982 ] ] ], [ [ [ -42.906903863, -23.005575355 ], [ -42.907698643, -23.00744641 ], [ -42.908787587, -23.007529281 ], [ -42.906903863, -23.005575355 ] ] ], [ [ [ -42.907712198, -23.004688683 ], [ -42.907803633, -23.00575058 ], [ -42.909463701, -23.005996276 ], [ -42.907712198, -23.004688683 ] ] ], [ [ [ -42.691569387, -22.961762011 ], [ -42.692140073, -22.962156111 ], [ -42.692289877, -22.962057586 ], [ -42.691569387, -22.961762011 ] ] ], [ [ [ -42.732028667, -22.841799729 ], [ -42.716249851, -22.853678337 ], [ -42.700278928, -22.850149533 ], [ -42.696404884, -22.857259313 ], [ -42.659938297, -22.859011179 ], [ -42.677190053, -22.877726097 ], [ -42.673885641, -22.903648531 ], [ -42.679630305, -22.908794979 ], [ -42.646585465, -22.90786531 ], [ -42.634190905, -22.919736056 ], [ -42.641212391, -22.937537785 ], [ -42.680478651, -22.946157653 ], [ -42.689960911, -22.962103368 ], [ -42.700211871, -22.956928195 ], [ -42.727453877, -22.956181241 ], [ -42.91377991, -22.974776604 ], [ -42.994883881, -22.96939692 ], [ -43.011839537, -22.970658363 ], [ -43.013753873, -22.97677762 ], [ -43.023449432, -22.971234681 ], [ -43.01239983, -22.951438523 ], [ -42.954515791, -22.90886533 ], [ -42.955972429, -22.893803362 ], [ -42.885450967, -22.867466715 ], [ -42.85739364, -22.877102622 ], [ -42.794624597, -22.849004176 ], [ -42.767290015, -22.842669917 ], [ -42.748895972, -22.852088127 ], [ -42.732028667, -22.841799729 ] ] ] ] } },
{ "type": "Feature", "properties": { "CD_MUN": "3302809", "NM_MUN": "Mendes", "SIGLA_UF": "RJ", "AREA_KM2": 95.324 }, "geometry": { "type": "Polygon", "coordinates": [ [ [ -43.711598562, -22.457449884 ], [ -43.688434798, -22.463045356 ], [ -43.701784972, -22.542987186 ], [ -43.771471887, -22.595524306 ], [ -43.771823373, -22.606095766 ], [ -43.77626603, -22.566976744 ], [ -43.788142592, -22.550624406 ], [ -43.797622695, -22.551881076 ], [ -43.769919261, -22.517958946 ], [ -43.765776217, -22.45879334 ], [ -43.749876599, -22.462226548 ], [ -43.735612951, -22.483853894 ], [ -43.711598562, -22.457449884 ] ] ] } },
{ "type": "Feature", "properties": { "CD_MUN": "3302858", "NM_MUN": "Mesquita", "SIGLA_UF": "RJ", "AREA_KM2": 41.169 }, "geometry": { "type": "Polygon", "coordinates": [ [ [ -43.420149006, -22.767367004 ], [ -43.397142259, -22.777594541 ], [ -43.469388872, -22.840517876 ], [ -43.496319569, -22.813838845 ], [ -43.491645224, -22.802235083 ], [ -43.502394522, -22.79334893 ], [ -43.420149006, -22.767367004 ] ] ] } },
{ "type": "Feature", "properties": { "CD_MUN": "3302908", "NM_MUN": "Miguel Pereira", "SIGLA_UF": "RJ", "AREA_KM2": 287.933 }, "geometry": { "type": "Polygon", "coordinates": [ [ [ -43.491452723, -22.420000173 ], [ -43.438689678, -22.445633626 ], [ -43.434703095, -22.46057937 ], [ -43.440829492, -22.468783863 ], [ -43.430527326, -22.476228538 ], [ -43.356101425, -22.448683288 ], [ -43.320346505, -22.459006224 ], [ -43.298666138, -22.451102862 ], [ -43.28849843, -22.462297461 ], [ -43.297415772, -22.464295758 ], [ -43.299628711, -22.482349676 ], [ -43.331965895, -22.519220556 ], [ -43.367383049, -22.526831125 ], [ -43.374966396, -22.520635195 ], [ -43.389130452, -22.532298913 ], [ -43.419503211, -22.538052602 ], [ -43.445789246, -22.52601248 ], [ -43.4912514, -22.548495282 ], [ -43.510048157, -22.571832263 ], [ -43.541493974, -22.56517186 ], [ -43.550534895, -22.57344153 ], [ -43.559981279, -22.567146041 ], [ -43.560516962, -22.579279064 ], [ -43.580579349, -22.578976278 ], [ -43.621728402, -22.616598766 ], [ -43.628825177, -22.625724078 ], [ -43.622729832, -22.642222147 ], [ -43.660576156, -22.619648969 ], [ -43.601318165, -22.573226832 ], [ -43.561821669, -22.500059291 ], [ -43.554810531, -22.526479152 ], [ -43.53970014, -22.45107269 ], [ -43.531488108, -22.44240742 ], [ -43.517154791, -22.447364988 ], [ -43.503309079, -22.431654849 ], [ -43.508325019, -22.426613516 ], [ -43.491452723, -22.420000173 ] ] ] } },
{ "type": "Feature", "properties": { "CD_MUN": "3303005", "NM_MUN": "Miracema", "SIGLA_UF": "RJ", "AREA_KM2": 303.27 }, "geometry": { "type": "Polygon", "coordinates": [ [ [ -42.146372555, -21.30610827 ], [ -42.138549341, -21.312823261 ], [ -42.131763621, -21.307398473 ], [ -42.118687109, -21.33362899 ], [ -42.098441349, -21.338416049 ], [ -42.088236786, -21.352238635 ], [ -42.050184316, -21.354038803 ], [ -42.034643953, -21.343371387 ], [ -42.039697916, -21.366056434 ], [ -42.028615767, -21.376502867 ], [ -42.029971414, -21.390722095 ], [ -42.058593261, -21.434401363 ], [ -42.080629246, -21.45083105 ], [ -42.106893436, -21.452683347 ], [ -42.126182318, -21.473951486 ], [ -42.202299044, -21.46861811 ], [ -42.275375943, -21.427472204 ], [ -42.277964827, -21.409119184 ], [ -42.270674989, -21.400851862 ], [ -42.260077288, -21.409731972 ], [ -42.237519226, -21.402162463 ], [ -42.237276168, -21.392822103 ], [ -42.251975367, -21.387197055 ], [ -42.230024234, -21.366494531 ], [ -42.235758818, -21.343101999 ], [ -42.19713474, -21.315299997 ], [ -42.162499663, -21.318523141 ], [ -42.146372555, -21.30610827 ] ] ] } },
{ "type": "Feature", "properties": { "CD_MUN": "3303104", "NM_MUN": "Natividade", "SIGLA_UF": "RJ", "AREA_KM2": 387.073 }, "geometry": { "type": "Polygon", "coordinates": [ [ [ -41.911595667, -20.93095598 ], [ -41.918127587, -20.948242705 ], [ -41.89440784, -20.97328915 ], [ -41.866959369, -20.972850227 ], [ -41.854483877, -20.951189463 ], [ -41.837421153, -20.957053952 ], [ -41.831362144, -20.951391484 ], [ -41.811064214, -20.964927321 ], [ -41.817609781, -20.97484167 ], [ -41.801102192, -20.985593274 ], [ -41.807315591, -21.010504396 ], [ -41.837704618, -21.055679335 ], [ -41.850543729, -21.061940014 ], [ -41.839869733, -21.08299736 ], [ -41.871617616, -21.10177139 ], [ -41.877357417, -21.116208975 ], [ -41.894296667, -21.117032327 ], [ -41.899667924, -21.13551899 ], [ -41.919204868, -21.130708106 ], [ -41.913351417, -21.136632273 ], [ -41.920979331, -21.13696061 ], [ -41.929783683, -21.156247255 ], [ -41.976645647, -21.133715092 ], [ -41.978153051, -21.121060556 ], [ -42.00991281, -21.122400336 ], [ -42.023877995, -21.136095823 ], [ -42.036056954, -21.113048827 ], [ -42.016203644, -21.081836099 ], [ -42.02278246, -21.073085439 ], [ -42.039753669, -21.075039566 ], [ -42.047356762, -21.038218692 ], [ -42.077072191, -21.033478618 ], [ -42.084809368, -21.022989922 ], [ -42.070542747, -21.028779296 ], [ -42.003800334, -21.013335158 ], [ -41.99882467, -20.965918196 ], [ -41.983413597, -20.957160196 ], [ -41.952955163, -20.957519086 ], [ -41.948265605, -20.938641769 ], [ -41.935906132, -20.945716883 ], [ -41.911595667, -20.93095598 ] ] ] } },
{ "type": "Feature", "properties": { "CD_MUN": "3303203", "NM_MUN": "Nilópolis", "SIGLA_UF": "RJ", "AREA_KM2": 19.393 }, "geometry": { "type": "Polygon", "coordinates": [ [ [ -43.410708015, -22.791674885 ], [ -43.39055594, -22.813820363 ], [ -43.415131418, -22.821359922 ], [ -43.42699044, -22.836880602 ], [ -43.458131408, -22.849037118 ], [ -43.469218021, -22.840410969 ], [ -43.428118551, -22.801380079 ], [ -43.410708015, -22.791674885 ] ] ] } },
{ "type": "Feature", "properties": { "CD_MUN": "3303302", "NM_MUN": "Niterói", "SIGLA_UF": "RJ", "AREA_KM2": 133.757 }, "geometry": { "type": "MultiPolygon", "coordinates": [ [ [ [ -43.084149685, -22.985732915 ], [ -43.083880341, -22.989038939 ], [ -43.088868021, -22.988020794 ], [ -43.084149685, -22.985732915 ] ] ], [ [ [ -43.067658528, -22.982868521 ], [ -43.063093587, -22.984269811 ], [ -43.068407358, -22.986065905 ], [ -43.067658528, -22.982868521 ] ] ], [ [ [ -43.052933321, -22.979448439 ], [ -43.054493111, -22.978290596 ], [ -43.053134889, -22.97719403 ], [ -43.052933321, -22.979448439 ] ] ], [ [ [ -43.102438414, -22.955110205 ], [ -43.105029143, -22.957621386 ], [ -43.105686207, -22.957080521 ], [ -43.102438414, -22.955110205 ] ] ], [ [ [ -43.115635149, -22.951744757 ], [ -43.115017369, -22.952350372 ], [ -43.11675866, -22.951940972 ], [ -43.115635149, -22.951744757 ] ] ], [ [ [ -43.101452847, -22.931072818 ], [ -43.102000366, -22.931320685 ], [ -43.101988273, -22.931052775 ], [ -43.101452847, -22.931072818 ] ] ], [ [ [ -43.125269997, -22.91009768 ], [ -43.125765084, -22.910039148 ], [ -43.125198079, -22.909970479 ], [ -43.125269997, -22.91009768 ] ] ], [ [ [ -43.131045008, -22.908833013 ], [ -43.13114344, -22.908998174 ], [ -43.131203799, -22.908893493 ], [ -43.131045008, -22.908833013 ] ] ], [ [ [ -43.12237662, -22.874216174 ], [ -43.120040415, -22.87725761 ], [ -43.125057653, -22.87459902 ], [ -43.12237662, -22.874216174 ] ] ], [ [ [ -43.133195892, -22.868022061 ], [ -43.131500191, -22.873678642 ], [ -43.135222507, -22.875539088 ], [ -43.137361784, -22.876081906 ], [ -43.138390919, -22.875632311 ], [ -43.133195892, -22.868022061 ] ] ], [ [ [ -43.128175671, -22.861543854 ], [ -43.128961251, -22.866244909 ], [ -43.13138619, -22.865891956 ], [ -43.128175671, -22.861543854 ] ] ], [ [ [ -43.122956069, -22.858724557 ], [ -43.118951724, -22.863681602 ], [ -43.126617845, -22.861900539 ], [ -43.122956069, -22.858724557 ] ] ], [ [ [ -43.10044475, -22.858588372 ], [ -43.028567908, -22.875683556 ], [ -43.008652079, -22.891605819 ], [ -42.990719583, -22.888191472 ], [ -42.983846163, -22.909214767 ], [ -42.960378264, -22.90104506 ], [ -42.953539913, -22.906874614 ], [ -43.021918274, -22.960527481 ], [ -43.023449432, -22.971234681 ], [ -43.014071637, -22.977095885 ], [ -43.027843225, -22.980891176 ], [ -43.039656401, -22.974492569 ], [ -43.051714566, -22.981818264 ], [ -43.04574471, -22.972485648 ], [ -43.051944836, -22.963631886 ], [ -43.110429696, -22.953649568 ], [ -43.120372943, -22.945448518 ], [ -43.117446824, -22.936735681 ], [ -43.135236138, -22.938184548 ], [ -43.12595324, -22.934298139 ], [ -43.123872869, -22.922886425 ], [ -43.111776786, -22.935373194 ], [ -43.102141381, -22.934504159 ], [ -43.095987845, -22.925977517 ], [ -43.096822154, -22.914845012 ], [ -43.111018318, -22.915331866 ], [ -43.116796356, -22.904364066 ], [ -43.130968868, -22.911309566 ], [ -43.130420415, -22.908519014 ], [ -43.137573915, -22.903308269 ], [ -43.124572162, -22.89457388 ], [ -43.134989748, -22.883340095 ], [ -43.131779963, -22.877458304 ], [ -43.114446847, -22.881309468 ], [ -43.116417604, -22.875297722 ], [ -43.125201587, -22.872323642 ], [ -43.11383918, -22.864540325 ], [ -43.11171149, -22.877508773 ], [ -43.110235002, -22.862431626 ], [ -43.10044475, -22.858588372 ] ] ], [ [ [ -43.116484034, -22.85383657 ], [ -43.11595657, -22.854542165 ], [ -43.117021637, -22.854468794 ], [ -43.116484034, -22.85383657 ] ] ] ] } },
{ "type": "Feature", "properties": { "CD_MUN": "3303401", "NM_MUN": "Nova Friburgo", "SIGLA_UF": "RJ", "AREA_KM2": 935.429 }, "geometry": { "type": "Polygon", "coordinates": [ [ [ -42.553283168, -22.159371787 ], [ -42.52334176, -22.158802177 ], [ -42.485674203, -22.193776833 ], [ -42.47177973, -22.211441769 ], [ -42.474541538, -22.224007109 ], [ -42.358642389, -22.301686958 ], [ -42.278115331, -22.292370575 ], [ -42.26567191, -22.307026732 ], [ -42.25088677, -22.306103193 ], [ -42.261726161, -22.320122677 ], [ -42.215732653, -22.341450356 ], [ -42.205324936, -22.369127819 ], [ -42.225755931, -22.351895112 ], [ -42.222484559, -22.358752008 ], [ -42.257152579, -22.366472776 ], [ -42.294173192, -22.392302486 ], [ -42.288685402, -22.404679629 ], [ -42.278652438, -22.403433353 ], [ -42.328633419, -22.428477462 ], [ -42.389568158, -22.420269712 ], [ -42.403521209, -22.42911744 ], [ -42.450970044, -22.433880996 ], [ -42.471234321, -22.44924774 ], [ -42.492811575, -22.435655554 ], [ -42.51190642, -22.434849958 ], [ -42.537576308, -22.45783431 ], [ -42.571202383, -22.448959585 ], [ -42.575682318, -22.440499484 ], [ -42.556231528, -22.423971053 ], [ -42.558255567, -22.401580343 ], [ -42.551075631, -22.386530482 ], [ -42.56475289, -22.359233801 ], [ -42.584604866, -22.355288137 ], [ -42.616161836, -22.385445366 ], [ -42.646831933, -22.395919448 ], [ -42.662071815, -22.385413953 ], [ -42.684152759, -22.393414466 ], [ -42.710485287, -22.378146318 ], [ -42.709746301, -22.362324742 ], [ -42.727681222, -22.355612595 ], [ -42.722395612, -22.352323957 ], [ -42.726653863, -22.335853451 ], [ -42.717739883, -22.328010604 ], [ -42.726142686, -22.316216639 ], [ -42.711008895, -22.287278736 ], [ -42.717988949, -22.278573208 ], [ -42.713992132, -22.266140296 ], [ -42.677585174, -22.242597933 ], [ -42.659396641, -22.209887278 ], [ -42.642730933, -22.210046551 ], [ -42.641770574, -22.187253895 ], [ -42.611448933, -22.196399234 ], [ -42.593457672, -22.178011617 ], [ -42.566063753, -22.179488028 ], [ -42.555369473, -22.173161447 ], [ -42.553283168, -22.159371787 ] ] ] } },
{ "type": "Feature", "properties": { "CD_MUN": "3303500", "NM_MUN": "Nova Iguaçu", "SIGLA_UF": "RJ", "AREA_KM2": 520.581 }, "geometry": { "type": "Polygon", "coordinates": [ [ [ -43.445789246, -22.52601248 ], [ -43.419503211, -22.538052602 ], [ -43.401432602, -22.532792078 ], [ -43.401307375, -22.541971234 ], [ -43.409969202, -22.545326144 ], [ -43.390416854, -22.558512751 ], [ -43.386465331, -22.572119548 ], [ -43.415947348, -22.599210593 ], [ -43.411254375, -22.610679225 ], [ -43.381902277, -22.62133096 ], [ -43.401708778, -22.652567631 ], [ -43.398542603, -22.661184813 ], [ -43.364397231, -22.680907887 ], [ -43.370302985, -22.694256317 ], [ -43.381364034, -22.68892671 ], [ -43.431560311, -22.702606151 ], [ -43.427226857, -22.715900598 ], [ -43.434084148, -22.724542472 ], [ -43.410744653, -22.768069156 ], [ -43.432261286, -22.76597625 ], [ -43.471723514, -22.788069594 ], [ -43.502394522, -22.79334893 ], [ -43.491972405, -22.801581865 ], [ -43.496319569, -22.813838845 ], [ -43.490062317, -22.815514928 ], [ -43.588465965, -22.838693115 ], [ -43.592943914, -22.860499291 ], [ -43.623480645, -22.862814087 ], [ -43.644130926, -22.855733432 ], [ -43.673480495, -22.864046178 ], [ -43.670258188, -22.852385929 ], [ -43.622662528, -22.826032397 ], [ -43.634797998, -22.783311168 ], [ -43.623783378, -22.782471122 ], [ -43.627247678, -22.772498357 ], [ -43.614071185, -22.749319585 ], [ -43.547529657, -22.758867929 ], [ -43.53541812, -22.751752843 ], [ -43.532280438, -22.738686497 ], [ -43.542204744, -22.736130592 ], [ -43.542528301, -22.714881812 ], [ -43.512186003, -22.691685831 ], [ -43.556343851, -22.678960418 ], [ -43.533986929, -22.654835433 ], [ -43.547000464, -22.655777156 ], [ -43.558156843, -22.637000668 ], [ -43.572652838, -22.63346489 ], [ -43.56907572, -22.609414329 ], [ -43.622729832, -22.642222147 ], [ -43.627545151, -22.62366194 ], [ -43.580579349, -22.578976278 ], [ -43.560516962, -22.579279064 ], [ -43.559981279, -22.567146041 ], [ -43.550534895, -22.57344153 ], [ -43.541493974, -22.56517186 ], [ -43.510048157, -22.571832263 ], [ -43.4912514, -22.548495282 ], [ -43.445789246, -22.52601248 ] ] ] } },
{ "type": "Feature", "properties": { "CD_MUN": "3303609", "NM_MUN": "Paracambi", "SIGLA_UF": "RJ", "AREA_KM2": 190.949 }, "geometry": { "type": "Polygon", "coordinates": [ [ [ -43.668171677, -22.547693419 ], [ -43.623640019, -22.539336585 ], [ -43.597446224, -22.568073652 ], [ -43.601318165, -22.573226832 ], [ -43.664279758, -22.621653784 ], [ -43.670782511, -22.652912003 ], [ -43.713108092, -22.641224517 ], [ -43.711160195, -22.647837941 ], [ -43.748004863, -22.685395376 ], [ -43.752965074, -22.700104422 ], [ -43.815347939, -22.687164864 ], [ -43.817612804, -22.666055786 ], [ -43.840739817, -22.64864795 ], [ -43.80264645, -22.629297294 ], [ -43.789139088, -22.612452024 ], [ -43.776792674, -22.611154634 ], [ -43.771471887, -22.595524306 ], [ -43.712442112, -22.549545129 ], [ -43.707727042, -22.564833153 ], [ -43.69087166, -22.551537271 ], [ -43.681754642, -22.555366786 ], [ -43.691691643, -22.57578905 ], [ -43.667333174, -22.586750916 ], [ -43.659074768, -22.580406677 ], [ -43.675388227, -22.569521238 ], [ -43.664336617, -22.55760403 ], [ -43.668171677, -22.547693419 ] ] ] } },
{ "type": "Feature", "properties": { "CD_MUN": "3303708", "NM_MUN": "Paraíba do Sul", "SIGLA_UF": "RJ", "AREA_KM2": 571.118 }, "geometry": { "type": "Polygon", "coordinates": [ [ [ -43.346666205, -22.006395553 ], [ -43.346051169, -22.05603677 ], [ -43.339693994, -22.049993172 ], [ -43.317207901, -22.06496845 ], [ -43.283338457, -22.066804968 ], [ -43.273291583, -22.076229545 ], [ -43.253854727, -22.056202491 ], [ -43.258820746, -22.103327968 ], [ -43.200747382, -22.177342353 ], [ -43.198392204, -22.200747022 ], [ -43.158992933, -22.193433746 ], [ -43.177290877, -22.264573249 ], [ -43.182721225, -22.296126231 ], [ -43.177313813, -22.299386993 ], [ -43.207363261, -22.298626031 ], [ -43.235419135, -22.311660387 ], [ -43.241979771, -22.303137381 ], [ -43.263309865, -22.320958903 ], [ -43.261321568, -22.333658277 ], [ -43.268229909, -22.333686961 ], [ -43.287773859, -22.370702979 ], [ -43.32539566, -22.278720079 ], [ -43.398842071, -22.221144347 ], [ -43.436993754, -22.059968673 ], [ -43.373452738, -22.024353676 ], [ -43.365014275, -22.010466661 ], [ -43.346666205, -22.006395553 ] ] ] } },
{ "type": "Feature", "properties": { "CD_MUN": "3303807", "NM_MUN": "Paraty", "SIGLA_UF": "RJ", "AREA_KM2": 924.296 }, "geometry": { "type": "MultiPolygon", "coordinates": [ [ [ [ -44.718217746, -23.357764894 ], [ -44.720903495, -23.358562511 ], [ -44.718545512, -23.356968982 ], [ -44.718217746, -23.357764894 ] ] ], [ [ [ -44.670506081, -23.35500662 ], [ -44.672861245, -23.355551235 ], [ -44.671217646, -23.354593663 ], [ -44.670506081, -23.35500662 ] ] ], [ [ [ -44.665548527, -23.351309316 ], [ -44.665780065, -23.350687632 ], [ -44.665331368, -23.350557295 ], [ -44.665548527, -23.351309316 ] ] ], [ [ [ -44.664823365, -23.349950437 ], [ -44.665037123, -23.350210417 ], [ -44.665106418, -23.350059532 ], [ -44.664823365, -23.349950437 ] ] ], [ [ [ -44.569560239, -23.348252987 ], [ -44.566536143, -23.347899316 ], [ -44.570450447, -23.352705325 ], [ -44.569560239, -23.348252987 ] ] ], [ [ [ -44.679469051, -23.342496339 ], [ -44.680744893, -23.342196885 ], [ -44.679442285, -23.341950693 ], [ -44.679469051, -23.342496339 ] ] ], [ [ [ -44.680687442, -23.341497275 ], [ -44.681437599, -23.341583036 ], [ -44.680898264, -23.341230221 ], [ -44.680687442, -23.341497275 ] ] ], [ [ [ -44.635964542, -23.279723079 ], [ -44.636509181, -23.280213029 ], [ -44.636655431, -23.279668025 ], [ -44.635964542, -23.279723079 ] ] ], [ [ [ -44.63096962, -23.272463912 ], [ -44.630406566, -23.274427162 ], [ -44.631907028, -23.273135222 ], [ -44.63096962, -23.272463912 ] ] ], [ [ [ -44.569813111, -23.265980278 ], [ -44.572046119, -23.266741823 ], [ -44.568173586, -23.26428641 ], [ -44.569813111, -23.265980278 ] ] ], [ [ [ -44.671161697, -23.238876978 ], [ -44.66927356, -23.240348489 ], [ -44.67172815, -23.23969508 ], [ -44.671161697, -23.238876978 ] ] ], [ [ [ -44.651012533, -23.231347696 ], [ -44.633860441, -23.225755758 ], [ -44.639584223, -23.229166124 ], [ -44.651012533, -23.231347696 ] ] ], [ [ [ -44.556970766, -23.221052276 ], [ -44.553709717, -23.220339048 ], [ -44.557168402, -23.223613257 ], [ -44.556970766, -23.221052276 ] ] ], [ [ [ -44.693234993, -23.215525958 ], [ -44.690203046, -23.217306373 ], [ -44.692586877, -23.217942356 ], [ -44.693234993, -23.215525958 ] ] ], [ [ [ -44.584575274, -23.210246858 ], [ -44.583855786, -23.211624616 ], [ -44.585323974, -23.2109566 ], [ -44.584575274, -23.210246858 ] ] ], [ [ [ -44.689064832, -23.209627299 ], [ -44.689800406, -23.209267737 ], [ -44.689147125, -23.209159348 ], [ -44.689064832, -23.209627299 ] ] ], [ [ [ -44.688941073, -23.207946101 ], [ -44.689513012, -23.207756727 ], [ -44.688877221, -23.207609451 ], [ -44.688941073, -23.207946101 ] ] ], [ [ [ -44.706887206, -23.205408815 ], [ -44.707031348, -23.20628178 ], [ -44.707295343, -23.206320075 ], [ -44.706887206, -23.205408815 ] ] ], [ [ [ -44.68169287, -23.20539866 ], [ -44.683009262, -23.205752125 ], [ -44.681534284, -23.20499607 ], [ -44.68169287, -23.20539866 ] ] ], [ [ [ -44.710299159, -23.204370948 ], [ -44.709094879, -23.205271519 ], [ -44.710596069, -23.204883851 ], [ -44.710299159, -23.204370948 ] ] ], [ [ [ -44.5914063, -23.203709197 ], [ -44.58601062, -23.209248999 ], [ -44.602016965, -23.222097137 ], [ -44.621245884, -23.22331182 ], [ -44.5914063, -23.203709197 ] ] ], [ [ [ -44.672734642, -23.199990946 ], [ -44.672573951, -23.201284685 ], [ -44.673215702, -23.201020181 ], [ -44.672734642, -23.199990946 ] ] ], [ [ [ -44.584404728, -23.199902933 ], [ -44.579509664, -23.203069177 ], [ -44.583977435, -23.20233665 ], [ -44.584404728, -23.199902933 ] ] ], [ [ [ -44.574351909, -23.195655994 ], [ -44.572178334, -23.196376574 ], [ -44.574492029, -23.196032262 ], [ -44.574351909, -23.195655994 ] ] ], [ [ [ -44.608635072, -23.195790018 ], [ -44.606547877, -23.194890274 ], [ -44.60691935, -23.195980605 ], [ -44.608635072, -23.195790018 ] ] ], [ [ [ -44.625066222, -23.194139589 ], [ -44.625726845, -23.195179844 ], [ -44.626011102, -23.194614006 ], [ -44.625066222, -23.194139589 ] ] ], [ [ [ -44.636232781, -23.192682422 ], [ -44.635292288, -23.194101278 ], [ -44.636679964, -23.194537304 ], [ -44.636232781, -23.192682422 ] ] ], [ [ [ -44.622996792, -23.189747794 ], [ -44.620795375, -23.190263719 ], [ -44.624204235, -23.192411576 ], [ -44.622996792, -23.189747794 ] ] ], [ [ [ -44.576679064, -23.184265173 ], [ -44.572648886, -23.187972811 ], [ -44.577398387, -23.189432924 ], [ -44.576679064, -23.184265173 ] ] ], [ [ [ -44.659670295, -23.182292754 ], [ -44.656565015, -23.187444571 ], [ -44.659139302, -23.188084648 ], [ -44.659670295, -23.182292754 ] ] ], [ [ [ -44.685652149, -23.181038668 ], [ -44.685052625, -23.182312767 ], [ -44.68658259, -23.181989847 ], [ -44.685652149, -23.181038668 ] ] ], [ [ [ -44.678538121, -23.180709721 ], [ -44.678851253, -23.180989504 ], [ -44.678844603, -23.180887568 ], [ -44.678538121, -23.180709721 ] ] ], [ [ [ -44.684218748, -23.178839141 ], [ -44.682091439, -23.177419914 ], [ -44.681706232, -23.178485407 ], [ -44.684218748, -23.178839141 ] ] ], [ [ [ -44.63481209, -23.176085397 ], [ -44.63459904, -23.176680213 ], [ -44.635040918, -23.176665706 ], [ -44.63481209, -23.176085397 ] ] ], [ [ [ -44.679314652, -23.175167316 ], [ -44.679634096, -23.174937831 ], [ -44.679317815, -23.174912682 ], [ -44.679314652, -23.175167316 ] ] ], [ [ [ -44.634401202, -23.174017203 ], [ -44.634532243, -23.175438662 ], [ -44.635203318, -23.174512469 ], [ -44.634401202, -23.174017203 ] ] ], [ [ [ -44.679432986, -23.173924236 ], [ -44.680240497, -23.173270579 ], [ -44.679557061, -23.172855942 ], [ -44.679432986, -23.173924236 ] ] ], [ [ [ -44.678471476, -23.169619707 ], [ -44.674154123, -23.170092545 ], [ -44.678754707, -23.172300252 ], [ -44.678471476, -23.169619707 ] ] ], [ [ [ -44.666185371, -23.160612452 ], [ -44.66158598, -23.160368046 ], [ -44.665208976, -23.163158106 ], [ -44.666185371, -23.160612452 ] ] ], [ [ [ -44.683430476, -23.151162597 ], [ -44.681130563, -23.157445546 ], [ -44.692187029, -23.169605461 ], [ -44.694918043, -23.156167543 ], [ -44.683430476, -23.151162597 ] ] ], [ [ [ -44.667067641, -23.131932517 ], [ -44.667299695, -23.132032186 ], [ -44.667101409, -23.131855773 ], [ -44.667067641, -23.131932517 ] ] ], [ [ [ -44.674664876, -23.132530804 ], [ -44.676435013, -23.132416114 ], [ -44.674689249, -23.131737809 ], [ -44.674664876, -23.132530804 ] ] ], [ [ [ -44.686208438, -23.128932216 ], [ -44.685291222, -23.13056146 ], [ -44.687363706, -23.130554022 ], [ -44.686208438, -23.128932216 ] ] ], [ [ [ -44.677442744, -23.125422619 ], [ -44.679562611, -23.126171197 ], [ -44.677676107, -23.124713004 ], [ -44.677442744, -23.125422619 ] ] ], [ [ [ -44.666505698, -23.121608184 ], [ -44.668007794, -23.122598423 ], [ -44.666316356, -23.121000334 ], [ -44.666505698, -23.121608184 ] ] ], [ [ [ -44.67790181, -23.114422005 ], [ -44.673765873, -23.111141383 ], [ -44.67305219, -23.112086945 ], [ -44.67790181, -23.114422005 ] ] ], [ [ [ -44.679513666, -23.10810249 ], [ -44.679163759, -23.109749085 ], [ -44.680896995, -23.109167922 ], [ -44.679513666, -23.10810249 ] ] ], [ [ [ -44.685621131, -23.106314011 ], [ -44.688721493, -23.109661241 ], [ -44.689012505, -23.109799923 ], [ -44.685621131, -23.106314011 ] ] ], [ [ [ -44.671735278, -23.09700216 ], [ -44.671304401, -23.098534424 ], [ -44.673873523, -23.098520595 ], [ -44.671735278, -23.09700216 ] ] ], [ [ [ -44.675969419, -23.095583773 ], [ -44.676553223, -23.095971489 ], [ -44.676753859, -23.095960053 ], [ -44.675969419, -23.095583773 ] ] ], [ [ [ -44.658035888, -23.092720736 ], [ -44.658215242, -23.093300123 ], [ -44.658423725, -23.092912152 ], [ -44.658035888, -23.092720736 ] ] ], [ [ [ -44.684137791, -23.086989402 ], [ -44.682516907, -23.086851384 ], [ -44.684892514, -23.08861099 ], [ -44.684137791, -23.086989402 ] ] ], [ [ [ -44.594897337, -23.085459327 ], [ -44.593154196, -23.086880082 ], [ -44.595800464, -23.088743964 ], [ -44.594897337, -23.085459327 ] ] ], [ [ [ -44.556325909, -23.076462365 ], [ -44.557206658, -23.076601341 ], [ -44.556467854, -23.076201304 ], [ -44.556325909, -23.076462365 ] ] ], [ [ [ -44.589808884, -23.070319153 ], [ -44.590326688, -23.070652488 ], [ -44.589751585, -23.070027388 ], [ -44.589808884, -23.070319153 ] ] ], [ [ [ -44.633042257, -23.069378409 ], [ -44.62946332, -23.070827313 ], [ -44.631487854, -23.071991483 ], [ -44.633042257, -23.069378409 ] ] ], [ [ [ -44.636666406, -23.069861098 ], [ -44.641618356, -23.074513794 ], [ -44.645893913, -23.072329029 ], [ -44.642024117, -23.068102215 ], [ -44.636666406, -23.069861098 ] ] ], [ [ [ -44.564417793, -23.067318771 ], [ -44.563433974, -23.067895823 ], [ -44.56464619, -23.068073379 ], [ -44.564417793, -23.067318771 ] ] ], [ [ [ -44.604206896, -23.067144217 ], [ -44.602461889, -23.068887378 ], [ -44.604563439, -23.067887837 ], [ -44.604206896, -23.067144217 ] ] ], [ [ [ -44.638262187, -23.066521524 ], [ -44.636755291, -23.067011881 ], [ -44.637574402, -23.067378859 ], [ -44.638262187, -23.066521524 ] ] ], [ [ [ -44.596019987, -23.065322608 ], [ -44.594734449, -23.066682114 ], [ -44.597090141, -23.06663722 ], [ -44.596019987, -23.065322608 ] ] ], [ [ [ -44.617216943, -23.061565578 ], [ -44.616459636, -23.062184343 ], [ -44.617047669, -23.06235453 ], [ -44.617216943, -23.061565578 ] ] ], [ [ [ -44.628544146, -23.06047175 ], [ -44.627278445, -23.062606913 ], [ -44.629087763, -23.062702247 ], [ -44.628544146, -23.06047175 ] ] ], [ [ [ -44.659591725, -23.058987324 ], [ -44.660639254, -23.058877847 ], [ -44.660287493, -23.058431479 ], [ -44.659591725, -23.058987324 ] ] ], [ [ [ -44.622950698, -23.056805189 ], [ -44.618784821, -23.058060412 ], [ -44.624099558, -23.058925161 ], [ -44.622950698, -23.056805189 ] ] ], [ [ [ -44.601440611, -23.057216182 ], [ -44.605586096, -23.060147661 ], [ -44.608714027, -23.064154152 ], [ -44.607769899, -23.059872885 ], [ -44.601440611, -23.057216182 ] ] ], [ [ [ -44.564506792, -23.064477033 ], [ -44.551891571, -23.056890997 ], [ -44.563897787, -23.066829241 ], [ -44.564506792, -23.064477033 ] ] ], [ [ [ -44.609540404, -23.053885736 ], [ -44.609264776, -23.054729776 ], [ -44.610107907, -23.055144303 ], [ -44.609540404, -23.053885736 ] ] ], [ [ [ -44.561180621, -23.051330738 ], [ -44.560215924, -23.053107248 ], [ -44.563206508, -23.052877354 ], [ -44.561180621, -23.051330738 ] ] ], [ [ [ -44.544623129, -23.048172116 ], [ -44.5461401, -23.048559975 ], [ -44.544086127, -23.046851363 ], [ -44.544623129, -23.048172116 ] ] ], [ [ [ -44.543645738, -23.046149747 ], [ -44.543871436, -23.045615967 ], [ -44.543249725, -23.045284483 ], [ -44.543645738, -23.046149747 ] ] ], [ [ [ -44.635824405, -22.915353979 ], [ -44.62026411, -22.939615459 ], [ -44.561674029, -22.954434111 ], [ -44.560565623, -22.971803918 ], [ -44.550440492, -22.972837776 ], [ -44.54056872, -22.995983704 ], [ -44.548170929, -23.003923128 ], [ -44.546142615, -23.020441924 ], [ -44.521080879, -23.027292291 ], [ -44.556946344, -23.036998188 ], [ -44.596299026, -23.063958667 ], [ -44.590579042, -23.048697001 ], [ -44.614221541, -23.051563562 ], [ -44.61735366, -23.044046092 ], [ -44.638067318, -23.052530005 ], [ -44.645286976, -23.046804034 ], [ -44.650891393, -23.056547464 ], [ -44.668552646, -23.054168567 ], [ -44.677149766, -23.062140477 ], [ -44.676090375, -23.070327739 ], [ -44.691019494, -23.08275616 ], [ -44.687333794, -23.090662458 ], [ -44.69872854, -23.116380054 ], [ -44.68819296, -23.125758268 ], [ -44.699368827, -23.131488044 ], [ -44.693017917, -23.146425474 ], [ -44.707001658, -23.158135809 ], [ -44.69831115, -23.174498737 ], [ -44.708634216, -23.174732832 ], [ -44.717244724, -23.184775899 ], [ -44.706844292, -23.186136288 ], [ -44.720675109, -23.196139922 ], [ -44.710297113, -23.211020062 ], [ -44.715274015, -23.230883022 ], [ -44.694845773, -23.232637195 ], [ -44.668254524, -23.205405314 ], [ -44.65871901, -23.207779708 ], [ -44.654357268, -23.190544159 ], [ -44.643454598, -23.185224759 ], [ -44.643715783, -23.196421372 ], [ -44.616023444, -23.203820225 ], [ -44.62717535, -23.213110712 ], [ -44.625118661, -23.222368403 ], [ -44.640974979, -23.219233752 ], [ -44.636515962, -23.211433284 ], [ -44.636972067, -23.210581105 ], [ -44.651370595, -23.222157419 ], [ -44.662709957, -23.214001152 ], [ -44.663977953, -23.22801282 ], [ -44.654751808, -23.227086799 ], [ -44.666726449, -23.235082418 ], [ -44.672990965, -23.230574881 ], [ -44.678352146, -23.238210506 ], [ -44.672109837, -23.239794883 ], [ -44.683223046, -23.240455813 ], [ -44.678967423, -23.245923118 ], [ -44.69237056, -23.252473013 ], [ -44.66945414, -23.244260459 ], [ -44.667603268, -23.245489156 ], [ -44.670351092, -23.248230304 ], [ -44.669244221, -23.250267843 ], [ -44.651964356, -23.23501935 ], [ -44.631676244, -23.240343434 ], [ -44.613408053, -23.233570678 ], [ -44.65727253, -23.292163221 ], [ -44.648029507, -23.301904639 ], [ -44.637497586, -23.301203086 ], [ -44.646241057, -23.289847929 ], [ -44.630399467, -23.281910419 ], [ -44.620952202, -23.258283142 ], [ -44.597109599, -23.244230652 ], [ -44.599243218, -23.236492538 ], [ -44.560258908, -23.226378088 ], [ -44.578501204, -23.246677304 ], [ -44.583415806, -23.268042513 ], [ -44.547805024, -23.274310619 ], [ -44.537993168, -23.26673341 ], [ -44.502669403, -23.295239669 ], [ -44.509511525, -23.301045778 ], [ -44.528870348, -23.286764314 ], [ -44.540340463, -23.304725528 ], [ -44.555763087, -23.303567114 ], [ -44.566295827, -23.32299458 ], [ -44.563271019, -23.332969895 ], [ -44.590868985, -23.36223295 ], [ -44.599357863, -23.359169061 ], [ -44.606900485, -23.366705017 ], [ -44.606808268, -23.347926891 ], [ -44.618173757, -23.351626003 ], [ -44.62232359, -23.339232006 ], [ -44.63435147, -23.352250511 ], [ -44.628871151, -23.337409006 ], [ -44.64008551, -23.330999881 ], [ -44.6550234, -23.342916263 ], [ -44.663049643, -23.339148969 ], [ -44.659788777, -23.347445455 ], [ -44.67235517, -23.345020991 ], [ -44.675244696, -23.33588994 ], [ -44.681754162, -23.33886663 ], [ -44.681059214, -23.347168204 ], [ -44.686200036, -23.352021873 ], [ -44.701177404, -23.340241206 ], [ -44.715933294, -23.345163247 ], [ -44.721401361, -23.357568693 ], [ -44.732105451, -23.358891113 ], [ -44.728080881, -23.368931962 ], [ -44.759944001, -23.341227521 ], [ -44.777150156, -23.338498795 ], [ -44.787421385, -23.299106885 ], [ -44.807149799, -23.283485517 ], [ -44.8267208, -23.291621355 ], [ -44.823758905, -23.280692338 ], [ -44.839993088, -23.263389624 ], [ -44.836056392, -23.256172348 ], [ -44.871992799, -23.248955073 ], [ -44.888931481, -23.22450485 ], [ -44.87273247, -23.182502193 ], [ -44.822727177, -23.160076943 ], [ -44.825481476, -23.143740972 ], [ -44.8160575, -23.140315562 ], [ -44.810599789, -23.115534603 ], [ -44.816434459, -23.107831527 ], [ -44.808813331, -23.099472871 ], [ -44.817925906, -23.085722061 ], [ -44.814795507, -23.067677196 ], [ -44.806994094, -23.063055351 ], [ -44.811894561, -23.054516409 ], [ -44.802208353, -23.048780076 ], [ -44.795865608, -23.02531028 ], [ -44.792817157, -23.00983857 ], [ -44.80263587, -22.999661978 ], [ -44.792901406, -22.993413212 ], [ -44.791898182, -22.981875898 ], [ -44.755259533, -22.980312491 ], [ -44.743820658, -22.947205613 ], [ -44.713434415, -22.929875376 ], [ -44.687734767, -22.93677001 ], [ -44.673837371, -22.918045564 ], [ -44.658994048, -22.927931211 ], [ -44.635824405, -22.915353979 ] ] ] ] } },
{ "type": "Feature", "properties": { "CD_MUN": "3303856", "NM_MUN": "Paty do Alferes", "SIGLA_UF": "RJ", "AREA_KM2": 314.341 }, "geometry": { "type": "Polygon", "coordinates": [ [ [ -43.32539566, -22.278720079 ], [ -43.288430464, -22.371331638 ], [ -43.299627191, -22.36990058 ], [ -43.316052091, -22.381316582 ], [ -43.337992525, -22.414745131 ], [ -43.360964524, -22.41959357 ], [ -43.374175008, -22.434453917 ], [ -43.370688599, -22.452258151 ], [ -43.404575584, -22.46970034 ], [ -43.436926344, -22.474564623 ], [ -43.438689678, -22.445633626 ], [ -43.495629432, -22.417822098 ], [ -43.507880298, -22.401458759 ], [ -43.487701375, -22.373558056 ], [ -43.498355907, -22.365583787 ], [ -43.50722817, -22.335343112 ], [ -43.503630369, -22.311180502 ], [ -43.32539566, -22.278720079 ] ] ] } },
{ "type": "Feature", "properties": { "CD_MUN": "3303906", "NM_MUN": "Petrópolis", "SIGLA_UF": "RJ", "AREA_KM2": 791.144 }, "geometry": { "type": "Polygon", "coordinates": [ [ [ -43.02950644, -22.202595218 ], [ -43.018302363, -22.22280736 ], [ -42.99675346, -22.226125006 ], [ -42.977981376, -22.255229479 ], [ -42.989818211, -22.278436995 ], [ -43.013882525, -22.287884087 ], [ -43.014080067, -22.301993001 ], [ -43.036394172, -22.30836424 ], [ -43.046037549, -22.322050715 ], [ -43.030236643, -22.331302262 ], [ -43.031148656, -22.344640244 ], [ -43.021435765, -22.355207182 ], [ -43.035378939, -22.372356219 ], [ -43.028303116, -22.378374684 ], [ -43.034677679, -22.38967707 ], [ -43.028431426, -22.395260732 ], [ -43.037958207, -22.415027504 ], [ -43.022184227, -22.44111486 ], [ -43.028843055, -22.461251243 ], [ -43.040384059, -22.456426991 ], [ -43.055308626, -22.46776226 ], [ -43.055016764, -22.4813327 ], [ -43.079675683, -22.487407793 ], [ -43.070630159, -22.500533274 ], [ -43.076323477, -22.510981836 ], [ -43.108043662, -22.53374561 ], [ -43.122800249, -22.531012137 ], [ -43.255487385, -22.573332648 ], [ -43.260701949, -22.555356797 ], [ -43.24600521, -22.527031552 ], [ -43.234252912, -22.522748006 ], [ -43.226515601, -22.529500442 ], [ -43.225029572, -22.518020008 ], [ -43.301919713, -22.473889731 ], [ -43.28849843, -22.462297461 ], [ -43.298325435, -22.451214146 ], [ -43.320346505, -22.459006224 ], [ -43.352054468, -22.448465093 ], [ -43.368361746, -22.45340862 ], [ -43.377265645, -22.442997261 ], [ -43.374175008, -22.434453917 ], [ -43.360964524, -22.41959357 ], [ -43.337992525, -22.414745131 ], [ -43.316052091, -22.381316582 ], [ -43.287703327, -22.370684732 ], [ -43.268229909, -22.333686961 ], [ -43.261321568, -22.333658277 ], [ -43.263309865, -22.320958903 ], [ -43.241979771, -22.303137381 ], [ -43.235419135, -22.311660387 ], [ -43.207363261, -22.298626031 ], [ -43.181669879, -22.301144899 ], [ -43.173870231, -22.310172328 ], [ -43.15107096, -22.308659583 ], [ -43.137205589, -22.29469585 ], [ -43.139843875, -22.284730738 ], [ -43.127007408, -22.275873 ], [ -43.106345941, -22.281543694 ], [ -43.101292358, -22.26587288 ], [ -43.089899572, -22.261357949 ], [ -43.093954224, -22.242326409 ], [ -43.076344006, -22.223777442 ], [ -43.02950644, -22.202595218 ] ] ] } },
{ "type": "Feature", "properties": { "CD_MUN": "3303955", "NM_MUN": "Pinheiral", "SIGLA_UF": "RJ", "AREA_KM2": 82.254 }, "geometry": { "type": "Polygon", "coordinates": [ [ [ -44.018981142, -22.484947254 ], [ -43.99213997, -22.517511108 ], [ -43.913482337, -22.520781446 ], [ -43.954719822, -22.568484347 ], [ -43.984403079, -22.552381194 ], [ -43.992730193, -22.563068029 ], [ -43.98166523, -22.578498847 ], [ -44.014726195, -22.586328221 ], [ -44.038678392, -22.582220253 ], [ -44.06852382, -22.592419609 ], [ -44.054152444, -22.550333807 ], [ -44.041344693, -22.551939617 ], [ -44.031849473, -22.53813324 ], [ -44.028674248, -22.48679929 ], [ -44.018981142, -22.484947254 ] ] ] } },
{ "type": "Feature", "properties": { "CD_MUN": "3304003", "NM_MUN": "Piraí", "SIGLA_UF": "RJ", "AREA_KM2": 490.255 }, "geometry": { "type": "Polygon", "coordinates": [ [ [ -43.842851346, -22.504186434 ], [ -43.828149446, -22.516563567 ], [ -43.811627548, -22.511262535 ], [ -43.80564013, -22.519128727 ], [ -43.819869379, -22.532793571 ], [ -43.819392149, -22.546015649 ], [ -43.808641509, -22.554179855 ], [ -43.78773251, -22.551059552 ], [ -43.77626603, -22.566976744 ], [ -43.771950877, -22.607065155 ], [ -43.840840752, -22.648125769 ], [ -43.817612804, -22.666055786 ], [ -43.815474929, -22.687078816 ], [ -43.785090953, -22.692685721 ], [ -43.832606587, -22.729836621 ], [ -43.83868881, -22.758331868 ], [ -43.812451102, -22.771782444 ], [ -43.838100939, -22.798018549 ], [ -43.873781474, -22.80912904 ], [ -43.896418908, -22.777199704 ], [ -43.888160161, -22.774369086 ], [ -43.892236003, -22.766223942 ], [ -43.885297466, -22.756878643 ], [ -43.903947559, -22.750638827 ], [ -43.898737015, -22.73264732 ], [ -43.879904166, -22.72741136 ], [ -43.881684511, -22.702285922 ], [ -43.912555548, -22.713896737 ], [ -43.923549185, -22.698797856 ], [ -43.931508413, -22.70921605 ], [ -43.944137836, -22.710604595 ], [ -43.942941024, -22.696456979 ], [ -43.958219226, -22.685271268 ], [ -43.960344721, -22.663150334 ], [ -43.989907839, -22.668971758 ], [ -44.017007816, -22.640435325 ], [ -44.0497223, -22.640376784 ], [ -44.064823955, -22.650115732 ], [ -44.080540214, -22.667052785 ], [ -44.07525155, -22.679962337 ], [ -44.075736885, -22.683725362 ], [ -44.07696272, -22.68390017 ], [ -44.085594115, -22.66606892 ], [ -44.078243346, -22.647483572 ], [ -44.086301544, -22.640591634 ], [ -44.061871803, -22.588613887 ], [ -43.98166523, -22.578498847 ], [ -43.992730193, -22.563068029 ], [ -43.984403079, -22.552381194 ], [ -43.954719822, -22.568484347 ], [ -43.913482337, -22.520781446 ], [ -43.868639327, -22.528600247 ], [ -43.853881591, -22.517180146 ], [ -43.85464172, -22.506750084 ], [ -43.842851346, -22.504186434 ] ] ] } },
{ "type": "Feature", "properties": { "CD_MUN": "3304102", "NM_MUN": "Porciúncula", "SIGLA_UF": "RJ", "AREA_KM2": 291.847 }, "geometry": { "type": "Polygon", "coordinates": [ [ [ -41.874738201, -20.765934254 ], [ -41.852166046, -20.763759283 ], [ -41.84818757, -20.774372318 ], [ -41.824384532, -20.788296982 ], [ -41.827899606, -20.797112922 ], [ -41.805791941, -20.797519812 ], [ -41.812709063, -20.803001518 ], [ -41.813918429, -20.805454158 ], [ -41.799168684, -20.805318528 ], [ -41.79387912, -20.798017121 ], [ -41.781683736, -20.797610232 ], [ -41.775156021, -20.799869965 ], [ -41.829490716, -20.844695991 ], [ -41.857912286, -20.855266997 ], [ -41.860955009, -20.863768334 ], [ -41.9049424, -20.858495513 ], [ -41.896174922, -20.874996306 ], [ -41.904736019, -20.878548174 ], [ -41.901510456, -20.897180054 ], [ -41.915101694, -20.919914271 ], [ -41.911821998, -20.928905668 ], [ -41.935906132, -20.945716883 ], [ -41.948265605, -20.938641769 ], [ -41.952955163, -20.957519086 ], [ -41.983413597, -20.957160196 ], [ -41.99882467, -20.965918196 ], [ -41.999791804, -21.007762798 ], [ -42.003800334, -21.013335158 ], [ -42.070542747, -21.028779296 ], [ -42.141363268, -20.992640924 ], [ -42.151258772, -20.977594143 ], [ -42.145996761, -20.966244829 ], [ -42.126867478, -20.956056729 ], [ -42.115298089, -20.959010247 ], [ -42.095900093, -20.93613128 ], [ -42.065862676, -20.93899466 ], [ -42.02305955, -20.925129333 ], [ -41.976152268, -20.935792441 ], [ -41.979818699, -20.922883977 ], [ -41.966689268, -20.916951506 ], [ -41.967309843, -20.898572721 ], [ -41.949755425, -20.872971995 ], [ -41.954376394, -20.865267694 ], [ -41.936028045, -20.855244305 ], [ -41.926707009, -20.838789836 ], [ -41.935620996, -20.827705326 ], [ -41.928736251, -20.794327298 ], [ -41.901990317, -20.796625723 ], [ -41.880318461, -20.78059641 ], [ -41.874738201, -20.765934254 ] ] ] } },
{ "type": "Feature", "properties": { "CD_MUN": "3304110", "NM_MUN": "Porto Real", "SIGLA_UF": "RJ", "AREA_KM2": 50.892 }, "geometry": { "type": "Polygon", "coordinates": [ [ [ -44.310407524, -22.397812794 ], [ -44.275132467, -22.404325199 ], [ -44.278212522, -22.41995935 ], [ -44.318407156, -22.469044067 ], [ -44.339325115, -22.47257055 ], [ -44.330045739, -22.492097735 ], [ -44.35046019, -22.492029869 ], [ -44.373361427, -22.461021688 ], [ -44.354262949, -22.443431444 ], [ -44.351453687, -22.413826074 ], [ -44.327307581, -22.415248597 ], [ -44.310407524, -22.397812794 ] ] ] } },
{ "type": "Feature", "properties": { "CD_MUN": "3304128", "NM_MUN": "Quatis", "SIGLA_UF": "RJ", "AREA_KM2": 284.826 }, "geometry": { "type": "Polygon", "coordinates": [ [ [ -44.19136567, -22.24065467 ], [ -44.156875439, -22.251162524 ], [ -44.168001996, -22.271735876 ], [ -44.14653691, -22.282634615 ], [ -44.145824089, -22.302400494 ], [ -44.158095295, -22.313526219 ], [ -44.146153749, -22.330070806 ], [ -44.169749397, -22.328376257 ], [ -44.155157615, -22.37384919 ], [ -44.208142408, -22.38729765 ], [ -44.211518877, -22.419555221 ], [ -44.223962168, -22.443866692 ], [ -44.219614533, -22.452204318 ], [ -44.226095073, -22.45487299 ], [ -44.217602148, -22.463352726 ], [ -44.221456977, -22.479461398 ], [ -44.25282733, -22.485153269 ], [ -44.301201377, -22.448959433 ], [ -44.274548648, -22.404849252 ], [ -44.329014176, -22.396663105 ], [ -44.342394947, -22.378323724 ], [ -44.341148923, -22.360141012 ], [ -44.331330527, -22.355962019 ], [ -44.32818467, -22.331942485 ], [ -44.319845597, -22.335720403 ], [ -44.292450071, -22.319306082 ], [ -44.272627183, -22.320263175 ], [ -44.272411279, -22.310857149 ], [ -44.257662616, -22.304201684 ], [ -44.237480607, -22.317896138 ], [ -44.260178662, -22.301154833 ], [ -44.259865988, -22.268043379 ], [ -44.249836198, -22.260401325 ], [ -44.247139479, -22.267456937 ], [ -44.235242187, -22.266394802 ], [ -44.213109776, -22.246055606 ], [ -44.201467672, -22.251249032 ], [ -44.19136567, -22.24065467 ] ] ] } },
{ "type": "Feature", "properties": { "CD_MUN": "3304144", "NM_MUN": "Queimados", "SIGLA_UF": "RJ", "AREA_KM2": 75.927 }, "geometry": { "type": "Polygon", "coordinates": [ [ [ -43.55055489, -22.679656301 ], [ -43.512214572, -22.691489739 ], [ -43.542528301, -22.714881812 ], [ -43.542204744, -22.736130592 ], [ -43.532280438, -22.738686497 ], [ -43.53541812, -22.751752843 ], [ -43.547529657, -22.758867929 ], [ -43.610673088, -22.74760929 ], [ -43.627247678, -22.772498357 ], [ -43.623783378, -22.782471122 ], [ -43.634797998, -22.783311168 ], [ -43.644792734, -22.745456289 ], [ -43.63870967, -22.720361949 ], [ -43.628420359, -22.722575314 ], [ -43.61004956, -22.692650543 ], [ -43.596795101, -22.685693515 ], [ -43.585871963, -22.693076616 ], [ -43.559834681, -22.690704231 ], [ -43.55055489, -22.679656301 ] ] ] } },
{ "type": "Feature", "properties": { "CD_MUN": "3304151", "NM_MUN": "Quissamã", "SIGLA_UF": "RJ", "AREA_KM2": 719.643 }, "geometry": { "type": "Polygon", "coordinates": [ [ [ -41.437628904, -21.986585342 ], [ -41.277671974, -22.065323788 ], [ -41.25729851, -22.098957901 ], [ -41.203463522, -22.096126154 ], [ -41.194808151, -22.104313301 ], [ -41.192733278, -22.097113544 ], [ -41.176257314, -22.095828336 ], [ -41.160145773, -22.101856562 ], [ -41.157911855, -22.093435069 ], [ -41.144719427, -22.099202345 ], [ -41.142651344, -22.089633832 ], [ -41.13286252, -22.097006509 ], [ -41.243239968, -22.146943829 ], [ -41.451343147, -22.202380918 ], [ -41.542408026, -22.234606898 ], [ -41.553542742, -22.202828036 ], [ -41.540104139, -22.197987595 ], [ -41.538850462, -22.1898558 ], [ -41.572834268, -22.139359992 ], [ -41.693684818, -22.108309926 ], [ -41.717849284, -22.084821421 ], [ -41.682676338, -22.068146523 ], [ -41.66249811, -22.068482812 ], [ -41.659699719, -22.055827543 ], [ -41.61781882, -22.045969028 ], [ -41.546323375, -22.054995495 ], [ -41.517988875, -22.017174477 ], [ -41.437628904, -21.986585342 ] ] ] } },
{ "type": "Feature", "properties": { "CD_MUN": "3304201", "NM_MUN": "Resende", "SIGLA_UF": "RJ", "AREA_KM2": 1099.336 }, "geometry": { "type": "Polygon", "coordinates": [ [ [ -44.289984304, -22.244991398 ], [ -44.262737694, -22.244084004 ], [ -44.260178662, -22.301154833 ], [ -44.234636695, -22.315269679 ], [ -44.243325881, -22.317108754 ], [ -44.257662616, -22.304201684 ], [ -44.272411279, -22.310857149 ], [ -44.272627183, -22.320263175 ], [ -44.292450071, -22.319306082 ], [ -44.331692658, -22.335611013 ], [ -44.331330527, -22.355962019 ], [ -44.3411148, -22.360044754 ], [ -44.342394947, -22.378323724 ], [ -44.329014176, -22.396663105 ], [ -44.313676038, -22.402119985 ], [ -44.327307581, -22.415248597 ], [ -44.351453687, -22.413826074 ], [ -44.354262949, -22.443431444 ], [ -44.373361427, -22.461021688 ], [ -44.35147814, -22.491422656 ], [ -44.332073846, -22.493787005 ], [ -44.318760505, -22.507400753 ], [ -44.328486021, -22.520014793 ], [ -44.320403206, -22.545420139 ], [ -44.324446826, -22.564736281 ], [ -44.328304521, -22.573165771 ], [ -44.346600076, -22.573610817 ], [ -44.342070137, -22.589254198 ], [ -44.356023693, -22.614899292 ], [ -44.362744862, -22.605910299 ], [ -44.35986161, -22.593054087 ], [ -44.37042054, -22.589746488 ], [ -44.35991436, -22.581022922 ], [ -44.392007834, -22.572355243 ], [ -44.409650535, -22.588430307 ], [ -44.401794236, -22.606685863 ], [ -44.431474505, -22.598651764 ], [ -44.464876737, -22.615969573 ], [ -44.484820839, -22.603872068 ], [ -44.508588432, -22.640947014 ], [ -44.515599965, -22.63010656 ], [ -44.532271782, -22.630727716 ], [ -44.535004867, -22.638107045 ], [ -44.53781249, -22.633038415 ], [ -44.526303901, -22.619291592 ], [ -44.537537845, -22.61819409 ], [ -44.550278978, -22.603761208 ], [ -44.564086764, -22.611992722 ], [ -44.574057033, -22.601733571 ], [ -44.583656655, -22.626213227 ], [ -44.602076008, -22.607771539 ], [ -44.610797355, -22.617384266 ], [ -44.622987208, -22.605123427 ], [ -44.640248553, -22.608057923 ], [ -44.646116541, -22.603386614 ], [ -44.644427613, -22.555598616 ], [ -44.661532701, -22.550936129 ], [ -44.677426102, -22.561500142 ], [ -44.671007247, -22.536664736 ], [ -44.698865719, -22.511465837 ], [ -44.716220807, -22.514236191 ], [ -44.711253674, -22.496259762 ], [ -44.724968946, -22.483793771 ], [ -44.717695991, -22.467359087 ], [ -44.733942822, -22.43289577 ], [ -44.755333665, -22.415269201 ], [ -44.809421022, -22.406083344 ], [ -44.793386479, -22.386871139 ], [ -44.744696057, -22.375590151 ], [ -44.725986887, -22.359024178 ], [ -44.707953094, -22.368828085 ], [ -44.665481493, -22.372893553 ], [ -44.662885829, -22.399757188 ], [ -44.650310801, -22.404377917 ], [ -44.63730193, -22.434917872 ], [ -44.650613323, -22.452486375 ], [ -44.646592963, -22.468963763 ], [ -44.662207051, -22.483618129 ], [ -44.620739904, -22.508885613 ], [ -44.626610124, -22.535386552 ], [ -44.615482331, -22.557370548 ], [ -44.595147507, -22.565864045 ], [ -44.563243515, -22.53182932 ], [ -44.577099983, -22.527606095 ], [ -44.577219656, -22.517024412 ], [ -44.549741752, -22.496240057 ], [ -44.513157495, -22.48446819 ], [ -44.512452516, -22.472695621 ], [ -44.487855924, -22.468746918 ], [ -44.478510515, -22.453777336 ], [ -44.48698224, -22.435970992 ], [ -44.599049198, -22.398540434 ], [ -44.626333465, -22.372762544 ], [ -44.611429525, -22.3809862 ], [ -44.575816091, -22.357364983 ], [ -44.555893428, -22.365110123 ], [ -44.543746476, -22.332330775 ], [ -44.459913063, -22.279989316 ], [ -44.456636106, -22.257231863 ], [ -44.414452235, -22.25415423 ], [ -44.394796668, -22.258906945 ], [ -44.387588977, -22.272504823 ], [ -44.362022486, -22.251973215 ], [ -44.336889889, -22.258559832 ], [ -44.323895977, -22.253738842 ], [ -44.322348929, -22.26112733 ], [ -44.289984304, -22.244991398 ] ] ] } },
{ "type": "Feature", "properties": { "CD_MUN": "3304300", "NM_MUN": "Rio Bonito", "SIGLA_UF": "RJ", "AREA_KM2": 459.458 }, "geometry": { "type": "Polygon", "coordinates": [ [ [ -42.552571142, -22.619556963 ], [ -42.528001952, -22.631691794 ], [ -42.530782411, -22.71707145 ], [ -42.498663405, -22.72564708 ], [ -42.458726845, -22.718638318 ], [ -42.44178403, -22.730310474 ], [ -42.446812806, -22.82275068 ], [ -42.472001783, -22.82018364 ], [ -42.498364802, -22.830917503 ], [ -42.527488343, -22.81833579 ], [ -42.531949892, -22.808768058 ], [ -42.553157778, -22.815061199 ], [ -42.569540922, -22.804006247 ], [ -42.629167566, -22.83317565 ], [ -42.637824091, -22.85299919 ], [ -42.645125705, -22.854897538 ], [ -42.646079218, -22.844598331 ], [ -42.660500247, -22.849021436 ], [ -42.668951669, -22.843942336 ], [ -42.65652451, -22.826376881 ], [ -42.668260229, -22.821979805 ], [ -42.670246214, -22.812937585 ], [ -42.658702886, -22.799786667 ], [ -42.688046148, -22.792982641 ], [ -42.676066315, -22.769762777 ], [ -42.690338176, -22.76174177 ], [ -42.700404966, -22.726744208 ], [ -42.747222037, -22.686532583 ], [ -42.698898437, -22.663358214 ], [ -42.690842036, -22.654073236 ], [ -42.693112307, -22.642589669 ], [ -42.668005584, -22.636733598 ], [ -42.662827018, -22.644157818 ], [ -42.641361874, -22.641025733 ], [ -42.625933855, -22.657193148 ], [ -42.584614587, -22.625104095 ], [ -42.552571142, -22.619556963 ] ] ] } },
{ "type": "Feature", "properties": { "CD_MUN": "3304409", "NM_MUN": "Rio Claro", "SIGLA_UF": "RJ", "AREA_KM2": 846.797 }, "geometry": { "type": "Polygon", "coordinates": [ [ [ -44.0497223, -22.640376784 ], [ -44.016694019, -22.640588211 ], [ -43.989907839, -22.668971758 ], [ -43.960344721, -22.663150334 ], [ -43.958219226, -22.685271268 ], [ -43.942941024, -22.696456979 ], [ -43.943981637, -22.710670101 ], [ -43.931508413, -22.70921605 ], [ -43.923549185, -22.698797856 ], [ -43.912555548, -22.713896737 ], [ -43.88121685, -22.702722261 ], [ -43.879904166, -22.72741136 ], [ -43.898737015, -22.73264732 ], [ -43.903947559, -22.750638827 ], [ -43.885297466, -22.756878643 ], [ -43.892236003, -22.766223942 ], [ -43.888160161, -22.774369086 ], [ -43.896418908, -22.777199704 ], [ -43.87331752, -22.808412549 ], [ -43.894450966, -22.830993374 ], [ -43.91290371, -22.836536566 ], [ -43.912454675, -22.849787725 ], [ -43.94050702, -22.8837131 ], [ -43.967164865, -22.8849257 ], [ -43.980411377, -22.865956807 ], [ -43.974181904, -22.854524129 ], [ -43.990228879, -22.842351201 ], [ -44.041582277, -22.883233617 ], [ -44.051514903, -22.877705565 ], [ -44.088468937, -22.88364315 ], [ -44.111865937, -22.859082683 ], [ -44.14319897, -22.883010619 ], [ -44.155123397, -22.902162989 ], [ -44.165477223, -22.904041236 ], [ -44.175227011, -22.928199627 ], [ -44.214977449, -22.931874013 ], [ -44.24119706, -22.914768953 ], [ -44.231524638, -22.871414769 ], [ -44.244635854, -22.868080769 ], [ -44.252173385, -22.85360847 ], [ -44.282034873, -22.842013205 ], [ -44.296503677, -22.844905593 ], [ -44.302051551, -22.854111184 ], [ -44.318056695, -22.845094991 ], [ -44.29652163, -22.827876578 ], [ -44.285657484, -22.828243206 ], [ -44.283364789, -22.836156704 ], [ -44.27225261, -22.832107509 ], [ -44.261242125, -22.806185256 ], [ -44.244277547, -22.802389864 ], [ -44.240181269, -22.791384071 ], [ -44.256368497, -22.787726369 ], [ -44.257580991, -22.766958885 ], [ -44.238777532, -22.755724762 ], [ -44.242499891, -22.748650856 ], [ -44.227046522, -22.73373899 ], [ -44.198960308, -22.735287341 ], [ -44.203706858, -22.71741752 ], [ -44.176061085, -22.705657948 ], [ -44.176812985, -22.692621394 ], [ -44.161365164, -22.678258449 ], [ -44.165362571, -22.672280314 ], [ -44.148287378, -22.648791739 ], [ -44.116300663, -22.643626982 ], [ -44.088246671, -22.648773928 ], [ -44.086301544, -22.640591634 ], [ -44.078243346, -22.647483572 ], [ -44.085594115, -22.66606892 ], [ -44.07696272, -22.68390017 ], [ -44.080540214, -22.667052785 ], [ -44.070716015, -22.655225248 ], [ -44.0497223, -22.640376784 ] ] ] } },
{ "type": "Feature", "properties": { "CD_MUN": "3304508", "NM_MUN": "Rio das Flores", "SIGLA_UF": "RJ", "AREA_KM2": 478.783 }, "geometry": { "type": "Polygon", "coordinates": [ [ [ -43.583553464, -22.05581503 ], [ -43.584029113, -22.07112434 ], [ -43.568564944, -22.077329915 ], [ -43.564538508, -22.088612785 ], [ -43.52482723, -22.072407486 ], [ -43.512814291, -22.059277323 ], [ -43.503822803, -22.07520227 ], [ -43.462306855, -22.07240749 ], [ -43.436993754, -22.059968673 ], [ -43.400414093, -22.216298165 ], [ -43.419320515, -22.224065013 ], [ -43.426496013, -22.236049192 ], [ -43.469532801, -22.215509653 ], [ -43.481067637, -22.24983258 ], [ -43.514747279, -22.236460748 ], [ -43.525168231, -22.276332084 ], [ -43.56138265, -22.264661987 ], [ -43.579435178, -22.285318841 ], [ -43.59486231, -22.285667713 ], [ -43.586456512, -22.276041257 ], [ -43.593844765, -22.266001358 ], [ -43.587108018, -22.265724573 ], [ -43.608493383, -22.25849662 ], [ -43.602864211, -22.246728981 ], [ -43.611259773, -22.241981103 ], [ -43.608730231, -22.224659021 ], [ -43.65207352, -22.203730208 ], [ -43.659317719, -22.19588403 ], [ -43.657313461, -22.180737355 ], [ -43.674393197, -22.166568429 ], [ -43.661100672, -22.154740787 ], [ -43.659089311, -22.104458825 ], [ -43.666117525, -22.074940601 ], [ -43.645664557, -22.064896635 ], [ -43.620709503, -22.075261389 ], [ -43.619614401, -22.084276623 ], [ -43.610333687, -22.070438515 ], [ -43.603010883, -22.072318993 ], [ -43.598962324, -22.058746364 ], [ -43.583553464, -22.05581503 ] ] ] } },
{ "type": "Feature", "properties": { "CD_MUN": "3304524", "NM_MUN": "Rio das Ostras", "SIGLA_UF": "RJ", "AREA_KM2": 228.044 }, "geometry": { "type": "MultiPolygon", "coordinates": [ [ [ [ -41.934121674, -22.541441852 ], [ -41.934390393, -22.541819548 ], [ -41.934699079, -22.541504715 ], [ -41.934121674, -22.541441852 ] ] ], [ [ [ -41.942162688, -22.541301341 ], [ -41.941380948, -22.541676213 ], [ -41.941765553, -22.541797134 ], [ -41.942162688, -22.541301341 ] ] ], [ [ [ -41.935028831, -22.540617814 ], [ -41.935262581, -22.540761686 ], [ -41.935191936, -22.54054583 ], [ -41.935028831, -22.540617814 ] ] ], [ [ [ -41.941501229, -22.540458462 ], [ -41.941669076, -22.540466093 ], [ -41.941554635, -22.540391703 ], [ -41.941501229, -22.540458462 ] ] ], [ [ [ -41.933814614, -22.540378354 ], [ -41.93374595, -22.540488978 ], [ -41.933833688, -22.540488981 ], [ -41.933814614, -22.540378354 ] ] ], [ [ [ -41.933944312, -22.540267728 ], [ -41.934115974, -22.540405057 ], [ -41.933959573, -22.540218137 ], [ -41.933944312, -22.540267728 ] ] ], [ [ [ -41.934032051, -22.539895795 ], [ -41.934264749, -22.540103695 ], [ -41.934360115, -22.540006421 ], [ -41.934032051, -22.539895795 ] ] ], [ [ [ -41.943023294, -22.539626858 ], [ -41.943137735, -22.539756557 ], [ -41.943225472, -22.539636395 ], [ -41.943023294, -22.539626858 ] ] ], [ [ [ -41.935676186, -22.539459012 ], [ -41.935878365, -22.539426586 ], [ -41.935687632, -22.539369366 ], [ -41.935676186, -22.539459012 ] ] ], [ [ [ -41.937358281, -22.538517501 ], [ -41.937755947, -22.540042968 ], [ -41.938122099, -22.539902581 ], [ -41.937358281, -22.538517501 ] ] ], [ [ [ -41.908755798, -22.537013342 ], [ -41.909192233, -22.537101146 ], [ -41.909149021, -22.536901589 ], [ -41.908755798, -22.537013342 ] ] ], [ [ [ -41.909405898, -22.536458115 ], [ -41.909456303, -22.536551224 ], [ -41.909561309, -22.536450354 ], [ -41.909405898, -22.536458115 ] ] ], [ [ [ -41.916331807, -22.532523909 ], [ -41.91699905, -22.53220056 ], [ -41.916390852, -22.532160184 ], [ -41.916331807, -22.532523909 ] ] ], [ [ [ -41.919059248, -22.531850895 ], [ -41.917959451, -22.533195423 ], [ -41.919811089, -22.533582111 ], [ -41.919059248, -22.531850895 ] ] ], [ [ [ -41.918773263, -22.531667492 ], [ -41.91847953, -22.531661771 ], [ -41.918658822, -22.531825803 ], [ -41.918773263, -22.531667492 ] ] ], [ [ [ -41.91968116, -22.526580593 ], [ -41.919585794, -22.526870511 ], [ -41.919932932, -22.526857159 ], [ -41.91968116, -22.526580593 ] ] ], [ [ [ -41.884563058, -22.489805004 ], [ -41.884959785, -22.489766857 ], [ -41.88446769, -22.489742061 ], [ -41.884563058, -22.489805004 ] ] ], [ [ [ -41.884811013, -22.489408274 ], [ -41.884978859, -22.48956468 ], [ -41.885085672, -22.48944833 ], [ -41.884811013, -22.489408274 ] ] ], [ [ [ -41.883237791, -22.489729748 ], [ -41.88404322, -22.489608621 ], [ -41.88323166, -22.489437623 ], [ -41.883237791, -22.489729748 ] ] ], [ [ [ -41.884673682, -22.487859508 ], [ -41.88404426, -22.488248606 ], [ -41.884780495, -22.487960599 ], [ -41.884673682, -22.487859508 ] ] ], [ [ [ -41.848229591, -22.478778636 ], [ -41.848884552, -22.478754741 ], [ -41.848433324, -22.478458301 ], [ -41.848229591, -22.478778636 ] ] ], [ [ [ -41.849576893, -22.478588826 ], [ -41.85001083, -22.478677373 ], [ -41.849698192, -22.478411945 ], [ -41.849576893, -22.478588826 ] ] ], [ [ [ -41.864683927, -22.478680532 ], [ -41.865231825, -22.478714199 ], [ -41.865446412, -22.478384205 ], [ -41.864683927, -22.478680532 ] ] ], [ [ [ -41.850540785, -22.47844629 ], [ -41.85133097, -22.478638168 ], [ -41.850751336, -22.477804788 ], [ -41.850540785, -22.47844629 ] ] ], [ [ [ -41.861895139, -22.475030572 ], [ -41.861088867, -22.475105692 ], [ -41.861030014, -22.475245051 ], [ -41.861895139, -22.475030572 ] ] ], [ [ [ -41.857326344, -22.473383672 ], [ -41.857439093, -22.474787949 ], [ -41.858206609, -22.474321829 ], [ -41.857326344, -22.473383672 ] ] ], [ [ [ -41.857919478, -22.47282587 ], [ -41.857714394, -22.473370286 ], [ -41.858300775, -22.473054828 ], [ -41.857919478, -22.47282587 ] ] ], [ [ [ -41.855915678, -22.467417337 ], [ -41.856852014, -22.467355062 ], [ -41.856486542, -22.466692207 ], [ -41.855915678, -22.467417337 ] ] ], [ [ [ -41.851171502, -22.464846592 ], [ -41.851427526, -22.464953511 ], [ -41.85151835, -22.464828954 ], [ -41.851171502, -22.464846592 ] ] ], [ [ [ -41.852275873, -22.463883915 ], [ -41.852222779, -22.464085552 ], [ -41.852407704, -22.4638717 ], [ -41.852275873, -22.463883915 ] ] ], [ [ [ -41.854131718, -22.463277825 ], [ -41.852904056, -22.462738204 ], [ -41.853555462, -22.463755423 ], [ -41.854131718, -22.463277825 ] ] ], [ [ [ -41.852538673, -22.462566158 ], [ -41.852470009, -22.462884685 ], [ -41.852599712, -22.462568065 ], [ -41.852538673, -22.462566158 ] ] ], [ [ [ -41.854785531, -22.456769728 ], [ -41.85493049, -22.456998607 ], [ -41.854865388, -22.456754468 ], [ -41.854785531, -22.456769728 ] ] ], [ [ [ -41.854945747, -22.456697246 ], [ -41.855144112, -22.456962369 ], [ -41.854976266, -22.456693433 ], [ -41.854945747, -22.456697246 ] ] ], [ [ [ -41.854232399, -22.45488908 ], [ -41.853957741, -22.455224773 ], [ -41.853854744, -22.455762646 ], [ -41.854297249, -22.455270551 ], [ -41.854232399, -22.45488908 ] ] ], [ [ [ -41.85429725, -22.454906247 ], [ -41.854503245, -22.454957745 ], [ -41.854343025, -22.454759381 ], [ -41.85429725, -22.454906247 ] ] ], [ [ [ -41.851401338, -22.453772168 ], [ -41.851220937, -22.455054287 ], [ -41.852520101, -22.454233723 ], [ -41.851401338, -22.453772168 ] ] ], [ [ [ -41.828472555, -22.425662986 ], [ -41.828967121, -22.425525286 ], [ -41.828466596, -22.425431649 ], [ -41.828472555, -22.425662986 ] ] ], [ [ [ -41.828115037, -22.424418171 ], [ -41.828097162, -22.424594429 ], [ -41.828216334, -22.424434695 ], [ -41.828115037, -22.424418171 ] ] ], [ [ [ -41.82758472, -22.424440204 ], [ -41.827829023, -22.424544857 ], [ -41.82779923, -22.424434695 ], [ -41.82758472, -22.424440204 ] ] ], [ [ [ -41.827894568, -22.424247421 ], [ -41.827983948, -22.424368599 ], [ -41.828037575, -22.424285978 ], [ -41.827894568, -22.424247421 ] ] ], [ [ [ -41.937120012, -22.37775893 ], [ -41.937884548, -22.394637924 ], [ -41.906909747, -22.40001686 ], [ -41.879287028, -22.417874457 ], [ -41.82806343, -22.408269111 ], [ -41.81779025, -22.417031018 ], [ -41.834640115, -22.428701183 ], [ -41.853820413, -22.448053141 ], [ -41.861877054, -22.468192837 ], [ -41.859538644, -22.47016122 ], [ -41.86242637, -22.472915433 ], [ -41.862704842, -22.475785992 ], [ -41.861350624, -22.477044842 ], [ -41.863391489, -22.476245664 ], [ -41.873050301, -22.481107496 ], [ -41.876876442, -22.487922452 ], [ -41.887561409, -22.485774777 ], [ -41.893333046, -22.48845651 ], [ -41.932517616, -22.537534497 ], [ -41.94303855, -22.528133176 ], [ -41.95987281, -22.532943508 ], [ -41.979155929, -22.562459237 ], [ -41.991310552, -22.502159409 ], [ -42.026952252, -22.468428462 ], [ -42.014455944, -22.425877238 ], [ -42.063431888, -22.420822831 ], [ -42.023788838, -22.38794392 ], [ -41.997362532, -22.400295772 ], [ -41.94679062, -22.389425989 ], [ -41.937120012, -22.37775893 ] ] ] ] } },
{ "type": "Feature", "properties": { "CD_MUN": "3304557", "NM_MUN": "Rio de Janeiro", "SIGLA_UF": "RJ", "AREA_KM2": 1200.329 }, "geometry": { "type": "MultiPolygon", "coordinates": [ [ [ [ -43.568834789, -23.081433818 ], [ -43.569183145, -23.081511252 ], [ -43.569160806, -23.081357848 ], [ -43.568834789, -23.081433818 ] ] ], [ [ [ -43.561375744, -23.078737275 ], [ -43.55947437, -23.081156782 ], [ -43.563786308, -23.081934104 ], [ -43.561375744, -23.078737275 ] ] ], [ [ [ -43.199799341, -23.072998143 ], [ -43.198322227, -23.074699786 ], [ -43.200476192, -23.073663429 ], [ -43.199799341, -23.072998143 ] ] ], [ [ [ -43.574303292, -23.072790546 ], [ -43.57312227, -23.073233835 ], [ -43.574240364, -23.073301285 ], [ -43.574303292, -23.072790546 ] ] ], [ [ [ -43.199103785, -23.07146861 ], [ -43.191097759, -23.070769537 ], [ -43.192784887, -23.07410208 ], [ -43.199103785, -23.07146861 ] ] ], [ [ [ -43.510702869, -23.061323725 ], [ -43.514411185, -23.065384396 ], [ -43.513451302, -23.062515946 ], [ -43.510702869, -23.061323725 ] ] ], [ [ [ -43.512324487, -23.060627858 ], [ -43.512150846, -23.061308401 ], [ -43.512727518, -23.061208908 ], [ -43.512324487, -23.060627858 ] ] ], [ [ [ -43.567416743, -23.05977544 ], [ -43.567662625, -23.059915004 ], [ -43.567566154, -23.059681423 ], [ -43.567416743, -23.05977544 ] ] ], [ [ [ -43.148248938, -23.059584229 ], [ -43.142853985, -23.06410213 ], [ -43.142328751, -23.065887141 ], [ -43.147821931, -23.064944325 ], [ -43.148248938, -23.059584229 ] ] ], [ [ [ -43.565705454, -23.058755419 ], [ -43.565820754, -23.058816548 ], [ -43.565794225, -23.058693994 ], [ -43.565705454, -23.058755419 ] ] ], [ [ [ -43.566532358, -23.059065486 ], [ -43.56585433, -23.058711707 ], [ -43.566061289, -23.059095547 ], [ -43.566532358, -23.059065486 ] ] ], [ [ [ -43.567364069, -23.058130757 ], [ -43.567114203, -23.059536176 ], [ -43.567518221, -23.059536024 ], [ -43.567364069, -23.058130757 ] ] ], [ [ [ -43.56294474, -23.058102082 ], [ -43.563983418, -23.058294636 ], [ -43.563444231, -23.05730635 ], [ -43.56294474, -23.058102082 ] ] ], [ [ [ -43.56488173, -23.056519136 ], [ -43.565851858, -23.056955205 ], [ -43.565552984, -23.055419767 ], [ -43.56488173, -23.056519136 ] ] ], [ [ [ -43.564255707, -23.053353049 ], [ -43.563912204, -23.054645287 ], [ -43.565172865, -23.053252866 ], [ -43.564255707, -23.053353049 ] ] ], [ [ [ -43.509511527, -23.05305887 ], [ -43.507741399, -23.053341817 ], [ -43.509447829, -23.054097442 ], [ -43.509511527, -23.05305887 ] ] ], [ [ [ -43.568906066, -23.050760216 ], [ -43.564469561, -23.052298537 ], [ -43.569491413, -23.050988643 ], [ -43.568906066, -23.050760216 ] ] ], [ [ [ -43.569190375, -23.050798635 ], [ -43.569599642, -23.05079102 ], [ -43.56906474, -23.05073772 ], [ -43.569190375, -23.050798635 ] ] ], [ [ [ -43.5703469, -23.05037542 ], [ -43.56947883, -23.049866615 ], [ -43.569207103, -23.05044472 ], [ -43.5703469, -23.05037542 ] ] ], [ [ [ -43.310074295, -23.046679575 ], [ -43.310543067, -23.047161408 ], [ -43.310754985, -23.046540531 ], [ -43.310074295, -23.046679575 ] ] ], [ [ [ -43.58361542, -23.044384491 ], [ -43.584087353, -23.045039792 ], [ -43.584605138, -23.044113029 ], [ -43.58361542, -23.044384491 ] ] ], [ [ [ -43.309987519, -23.044308063 ], [ -43.310470204, -23.044399593 ], [ -43.310227565, -23.044073536 ], [ -43.309987519, -23.044308063 ] ] ], [ [ [ -43.586483793, -23.042927154 ], [ -43.586840055, -23.044368128 ], [ -43.588328487, -23.042184045 ], [ -43.586483793, -23.042927154 ] ] ], [ [ [ -43.591659519, -23.041327558 ], [ -43.592514956, -23.042691582 ], [ -43.594172673, -23.042073337 ], [ -43.591659519, -23.041327558 ] ] ], [ [ [ -43.592971893, -23.041031787 ], [ -43.593339116, -23.04142389 ], [ -43.593457951, -23.041271221 ], [ -43.592971893, -23.041031787 ] ] ], [ [ [ -43.316358586, -23.03718664 ], [ -43.315897873, -23.037678021 ], [ -43.316773188, -23.037366307 ], [ -43.316358586, -23.03718664 ] ] ], [ [ [ -43.306743752, -23.03741215 ], [ -43.302593708, -23.0384381 ], [ -43.307944639, -23.038709139 ], [ -43.306743752, -23.03741215 ] ] ], [ [ [ -43.579678482, -23.039997384 ], [ -43.579206475, -23.044476057 ], [ -43.58043648, -23.040390764 ], [ -43.58144707, -23.039056992 ], [ -43.588304948, -23.035652732 ], [ -43.584896537, -23.035744352 ], [ -43.579678482, -23.039997384 ] ] ], [ [ [ -43.196949601, -23.034511965 ], [ -43.205724827, -23.040134684 ], [ -43.20826787, -23.039866039 ], [ -43.196949601, -23.034511965 ] ] ], [ [ [ -43.304886328, -23.033853295 ], [ -43.304774808, -23.034116547 ], [ -43.304992592, -23.034081116 ], [ -43.304886328, -23.033853295 ] ] ], [ [ [ -43.472017132, -23.035540221 ], [ -43.467531221, -23.037132067 ], [ -43.47092409, -23.03776665 ], [ -43.472017132, -23.035540221 ] ] ], [ [ [ -43.305778415, -23.033365674 ], [ -43.305244831, -23.033367758 ], [ -43.305541497, -23.033728168 ], [ -43.305778415, -23.033365674 ] ] ], [ [ [ -43.194712666, -23.033140575 ], [ -43.196248562, -23.033948147 ], [ -43.194627251, -23.032595562 ], [ -43.194712666, -23.033140575 ] ] ], [ [ [ -43.301322946, -23.033284446 ], [ -43.298386454, -23.031610069 ], [ -43.29865004, -23.034157989 ], [ -43.301322946, -23.033284446 ] ] ], [ [ [ -43.192747452, -23.031674518 ], [ -43.193754288, -23.031703382 ], [ -43.192631549, -23.03121455 ], [ -43.192747452, -23.031674518 ] ] ], [ [ [ -43.607398488, -23.032953345 ], [ -43.602989223, -23.039506638 ], [ -43.567557545, -23.053976123 ], [ -43.565998589, -23.056082098 ], [ -43.565933694, -23.057537833 ], [ -43.567502034, -23.058052756 ], [ -43.568329647, -23.059610997 ], [ -43.566957809, -23.063004281 ], [ -43.606076745, -23.050510659 ], [ -43.66779709, -23.053058915 ], [ -43.663703729, -23.040743421 ], [ -43.607398488, -23.032953345 ] ] ], [ [ [ -43.60957704, -23.029516213 ], [ -43.605292847, -23.033155896 ], [ -43.611768741, -23.030475909 ], [ -43.60957704, -23.029516213 ] ] ], [ [ [ -43.19259113, -23.029129803 ], [ -43.191209947, -23.029983027 ], [ -43.192579022, -23.030212677 ], [ -43.19259113, -23.029129803 ] ] ], [ [ [ -43.276181909, -23.028865531 ], [ -43.27596645, -23.030671954 ], [ -43.278428772, -23.030182875 ], [ -43.276181909, -23.028865531 ] ] ], [ [ [ -43.599183077, -23.028168522 ], [ -43.593603118, -23.033854941 ], [ -43.581412619, -23.039798668 ], [ -43.578480499, -23.046090163 ], [ -43.589650228, -23.040656045 ], [ -43.602277794, -23.039044001 ], [ -43.599183077, -23.028168522 ] ] ], [ [ [ -43.600270756, -23.027492971 ], [ -43.604469651, -23.027071895 ], [ -43.600128971, -23.027347032 ], [ -43.600270756, -23.027492971 ] ] ], [ [ [ -43.206090701, -23.02569586 ], [ -43.200692473, -23.026823314 ], [ -43.206322342, -23.026097272 ], [ -43.206090701, -23.02569586 ] ] ], [ [ [ -43.193332089, -23.025823 ], [ -43.190058723, -23.027019165 ], [ -43.195257123, -23.027368359 ], [ -43.193332089, -23.025823 ] ] ], [ [ [ -43.18380049, -23.021727513 ], [ -43.182037374, -23.023437431 ], [ -43.182284399, -23.023794809 ], [ -43.18380049, -23.021727513 ] ] ], [ [ [ -43.652408013, -23.00312532 ], [ -43.652766685, -23.002961843 ], [ -43.652431143, -23.002991789 ], [ -43.652408013, -23.00312532 ] ] ], [ [ [ -43.650241837, -23.002511403 ], [ -43.650786076, -23.002599305 ], [ -43.650323732, -23.002224459 ], [ -43.650241837, -23.002511403 ] ] ], [ [ [ -43.66073156, -22.999505849 ], [ -43.660579067, -22.999902573 ], [ -43.660994458, -22.999866882 ], [ -43.66073156, -22.999505849 ] ] ], [ [ [ -43.661238631, -22.998401887 ], [ -43.660673257, -22.998969411 ], [ -43.66141106, -22.998863838 ], [ -43.661238631, -22.998401887 ] ] ], [ [ [ -43.695884307, -22.986242164 ], [ -43.695262598, -22.9863552 ], [ -43.696235621, -22.986698857 ], [ -43.695884307, -22.986242164 ] ] ], [ [ [ -43.70589598, -22.985935644 ], [ -43.70587984, -22.986738188 ], [ -43.707288134, -22.986733167 ], [ -43.70589598, -22.985935644 ] ] ], [ [ [ -43.150723027, -22.963107983 ], [ -43.148734671, -22.965562049 ], [ -43.151430079, -22.966739261 ], [ -43.150723027, -22.963107983 ] ] ], [ [ [ -43.147897738, -22.935235767 ], [ -43.148478511, -22.935310288 ], [ -43.147890596, -22.935097669 ], [ -43.147897738, -22.935235767 ] ] ], [ [ [ -43.147091441, -22.934390699 ], [ -43.146560661, -22.934844454 ], [ -43.147407412, -22.934700914 ], [ -43.147091441, -22.934390699 ] ] ], [ [ [ -43.783877846, -22.927971206 ], [ -43.786887738, -22.926431168 ], [ -43.783520411, -22.925576021 ], [ -43.783877846, -22.927971206 ] ] ], [ [ [ -43.160633571, -22.912949652 ], [ -43.157812456, -22.912700742 ], [ -43.161366245, -22.916422773 ], [ -43.160633571, -22.912949652 ] ] ], [ [ [ -43.165853082, -22.897016892 ], [ -43.16699491, -22.896882147 ], [ -43.16570413, -22.896818459 ], [ -43.165853082, -22.897016892 ] ] ], [ [ [ -43.174717757, -22.89314796 ], [ -43.168172575, -22.897519163 ], [ -43.174959094, -22.897519902 ], [ -43.174717757, -22.89314796 ] ] ], [ [ [ -43.196337193, -22.887106671 ], [ -43.196877095, -22.888021937 ], [ -43.197818423, -22.887770861 ], [ -43.196337193, -22.887106671 ] ] ], [ [ [ -43.211093397, -22.887225188 ], [ -43.207361765, -22.889039461 ], [ -43.209106003, -22.891952228 ], [ -43.211093397, -22.887225188 ] ] ], [ [ [ -43.176091811, -22.88304134 ], [ -43.173042976, -22.88385636 ], [ -43.176898097, -22.884303642 ], [ -43.176091811, -22.88304134 ] ] ], [ [ [ -43.174503965, -22.836836068 ], [ -43.174530439, -22.838975112 ], [ -43.175784645, -22.836707903 ], [ -43.174503965, -22.836836068 ] ] ], [ [ [ -43.24315504, -22.838244223 ], [ -43.219839915, -22.844803932 ], [ -43.231329365, -22.844085422 ], [ -43.227767695, -22.855070653 ], [ -43.208387402, -22.858358554 ], [ -43.21951127, -22.861766245 ], [ -43.215665201, -22.870530776 ], [ -43.236238821, -22.861133626 ], [ -43.239969648, -22.842324705 ], [ -43.24315504, -22.838244223 ] ] ], [ [ [ -43.167193161, -22.829131936 ], [ -43.167386531, -22.829345781 ], [ -43.167603762, -22.829244764 ], [ -43.167193161, -22.829131936 ] ] ], [ [ [ -43.254262109, -22.825761297 ], [ -43.254170091, -22.825598634 ], [ -43.254142635, -22.825739384 ], [ -43.254262109, -22.825761297 ] ] ], [ [ [ -43.259922078, -22.825091083 ], [ -43.257486831, -22.826107944 ], [ -43.259203576, -22.826619001 ], [ -43.259922078, -22.825091083 ] ] ], [ [ [ -43.255510291, -22.82461248 ], [ -43.254618113, -22.824632511 ], [ -43.254661498, -22.825319453 ], [ -43.255510291, -22.82461248 ] ] ], [ [ [ -43.162725695, -22.819395315 ], [ -43.162478701, -22.819711319 ], [ -43.162764505, -22.820055673 ], [ -43.162624989, -22.820148012 ], [ -43.162787087, -22.820319272 ], [ -43.162725695, -22.819395315 ] ] ], [ [ [ -43.165254069, -22.813144444 ], [ -43.160698882, -22.81459428 ], [ -43.161400415, -22.81508866 ], [ -43.165254069, -22.813144444 ] ] ], [ [ [ -43.122245391, -22.804931307 ], [ -43.124255816, -22.805978211 ], [ -43.122563446, -22.8044531 ], [ -43.122245391, -22.804931307 ] ] ], [ [ [ -43.117909543, -22.802439121 ], [ -43.11786322, -22.804431017 ], [ -43.119614235, -22.803847345 ], [ -43.117909543, -22.802439121 ] ] ], [ [ [ -43.108884556, -22.800035067 ], [ -43.110323043, -22.801856183 ], [ -43.111966776, -22.803190735 ], [ -43.108884556, -22.800035067 ] ] ], [ [ [ -43.305049781, -22.800804625 ], [ -43.290173681, -22.810407794 ], [ -43.272831206, -22.809829053 ], [ -43.264796763, -22.826469684 ], [ -43.24323604, -22.842255695 ], [ -43.236529638, -22.862028195 ], [ -43.226667053, -22.8741249 ], [ -43.217017007, -22.875799447 ], [ -43.209918786, -22.866999101 ], [ -43.201385748, -22.871460886 ], [ -43.215972408, -22.88634385 ], [ -43.210843739, -22.897606424 ], [ -43.179066196, -22.892280556 ], [ -43.173346635, -22.902080707 ], [ -43.16178975, -22.90478451 ], [ -43.161642039, -22.916789623 ], [ -43.172709941, -22.916606727 ], [ -43.168634093, -22.938715913 ], [ -43.180377887, -22.94793455 ], [ -43.169995218, -22.952310577 ], [ -43.152178491, -22.938572967 ], [ -43.150235009, -22.950928642 ], [ -43.164440948, -22.954723484 ], [ -43.159595999, -22.96441453 ], [ -43.185295903, -22.974224871 ], [ -43.189264993, -22.983634844 ], [ -43.183523692, -22.986014907 ], [ -43.190115601, -22.990696446 ], [ -43.22666805, -22.988536951 ], [ -43.240781456, -23.000415086 ], [ -43.274726913, -23.002276972 ], [ -43.286432677, -23.016449786 ], [ -43.35760481, -23.011121429 ], [ -43.445596384, -23.0229183 ], [ -43.498245242, -23.037133396 ], [ -43.508535184, -23.047573829 ], [ -43.534386641, -23.050291659 ], [ -43.548931811, -23.060707565 ], [ -43.55183269, -23.076182621 ], [ -43.564614079, -23.075528653 ], [ -43.572456365, -23.073139266 ], [ -43.56772328, -23.071457727 ], [ -43.569088984, -23.066293447 ], [ -43.561598577, -23.058151114 ], [ -43.562373013, -23.053156352 ], [ -43.599564046, -23.022883566 ], [ -43.622915886, -23.007870206 ], [ -43.643225513, -23.00111725 ], [ -43.647939824, -23.00089949 ], [ -43.653200394, -23.002775059 ], [ -43.674279061, -22.98030944 ], [ -43.68947541, -22.991902713 ], [ -43.710963745, -22.97057898 ], [ -43.719635301, -22.973022223 ], [ -43.718702354, -22.966696331 ], [ -43.745253065, -22.946500505 ], [ -43.784327854, -22.92427106 ], [ -43.789964204, -22.925703302 ], [ -43.796101924, -22.91911296 ], [ -43.794807504, -22.903531402 ], [ -43.751619126, -22.888735837 ], [ -43.748227114, -22.877933194 ], [ -43.644130926, -22.855733432 ], [ -43.623480645, -22.862814087 ], [ -43.592943914, -22.860499291 ], [ -43.588465965, -22.838693115 ], [ -43.559386906, -22.828884737 ], [ -43.490062317, -22.815514928 ], [ -43.458131408, -22.849037118 ], [ -43.42699044, -22.836880602 ], [ -43.414860221, -22.821221016 ], [ -43.369986765, -22.805282794 ], [ -43.305049781, -22.800804625 ] ] ], [ [ [ -43.157839455, -22.800288589 ], [ -43.157333995, -22.800125798 ], [ -43.157497612, -22.800336924 ], [ -43.157839455, -22.800288589 ] ] ], [ [ [ -43.169318414, -22.80005449 ], [ -43.168476449, -22.800239293 ], [ -43.1692805, -22.800682654 ], [ -43.169318414, -22.80005449 ] ] ], [ [ [ -43.122715336, -22.799013548 ], [ -43.123733327, -22.799298229 ], [ -43.123557581, -22.797784027 ], [ -43.122715336, -22.799013548 ] ] ], [ [ [ -43.111675539, -22.795700173 ], [ -43.113438615, -22.797311701 ], [ -43.113774411, -22.796394966 ], [ -43.111675539, -22.795700173 ] ] ], [ [ [ -43.121198305, -22.795699432 ], [ -43.122420214, -22.79714077 ], [ -43.12275289, -22.796356908 ], [ -43.121198305, -22.795699432 ] ] ], [ [ [ -43.155857776, -22.79466246 ], [ -43.155744817, -22.794690541 ], [ -43.155775287, -22.794723953 ], [ -43.155857776, -22.79466246 ] ] ], [ [ [ -43.155480725, -22.794628863 ], [ -43.155471754, -22.794644261 ], [ -43.155534072, -22.794630956 ], [ -43.155480725, -22.794628863 ] ] ], [ [ [ -43.156016704, -22.794403891 ], [ -43.155871093, -22.79438384 ], [ -43.155945474, -22.794512534 ], [ -43.156016704, -22.794403891 ] ] ], [ [ [ -43.154889102, -22.794173746 ], [ -43.154934957, -22.794198111 ], [ -43.15494344, -22.794174621 ], [ -43.154889102, -22.794173746 ] ] ], [ [ [ -43.154941187, -22.794169473 ], [ -43.154934559, -22.79409735 ], [ -43.154876439, -22.794115638 ], [ -43.154941187, -22.794169473 ] ] ], [ [ [ -43.154816558, -22.79409111 ], [ -43.154845922, -22.794124493 ], [ -43.154864779, -22.794113335 ], [ -43.154816558, -22.79409111 ] ] ], [ [ [ -43.155801013, -22.794023152 ], [ -43.155817073, -22.794040869 ], [ -43.155812337, -22.794025171 ], [ -43.155801013, -22.794023152 ] ] ], [ [ [ -43.15576506, -22.793395592 ], [ -43.155621743, -22.794645531 ], [ -43.155963903, -22.79461202 ], [ -43.155761107, -22.794540616 ], [ -43.15576506, -22.793395592 ] ] ], [ [ [ -43.15576136, -22.792047154 ], [ -43.15575045, -22.792094614 ], [ -43.155772875, -22.792063602 ], [ -43.15576136, -22.792047154 ] ] ], [ [ [ -43.155510502, -22.791986538 ], [ -43.15545, -22.792079187 ], [ -43.15553946, -22.792036293 ], [ -43.155510502, -22.791986538 ] ] ], [ [ [ -43.155541085, -22.791915508 ], [ -43.155527072, -22.791966138 ], [ -43.155585225, -22.791937983 ], [ -43.155541085, -22.791915508 ] ] ], [ [ [ -43.155517636, -22.791884784 ], [ -43.155539291, -22.791903988 ], [ -43.155540104, -22.791897905 ], [ -43.155517636, -22.791884784 ] ] ], [ [ [ -43.155702975, -22.791884435 ], [ -43.155616607, -22.791917755 ], [ -43.155696183, -22.791948876 ], [ -43.155702975, -22.791884435 ] ] ], [ [ [ -43.155539157, -22.791838611 ], [ -43.155607959, -22.791899809 ], [ -43.155621843, -22.791858787 ], [ -43.155539157, -22.791838611 ] ] ], [ [ [ -43.155488456, -22.791827585 ], [ -43.155510184, -22.791841375 ], [ -43.155520692, -22.791820512 ], [ -43.155488456, -22.791827585 ] ] ], [ [ [ -43.15577205, -22.791811008 ], [ -43.155820543, -22.79183683 ], [ -43.155803878, -22.791809271 ], [ -43.15577205, -22.791811008 ] ] ], [ [ [ -43.155372894, -22.791754322 ], [ -43.155408405, -22.791757478 ], [ -43.155370208, -22.7917337 ], [ -43.155372894, -22.791754322 ] ] ], [ [ [ -43.15567842, -22.791727655 ], [ -43.155733592, -22.791700838 ], [ -43.155674549, -22.791685056 ], [ -43.15567842, -22.791727655 ] ] ], [ [ [ -43.105042392, -22.791026586 ], [ -43.104582499, -22.791273876 ], [ -43.104631297, -22.791985042 ], [ -43.105042392, -22.791026586 ] ] ], [ [ [ -43.152151074, -22.790284758 ], [ -43.152349747, -22.790395186 ], [ -43.152228419, -22.790181364 ], [ -43.152151074, -22.790284758 ] ] ], [ [ [ -43.105311641, -22.79016975 ], [ -43.105779428, -22.791479449 ], [ -43.106585195, -22.79138472 ], [ -43.105311641, -22.79016975 ] ] ], [ [ [ -43.10089724, -22.789604326 ], [ -43.10158989, -22.789814762 ], [ -43.100932991, -22.789357596 ], [ -43.10089724, -22.789604326 ] ] ], [ [ [ -43.151973927, -22.790229258 ], [ -43.151218547, -22.789699942 ], [ -43.15181662, -22.790722683 ], [ -43.151973927, -22.790229258 ] ] ], [ [ [ -43.149344733, -22.789494462 ], [ -43.148671912, -22.789028272 ], [ -43.148589099, -22.789455982 ], [ -43.149344733, -22.789494462 ] ] ], [ [ [ -43.099490672, -22.788252276 ], [ -43.100277725, -22.789317192 ], [ -43.100576869, -22.788961443 ], [ -43.099490672, -22.788252276 ] ] ], [ [ [ -43.151068336, -22.786919487 ], [ -43.148616472, -22.787046548 ], [ -43.151615004, -22.78747469 ], [ -43.151068336, -22.786919487 ] ] ], [ [ [ -43.13794105, -22.783351226 ], [ -43.13750151, -22.782715235 ], [ -43.137178442, -22.783047662 ], [ -43.13794105, -22.783351226 ] ] ], [ [ [ -43.140761759, -22.781760216 ], [ -43.140400442, -22.782152524 ], [ -43.140832049, -22.782055842 ], [ -43.140761759, -22.781760216 ] ] ], [ [ [ -43.106138437, -22.77649373 ], [ -43.104995064, -22.777621275 ], [ -43.106999933, -22.776927292 ], [ -43.106138437, -22.77649373 ] ] ], [ [ [ -43.138680598, -22.776497386 ], [ -43.137676489, -22.776688031 ], [ -43.138176588, -22.77660785 ], [ -43.13817893, -22.777323711 ], [ -43.138521899, -22.777270622 ], [ -43.138680598, -22.776497386 ] ] ], [ [ [ -43.141585729, -22.776605439 ], [ -43.139587641, -22.776058754 ], [ -43.139156245, -22.776890926 ], [ -43.141585729, -22.776605439 ] ] ], [ [ [ -43.172231498, -22.775648679 ], [ -43.170583483, -22.78284157 ], [ -43.164492496, -22.776978638 ], [ -43.15553547, -22.784138966 ], [ -43.178352131, -22.8020611 ], [ -43.174984612, -22.819743126 ], [ -43.163794951, -22.822481761 ], [ -43.170190652, -22.831243975 ], [ -43.175526642, -22.823778011 ], [ -43.184737307, -22.833584129 ], [ -43.191122272, -22.820309797 ], [ -43.210223132, -22.815652595 ], [ -43.241554337, -22.833942782 ], [ -43.265675295, -22.812849803 ], [ -43.256688128, -22.79740079 ], [ -43.233884253, -22.791570672 ], [ -43.230882139, -22.784383796 ], [ -43.191365316, -22.796469195 ], [ -43.189400125, -22.78318581 ], [ -43.172231498, -22.775648679 ] ] ], [ [ [ -43.159840906, -22.775495003 ], [ -43.15279326, -22.771686695 ], [ -43.151953597, -22.773933819 ], [ -43.159840906, -22.775495003 ] ] ], [ [ [ -43.115125669, -22.76970531 ], [ -43.114408945, -22.769661374 ], [ -43.115340697, -22.770424691 ], [ -43.115125669, -22.76970531 ] ] ], [ [ [ -43.117158824, -22.769186234 ], [ -43.116379992, -22.769219668 ], [ -43.117101035, -22.769470225 ], [ -43.117158824, -22.769186234 ] ] ], [ [ [ -43.168943186, -22.768725276 ], [ -43.169048149, -22.768767862 ], [ -43.168967937, -22.768695465 ], [ -43.168943186, -22.768725276 ] ] ], [ [ [ -43.168576853, -22.768006076 ], [ -43.16871582, -22.768091145 ], [ -43.168601313, -22.767972966 ], [ -43.168576853, -22.768006076 ] ] ], [ [ [ -43.168371337, -22.768201081 ], [ -43.167516411, -22.768732927 ], [ -43.168104599, -22.769067728 ], [ -43.168371337, -22.768201081 ] ] ], [ [ [ -43.168619359, -22.767809578 ], [ -43.168363262, -22.767802929 ], [ -43.168281954, -22.767896602 ], [ -43.168619359, -22.767809578 ] ] ], [ [ [ -43.168312331, -22.767559017 ], [ -43.168219508, -22.767765713 ], [ -43.168318801, -22.767674102 ], [ -43.168312331, -22.767559017 ] ] ], [ [ [ -43.169411597, -22.767589581 ], [ -43.169139762, -22.767712603 ], [ -43.169365248, -22.76776342 ], [ -43.169411597, -22.767589581 ] ] ], [ [ [ -43.168018193, -22.767403531 ], [ -43.16776036, -22.767676967 ], [ -43.168044199, -22.767704341 ], [ -43.168018193, -22.767403531 ] ] ], [ [ [ -43.168633409, -22.767530903 ], [ -43.168895955, -22.767504235 ], [ -43.168743401, -22.767387474 ], [ -43.168633409, -22.767530903 ] ] ], [ [ [ -43.168525179, -22.767366498 ], [ -43.168674794, -22.76740346 ], [ -43.168657724, -22.767332774 ], [ -43.168525179, -22.767366498 ] ] ], [ [ [ -43.168267222, -22.767190679 ], [ -43.168340399, -22.767256444 ], [ -43.168367106, -22.76720481 ], [ -43.168267222, -22.767190679 ] ] ], [ [ [ -43.169122965, -22.767141 ], [ -43.169011105, -22.767574192 ], [ -43.169200969, -22.767444664 ], [ -43.169122965, -22.767141 ] ] ], [ [ [ -43.169104064, -22.766997084 ], [ -43.169127268, -22.76704013 ], [ -43.169172382, -22.767013424 ], [ -43.169104064, -22.766997084 ] ] ], [ [ [ -43.168864632, -22.767016375 ], [ -43.168973643, -22.767022811 ], [ -43.168918569, -22.766957362 ], [ -43.168864632, -22.767016375 ] ] ], [ [ [ -43.169175472, -22.766991421 ], [ -43.169230445, -22.766959643 ], [ -43.169184469, -22.766946152 ], [ -43.169175472, -22.766991421 ] ] ], [ [ [ -43.169138841, -22.766801536 ], [ -43.169234886, -22.766836342 ], [ -43.169230104, -22.766775359 ], [ -43.169138841, -22.766801536 ] ] ], [ [ [ -43.168662627, -22.766745159 ], [ -43.16875325, -22.76676694 ], [ -43.168682533, -22.766720757 ], [ -43.168662627, -22.766745159 ] ] ], [ [ [ -43.169089507, -22.766619125 ], [ -43.16917937, -22.766697937 ], [ -43.169173398, -22.766621384 ], [ -43.169089507, -22.766619125 ] ] ], [ [ [ -43.102301471, -22.76284529 ], [ -43.101526446, -22.762939019 ], [ -43.102150601, -22.763278229 ], [ -43.102301471, -22.76284529 ] ] ], [ [ [ -43.120901408, -22.756485162 ], [ -43.114541776, -22.756370003 ], [ -43.120082036, -22.758457761 ], [ -43.120901408, -22.756485162 ] ] ], [ [ [ -43.105584051, -22.748659121 ], [ -43.102478735, -22.765091377 ], [ -43.111160476, -22.769486002 ], [ -43.112813522, -22.754069864 ], [ -43.105584051, -22.748659121 ] ] ], [ [ [ -43.128792183, -22.748032481 ], [ -43.12564261, -22.746582112 ], [ -43.124099922, -22.748321419 ], [ -43.128792183, -22.748032481 ] ] ] ] } },
{ "type": "Feature", "properties": { "CD_MUN": "3304607", "NM_MUN": "Santa Maria Madalena", "SIGLA_UF": "RJ", "AREA_KM2": 810.963 }, "geometry": { "type": "Polygon", "coordinates": [ [ [ -41.971112393, -21.80313208 ], [ -41.952274815, -21.855566283 ], [ -41.92556579, -21.87596515 ], [ -41.89715011, -21.878304774 ], [ -41.887081741, -21.871529491 ], [ -41.886817497, -21.880740764 ], [ -41.841102358, -21.887868807 ], [ -41.796785232, -21.876833272 ], [ -41.788853726, -21.888368023 ], [ -41.771432131, -21.891180556 ], [ -41.70327776, -21.889808814 ], [ -41.716097734, -21.911388461 ], [ -41.717817275, -21.985504662 ], [ -41.753627539, -22.015387453 ], [ -41.762120073, -22.019462865 ], [ -41.764111135, -22.007713029 ], [ -41.783241764, -22.014116349 ], [ -41.792743348, -22.0248516 ], [ -41.77631885, -22.021945524 ], [ -41.764616466, -22.033899194 ], [ -41.762382044, -22.06349811 ], [ -41.75045348, -22.086397118 ], [ -41.768112263, -22.084324676 ], [ -41.788451956, -22.099836634 ], [ -41.821253459, -22.1001004 ], [ -41.83654987, -22.072060194 ], [ -41.847964231, -22.071355867 ], [ -41.870245782, -22.051343104 ], [ -41.887495558, -22.048969337 ], [ -41.908670152, -22.068268551 ], [ -41.936032901, -22.056872983 ], [ -41.941691731, -22.07038694 ], [ -41.961765605, -22.077873387 ], [ -41.988107447, -22.057760012 ], [ -42.052809861, -22.058563154 ], [ -42.103678165, -22.04991125 ], [ -42.099303179, -22.030272905 ], [ -42.13848225, -22.031973966 ], [ -42.129989182, -22.020034664 ], [ -42.131871957, -22.006739317 ], [ -42.121062968, -22.001686986 ], [ -42.112894818, -21.98274136 ], [ -42.097152957, -21.97643882 ], [ -42.101153554, -21.955797016 ], [ -42.088358656, -21.960876098 ], [ -42.082114498, -21.953005359 ], [ -42.100892131, -21.926461563 ], [ -42.075535371, -21.936267417 ], [ -42.076478125, -21.914838196 ], [ -42.062262026, -21.918548284 ], [ -42.034174411, -21.886360017 ], [ -42.024427885, -21.861675119 ], [ -42.004142323, -21.845778912 ], [ -42.00545101, -21.83740041 ], [ -41.971112393, -21.80313208 ] ] ] } },
{ "type": "Feature", "properties": { "CD_MUN": "3304706", "NM_MUN": "Santo Antônio de Pádua", "SIGLA_UF": "RJ", "AREA_KM2": 603.633 }, "geometry": { "type": "Polygon", "coordinates": [ [ [ -42.275375943, -21.427472204 ], [ -42.202299044, -21.46861811 ], [ -42.124441457, -21.473879731 ], [ -42.106893436, -21.452683347 ], [ -42.080629246, -21.45083105 ], [ -42.064373289, -21.435381033 ], [ -42.024168128, -21.436676946 ], [ -42.008945685, -21.428233954 ], [ -41.993148664, -21.457054337 ], [ -42.007442727, -21.476113178 ], [ -41.998058463, -21.488853035 ], [ -42.002054266, -21.495862764 ], [ -42.054770027, -21.52635537 ], [ -42.053306681, -21.545913115 ], [ -42.105015984, -21.601806419 ], [ -42.138204911, -21.603798468 ], [ -42.157839203, -21.622672729 ], [ -42.18271729, -21.63358809 ], [ -42.186659438, -21.628933995 ], [ -42.20301635, -21.643563067 ], [ -42.183991982, -21.681308184 ], [ -42.27178684, -21.714545947 ], [ -42.26493482, -21.693863707 ], [ -42.273757962, -21.67740808 ], [ -42.283366414, -21.680952768 ], [ -42.282571076, -21.670398877 ], [ -42.30134101, -21.654922065 ], [ -42.340131487, -21.661973859 ], [ -42.34802583, -21.641801997 ], [ -42.355643782, -21.647792288 ], [ -42.369601498, -21.640094308 ], [ -42.355477561, -21.625045511 ], [ -42.369119437, -21.619455779 ], [ -42.346256348, -21.582975108 ], [ -42.324772005, -21.569443555 ], [ -42.330433667, -21.559842865 ], [ -42.309412915, -21.551486092 ], [ -42.302526076, -21.538914572 ], [ -42.306304724, -21.529084656 ], [ -42.297188245, -21.523535495 ], [ -42.285601067, -21.528120159 ], [ -42.273861948, -21.50389543 ], [ -42.254615402, -21.486978146 ], [ -42.271250629, -21.475027641 ], [ -42.27098301, -21.466052107 ], [ -42.292083749, -21.459979211 ], [ -42.280451322, -21.432412017 ], [ -42.275375943, -21.427472204 ] ] ] } },
{ "type": "Feature", "properties": { "CD_MUN": "3304755", "NM_MUN": "São Francisco de Itabapoana", "SIGLA_UF": "RJ", "AREA_KM2": 1118.037 }, "geometry": { "type": "MultiPolygon", "coordinates": [ [ [ [ -41.01541681, -21.610855415 ], [ -41.014711062, -21.618784702 ], [ -41.016392844, -21.610841454 ], [ -41.01541681, -21.610855415 ] ] ], [ [ [ -41.045526172, -21.584928379 ], [ -41.017789803, -21.613969086 ], [ -41.045911012, -21.616217952 ], [ -41.045526172, -21.584928379 ] ] ], [ [ [ -41.04757089, -21.583298715 ], [ -41.048495247, -21.583406158 ], [ -41.047744207, -21.582680917 ], [ -41.04757089, -21.583298715 ] ] ], [ [ [ -41.036091098, -21.46378252 ], [ -41.036431688, -21.463763698 ], [ -41.036060585, -21.463679091 ], [ -41.036091098, -21.46378252 ] ] ], [ [ [ -41.035849613, -21.462719369 ], [ -41.036376801, -21.463004385 ], [ -41.03618204, -21.46272257 ], [ -41.035849613, -21.462719369 ] ] ], [ [ [ -41.104612518, -21.219265113 ], [ -41.059319262, -21.234646809 ], [ -41.041333595, -21.254947335 ], [ -41.024905224, -21.245802699 ], [ -41.004740411, -21.251099872 ], [ -40.995795225, -21.286189793 ], [ -40.984953455, -21.287481657 ], [ -40.979161119, -21.279976989 ], [ -40.980788893, -21.28908829 ], [ -40.959291054, -21.302922765 ], [ -40.961398691, -21.360776685 ], [ -41.070495216, -21.501819394 ], [ -41.072646707, -21.525609752 ], [ -41.047673998, -21.586633527 ], [ -41.064949161, -21.552718199 ], [ -41.04814931, -21.61779994 ], [ -41.095197293, -21.65129488 ], [ -41.103447566, -21.675970007 ], [ -41.140974944, -21.677420228 ], [ -41.139434465, -21.671386686 ], [ -41.146797587, -21.671735128 ], [ -41.185016135, -21.688753751 ], [ -41.196919801, -21.681618997 ], [ -41.181089875, -21.592060307 ], [ -41.197523362, -21.59298053 ], [ -41.254467362, -21.556311271 ], [ -41.244064303, -21.500557582 ], [ -41.261485242, -21.489735177 ], [ -41.255837157, -21.445753113 ], [ -41.266720739, -21.407656049 ], [ -41.257269393, -21.388809959 ], [ -41.243102142, -21.388532922 ], [ -41.236979294, -21.375580852 ], [ -41.242966231, -21.36649946 ], [ -41.263672683, -21.364074667 ], [ -41.269851585, -21.351848209 ], [ -41.248949436, -21.309246581 ], [ -41.312894889, -21.311681474 ], [ -41.287220463, -21.256302289 ], [ -41.271904709, -21.246287046 ], [ -41.275539188, -21.235559489 ], [ -41.26082679, -21.236788564 ], [ -41.25121323, -21.222331717 ], [ -41.223942358, -21.227430554 ], [ -41.190599123, -21.248750754 ], [ -41.182956951, -21.23607059 ], [ -41.175819795, -21.244728878 ], [ -41.155891721, -21.245081534 ], [ -41.141168386, -21.23905201 ], [ -41.135923519, -21.226700411 ], [ -41.120067229, -21.230229439 ], [ -41.104612518, -21.219265113 ] ] ] ] } },
{ "type": "Feature", "properties": { "CD_MUN": "3304805", "NM_MUN": "São Fidélis", "SIGLA_UF": "RJ", "AREA_KM2": 1034.833 }, "geometry": { "type": "Polygon", "coordinates": [ [ [ -41.742727276, -21.464314036 ], [ -41.679471246, -21.516261684 ], [ -41.626952386, -21.595716481 ], [ -41.541433655, -21.560816349 ], [ -41.543797421, -21.616474267 ], [ -41.538135612, -21.621865901 ], [ -41.553334434, -21.630280033 ], [ -41.556005065, -21.640591484 ], [ -41.569809217, -21.640378443 ], [ -41.591206639, -21.664147397 ], [ -41.639505556, -21.670404868 ], [ -41.655433111, -21.693933936 ], [ -41.691288295, -21.710131052 ], [ -41.700463919, -21.725742988 ], [ -41.697722446, -21.739238856 ], [ -41.734307087, -21.762818824 ], [ -41.751679773, -21.781154055 ], [ -41.747183117, -21.788796298 ], [ -41.795155231, -21.783438451 ], [ -41.7957853, -21.794301516 ], [ -41.834494509, -21.820815114 ], [ -41.837367861, -21.8330905 ], [ -41.884719271, -21.85826104 ], [ -41.883879782, -21.872344246 ], [ -41.89715011, -21.878304774 ], [ -41.93652541, -21.872309939 ], [ -41.952274815, -21.855566283 ], [ -41.971211007, -21.804460844 ], [ -41.95290148, -21.771231804 ], [ -41.934392381, -21.767067673 ], [ -41.937944941, -21.752214131 ], [ -41.929987296, -21.743424253 ], [ -41.937122288, -21.741195379 ], [ -41.936738057, -21.596752941 ], [ -41.900984012, -21.575614605 ], [ -41.884683413, -21.580041168 ], [ -41.868563453, -21.573716421 ], [ -41.870686509, -21.555711967 ], [ -41.82363254, -21.512904661 ], [ -41.815754833, -21.491472606 ], [ -41.824983985, -21.482269452 ], [ -41.742727276, -21.464314036 ] ] ] } },
{ "type": "Feature", "properties": { "CD_MUN": "3304904", "NM_MUN": "São Gonçalo", "SIGLA_UF": "RJ", "AREA_KM2": 248.16 }, "geometry": { "type": "MultiPolygon", "coordinates": [ [ [ [ -43.108151787, -22.846696818 ], [ -43.10763711, -22.846987431 ], [ -43.108309326, -22.847431137 ], [ -43.108151787, -22.846696818 ] ] ], [ [ [ -43.103605487, -22.847127754 ], [ -43.106331294, -22.847428521 ], [ -43.10391828, -22.84570715 ], [ -43.103605487, -22.847127754 ] ] ], [ [ [ -43.115540417, -22.833559914 ], [ -43.104739526, -22.834766122 ], [ -43.107812581, -22.840785695 ], [ -43.115540417, -22.833559914 ] ] ], [ [ [ -43.095933129, -22.819325227 ], [ -43.101959905, -22.829695936 ], [ -43.10439198, -22.829375232 ], [ -43.095933129, -22.819325227 ] ] ], [ [ [ -43.1204829, -22.80569138 ], [ -43.120168865, -22.806328095 ], [ -43.120945914, -22.806284732 ], [ -43.1204829, -22.80569138 ] ] ], [ [ [ -43.072662836, -22.774246037 ], [ -43.07262773, -22.774698396 ], [ -43.072864492, -22.774565071 ], [ -43.072662836, -22.774246037 ] ] ], [ [ [ -43.073904119, -22.773375905 ], [ -43.073191932, -22.774383109 ], [ -43.074311627, -22.774119128 ], [ -43.073904119, -22.773375905 ] ] ], [ [ [ -43.069580081, -22.76026415 ], [ -43.069878372, -22.76066507 ], [ -43.069743927, -22.760211872 ], [ -43.069580081, -22.76026415 ] ] ], [ [ [ -42.997874747, -22.734086773 ], [ -42.991155781, -22.749623029 ], [ -42.944046849, -22.769522811 ], [ -42.938690947, -22.802599076 ], [ -42.920138174, -22.819707784 ], [ -42.906129507, -22.816893453 ], [ -42.885950469, -22.86763287 ], [ -42.983751794, -22.909236214 ], [ -42.990719583, -22.888191472 ], [ -43.008881615, -22.891530502 ], [ -43.027918752, -22.875938198 ], [ -43.096095075, -22.860606242 ], [ -43.104272885, -22.850260784 ], [ -43.096926099, -22.827869627 ], [ -43.065079277, -22.802931881 ], [ -43.078943842, -22.799131698 ], [ -43.081532315, -22.789385633 ], [ -43.068378449, -22.778647713 ], [ -43.068770288, -22.769892998 ], [ -43.023927596, -22.740231388 ], [ -42.997874747, -22.734086773 ] ] ] ] } },
{ "type": "Feature", "properties": { "CD_MUN": "3305000", "NM_MUN": "São João da Barra", "SIGLA_UF": "RJ", "AREA_KM2": 452.396 }, "geometry": { "type": "MultiPolygon", "coordinates": [ [ [ [ -41.029788581, -21.621419689 ], [ -41.02691993, -21.621831677 ], [ -41.026451949, -21.623123693 ], [ -41.029788581, -21.621419689 ] ] ], [ [ [ -41.015685646, -21.620874187 ], [ -41.016223519, -21.621499798 ], [ -41.016894905, -21.621148845 ], [ -41.015685646, -21.620874187 ] ] ], [ [ [ -41.025020211, -21.620752118 ], [ -41.024779883, -21.622983714 ], [ -41.028506844, -21.620719693 ], [ -41.025020211, -21.620752118 ] ] ], [ [ [ -41.017539589, -21.620610974 ], [ -41.01669654, -21.619909068 ], [ -41.016044228, -21.620383998 ], [ -41.017539589, -21.620610974 ] ] ], [ [ [ -41.018031687, -21.620248578 ], [ -41.020320502, -21.620300074 ], [ -41.017631142, -21.61962869 ], [ -41.018031687, -21.620248578 ] ] ], [ [ [ -41.015475838, -21.618867658 ], [ -41.016482918, -21.61987283 ], [ -41.016913978, -21.619388363 ], [ -41.015475838, -21.618867658 ] ] ], [ [ [ -41.049311779, -21.61785609 ], [ -41.026898541, -21.623397548 ], [ -41.012308357, -21.620984264 ], [ -41.023898689, -21.732602856 ], [ -40.981825802, -21.911062303 ], [ -41.127875404, -21.911935988 ], [ -41.159330098, -21.870054561 ], [ -41.149044585, -21.819209407 ], [ -41.177251475, -21.776865262 ], [ -41.172044224, -21.748724521 ], [ -41.1943175, -21.726468916 ], [ -41.146037352, -21.694978576 ], [ -41.131267338, -21.674752295 ], [ -41.10140392, -21.674758958 ], [ -41.095197293, -21.65129488 ], [ -41.049311779, -21.61785609 ] ] ] ] } },
{ "type": "Feature", "properties": { "CD_MUN": "3305109", "NM_MUN": "São João de Meriti", "SIGLA_UF": "RJ", "AREA_KM2": 35.216 }, "geometry": { "type": "Polygon", "coordinates": [ [ [ -43.329290308, -22.75590265 ], [ -43.330914454, -22.802665843 ], [ -43.365475183, -22.804065463 ], [ -43.387806206, -22.814799363 ], [ -43.410708015, -22.791674885 ], [ -43.385153607, -22.766455838 ], [ -43.329290308, -22.75590265 ] ] ] } },
{ "type": "Feature", "properties": { "CD_MUN": "3305133", "NM_MUN": "São José de Ubá", "SIGLA_UF": "RJ", "AREA_KM2": 249.688 }, "geometry": { "type": "Polygon", "coordinates": [ [ [ -41.839353241, -21.288317905 ], [ -41.81601493, -21.327520958 ], [ -41.855322639, -21.345202124 ], [ -41.868019858, -21.366097771 ], [ -41.89981688, -21.381887669 ], [ -41.897849171, -21.394037632 ], [ -41.950229751, -21.432292005 ], [ -41.970402873, -21.471065639 ], [ -41.984318357, -21.481542953 ], [ -41.998058463, -21.488853035 ], [ -42.005389859, -21.482551522 ], [ -41.993148664, -21.457054337 ], [ -42.002499168, -21.431967178 ], [ -42.058062913, -21.433802982 ], [ -42.029971414, -21.390722095 ], [ -42.028615767, -21.376502867 ], [ -42.039697916, -21.366056434 ], [ -42.027210951, -21.332006431 ], [ -41.998608782, -21.3284564 ], [ -41.987115066, -21.321977424 ], [ -41.987691503, -21.314087445 ], [ -41.974405802, -21.310488916 ], [ -41.932272937, -21.312654456 ], [ -41.917736233, -21.295173836 ], [ -41.899388255, -21.303732988 ], [ -41.886071674, -21.295192145 ], [ -41.870491842, -21.304967238 ], [ -41.839353241, -21.288317905 ] ] ] } },
{ "type": "Feature", "properties": { "CD_MUN": "3305158", "NM_MUN": "São José do Vale do Rio Preto", "SIGLA_UF": "RJ", "AREA_KM2": 220.178 }, "geometry": { "type": "Polygon", "coordinates": [ [ [ -42.956531818, -22.084618428 ], [ -42.928976908, -22.103543629 ], [ -42.916809995, -22.098978243 ], [ -42.904105768, -22.112587812 ], [ -42.88418603, -22.099945475 ], [ -42.87216232, -22.101431408 ], [ -42.86440568, -22.127592844 ], [ -42.874411036, -22.154483679 ], [ -42.863867603, -22.165244387 ], [ -42.827603363, -22.142748464 ], [ -42.819904159, -22.147094711 ], [ -42.793780646, -22.122153859 ], [ -42.756162688, -22.118136682 ], [ -42.74466707, -22.127694837 ], [ -42.777148629, -22.130489681 ], [ -42.814951423, -22.163523369 ], [ -42.868567567, -22.19093122 ], [ -42.892183834, -22.189705856 ], [ -42.906551364, -22.224950556 ], [ -42.93377238, -22.229029319 ], [ -42.955584284, -22.25353001 ], [ -42.970255388, -22.254241185 ], [ -42.980608303, -22.264699975 ], [ -42.979926582, -22.249363235 ], [ -42.99675346, -22.226125006 ], [ -43.018302363, -22.22280736 ], [ -43.029034698, -22.20259285 ], [ -43.047757299, -22.208605315 ], [ -43.017217624, -22.148267032 ], [ -43.001504108, -22.153953203 ], [ -42.954975382, -22.138870544 ], [ -42.973859204, -22.097240734 ], [ -42.956531818, -22.084618428 ] ] ] } },
{ "type": "Feature", "properties": { "CD_MUN": "3305208", "NM_MUN": "São Pedro da Aldeia", "SIGLA_UF": "RJ", "AREA_KM2": 332.488 }, "geometry": { "type": "Polygon", "coordinates": [ [ [ -42.129205563, -22.656963684 ], [ -42.024998143, -22.796407415 ], [ -42.041197474, -22.865734066 ], [ -42.099559383, -22.861997699 ], [ -42.108870062, -22.86963591 ], [ -42.104896986, -22.891146008 ], [ -42.116634494, -22.909295297 ], [ -42.152445576, -22.893910763 ], [ -42.169993657, -22.873735042 ], [ -42.211668375, -22.877732414 ], [ -42.176658016, -22.827592455 ], [ -42.192429815, -22.821579232 ], [ -42.19833367, -22.783549614 ], [ -42.2538856, -22.791985203 ], [ -42.218398878, -22.770236878 ], [ -42.166897899, -22.680425167 ], [ -42.142460856, -22.656383016 ], [ -42.129205563, -22.656963684 ] ] ] } },
{ "type": "Feature", "properties": { "CD_MUN": "3305307", "NM_MUN": "São Sebastião do Alto", "SIGLA_UF": "RJ", "AREA_KM2": 397.214 }, "geometry": { "type": "Polygon", "coordinates": [ [ [ -41.95217664, -21.729123699 ], [ -41.93000721, -21.741577203 ], [ -41.937944941, -21.752214131 ], [ -41.934392381, -21.767067673 ], [ -41.95290148, -21.771231804 ], [ -41.959623915, -21.792866562 ], [ -42.00545101, -21.83740041 ], [ -42.004142323, -21.845778912 ], [ -42.024427885, -21.861675119 ], [ -42.034174411, -21.886360017 ], [ -42.062262026, -21.918548284 ], [ -42.076478125, -21.914838196 ], [ -42.075535371, -21.936267417 ], [ -42.100892131, -21.926461563 ], [ -42.082114498, -21.953005359 ], [ -42.088358656, -21.960876098 ], [ -42.101153554, -21.955797016 ], [ -42.097152957, -21.97643882 ], [ -42.112894818, -21.98274136 ], [ -42.121062968, -22.001686986 ], [ -42.131871957, -22.006739317 ], [ -42.130020325, -22.020121561 ], [ -42.14658418, -22.024664005 ], [ -42.153742787, -22.010382737 ], [ -42.168893477, -22.004769247 ], [ -42.180241447, -22.006301452 ], [ -42.186159731, -22.017473505 ], [ -42.22302193, -22.008009741 ], [ -42.225289575, -21.981910038 ], [ -42.243006708, -21.972789268 ], [ -42.244120364, -21.95864922 ], [ -42.221442579, -21.918176225 ], [ -42.20982164, -21.919009602 ], [ -42.221583075, -21.908073352 ], [ -42.210855049, -21.879886739 ], [ -42.183520773, -21.876056465 ], [ -42.167109752, -21.858416248 ], [ -42.14221925, -21.858717739 ], [ -42.137889041, -21.85266185 ], [ -42.145862089, -21.842026067 ], [ -42.137271857, -21.83673402 ], [ -42.120468396, -21.850359532 ], [ -42.116329452, -21.837142967 ], [ -42.125414724, -21.823915962 ], [ -42.113269998, -21.8254597 ], [ -42.103099132, -21.809479517 ], [ -42.092189251, -21.813299328 ], [ -42.089379496, -21.8013717 ], [ -42.058315375, -21.80104369 ], [ -42.06323492, -21.790545321 ], [ -42.051058281, -21.778593346 ], [ -42.042552243, -21.7839537 ], [ -42.031478483, -21.765874921 ], [ -42.01365048, -21.772156383 ], [ -42.022754937, -21.755629244 ], [ -42.011606515, -21.744879938 ], [ -41.95217664, -21.729123699 ] ] ] } },
{ "type": "Feature", "properties": { "CD_MUN": "3305406", "NM_MUN": "Sapucaia", "SIGLA_UF": "RJ", "AREA_KM2": 540.673 }, "geometry": { "type": "Polygon", "coordinates": [ [ [ -42.674506955, -21.937708046 ], [ -42.699247765, -21.95977505 ], [ -42.687655321, -21.965150786 ], [ -42.7024386, -21.993061668 ], [ -42.697140294, -22.000980425 ], [ -42.71532205, -22.025369485 ], [ -42.710708161, -22.032860243 ], [ -42.717460825, -22.05237329 ], [ -42.742868252, -22.047608608 ], [ -42.733992244, -22.067807479 ], [ -42.734751911, -22.095171949 ], [ -42.759399047, -22.100764768 ], [ -42.755562689, -22.118240359 ], [ -42.793780646, -22.122153859 ], [ -42.819904159, -22.147094711 ], [ -42.827673508, -22.142780917 ], [ -42.852039483, -22.162189044 ], [ -42.863977873, -22.165215779 ], [ -42.874411036, -22.154483679 ], [ -42.86440568, -22.127592844 ], [ -42.873152256, -22.100867583 ], [ -42.904105768, -22.112587812 ], [ -42.916809995, -22.098978243 ], [ -42.928976908, -22.103543629 ], [ -42.935067764, -22.094585357 ], [ -42.948739226, -22.09497173 ], [ -42.955037051, -22.084517159 ], [ -43.016271959, -22.085848899 ], [ -43.00658211, -22.070405806 ], [ -43.006472864, -22.034582427 ], [ -42.989804296, -22.034228273 ], [ -42.968985459, -22.014895039 ], [ -42.907159989, -21.989441581 ], [ -42.87846974, -21.965773501 ], [ -42.881427471, -21.959266186 ], [ -42.787790311, -21.929569797 ], [ -42.665343627, -21.873250939 ], [ -42.663158317, -21.890727958 ], [ -42.670021837, -21.897979265 ], [ -42.662710174, -21.911050478 ], [ -42.674506955, -21.937708046 ] ] ] } },
{ "type": "Feature", "properties": { "CD_MUN": "3305505", "NM_MUN": "Saquarema", "SIGLA_UF": "RJ", "AREA_KM2": 352.13 }, "geometry": { "type": "MultiPolygon", "coordinates": [ [ [ [ -42.469114137, -22.943609358 ], [ -42.469063536, -22.944566067 ], [ -42.469455043, -22.94441562 ], [ -42.469114137, -22.943609358 ] ] ], [ [ [ -42.475712658, -22.939435363 ], [ -42.47638738, -22.940456026 ], [ -42.476766168, -22.939809301 ], [ -42.475712658, -22.939435363 ] ] ], [ [ [ -42.475257993, -22.938901519 ], [ -42.475611423, -22.93906919 ], [ -42.475461482, -22.938832477 ], [ -42.475257993, -22.938901519 ] ] ], [ [ [ -42.474658232, -22.938497132 ], [ -42.474861722, -22.938704257 ], [ -42.474925983, -22.938625352 ], [ -42.474658232, -22.938497132 ] ] ], [ [ [ -42.474261963, -22.938092745 ], [ -42.474422612, -22.938516859 ], [ -42.474701072, -22.938240691 ], [ -42.474261963, -22.938092745 ] ] ], [ [ [ -42.473426583, -22.938102608 ], [ -42.473747882, -22.93804343 ], [ -42.473672912, -22.937865893 ], [ -42.473426583, -22.938102608 ] ] ], [ [ [ -42.566677543, -22.80486631 ], [ -42.553157778, -22.815061199 ], [ -42.531949892, -22.808768058 ], [ -42.527488343, -22.81833579 ], [ -42.498364802, -22.830917503 ], [ -42.454262292, -22.819007867 ], [ -42.369933474, -22.835396796 ], [ -42.386839831, -22.892911326 ], [ -42.377951017, -22.907731833 ], [ -42.381636458, -22.935685003 ], [ -42.641212391, -22.937537785 ], [ -42.634190905, -22.919736056 ], [ -42.646585465, -22.90786531 ], [ -42.679353283, -22.909445355 ], [ -42.673885641, -22.903648531 ], [ -42.677190053, -22.877726097 ], [ -42.659938297, -22.859011179 ], [ -42.637824091, -22.85299919 ], [ -42.634293096, -22.836872072 ], [ -42.599978789, -22.815258881 ], [ -42.566677543, -22.80486631 ] ] ] ] } },
{ "type": "Feature", "properties": { "CD_MUN": "3305554", "NM_MUN": "Seropédica", "SIGLA_UF": "RJ", "AREA_KM2": 265.189 }, "geometry": { "type": "Polygon", "coordinates": [ [ [ -43.713108092, -22.641224517 ], [ -43.678003914, -22.647458804 ], [ -43.659959491, -22.660029653 ], [ -43.641031916, -22.650587186 ], [ -43.633229248, -22.661891538 ], [ -43.65244896, -22.680475428 ], [ -43.636939326, -22.71614133 ], [ -43.644601425, -22.746994421 ], [ -43.622475088, -22.825337577 ], [ -43.670258188, -22.852385929 ], [ -43.673480495, -22.864046178 ], [ -43.773966126, -22.8092573 ], [ -43.793510692, -22.791051585 ], [ -43.788833449, -22.771867589 ], [ -43.773322611, -22.769131156 ], [ -43.773320483, -22.758713779 ], [ -43.766160754, -22.757011248 ], [ -43.773709005, -22.754334105 ], [ -43.765273603, -22.729434157 ], [ -43.75271721, -22.731001985 ], [ -43.738832233, -22.711076712 ], [ -43.752965074, -22.700104422 ], [ -43.749461633, -22.68722928 ], [ -43.711160195, -22.647837941 ], [ -43.713108092, -22.641224517 ] ] ] } },
{ "type": "Feature", "properties": { "CD_MUN": "3305604", "NM_MUN": "Silva Jardim", "SIGLA_UF": "RJ", "AREA_KM2": 937.755 }, "geometry": { "type": "Polygon", "coordinates": [ [ [ -42.269148604, -22.402530995 ], [ -42.29479413, -22.430223191 ], [ -42.302421952, -22.46454669 ], [ -42.289148497, -22.465520733 ], [ -42.270335413, -22.485748935 ], [ -42.261503896, -22.506668339 ], [ -42.265696893, -22.519763135 ], [ -42.250272655, -22.546418615 ], [ -42.213633849, -22.538548426 ], [ -42.190505811, -22.549130752 ], [ -42.195664976, -22.573428678 ], [ -42.215447094, -22.592617769 ], [ -42.227472102, -22.589697977 ], [ -42.225834514, -22.596288802 ], [ -42.237873428, -22.59945355 ], [ -42.236458615, -22.609332731 ], [ -42.280163649, -22.608513689 ], [ -42.312298575, -22.643270858 ], [ -42.331777279, -22.704138888 ], [ -42.3618953, -22.713079345 ], [ -42.368753363, -22.724259451 ], [ -42.393649313, -22.721453847 ], [ -42.42004371, -22.736439866 ], [ -42.458726845, -22.718638318 ], [ -42.498663405, -22.72564708 ], [ -42.530782411, -22.71707145 ], [ -42.528001952, -22.631691794 ], [ -42.564564659, -22.620125787 ], [ -42.603359894, -22.540709558 ], [ -42.565725608, -22.484134671 ], [ -42.563372545, -22.467579868 ], [ -42.553455622, -22.466536929 ], [ -42.550571332, -22.455754412 ], [ -42.536553062, -22.457692727 ], [ -42.51190642, -22.434849958 ], [ -42.492811575, -22.435655554 ], [ -42.471234321, -22.44924774 ], [ -42.450970044, -22.433880996 ], [ -42.403521209, -22.42911744 ], [ -42.389568158, -22.420269712 ], [ -42.328633419, -22.428477462 ], [ -42.323930148, -22.420880061 ], [ -42.314912321, -22.424568343 ], [ -42.269148604, -22.402530995 ] ] ] } },
{ "type": "Feature", "properties": { "CD_MUN": "3305703", "NM_MUN": "Sumidouro", "SIGLA_UF": "RJ", "AREA_KM2": 413.407 }, "geometry": { "type": "Polygon", "coordinates": [ [ [ -42.6872584, -21.970112219 ], [ -42.547901582, -21.999633247 ], [ -42.560580219, -21.998533459 ], [ -42.571681313, -22.010181997 ], [ -42.576295904, -22.025812067 ], [ -42.563058911, -22.029388746 ], [ -42.56599951, -22.043235519 ], [ -42.579059303, -22.047559361 ], [ -42.573857024, -22.064267484 ], [ -42.603464278, -22.083686924 ], [ -42.604043476, -22.09728654 ], [ -42.591401892, -22.105898642 ], [ -42.603323793, -22.110670316 ], [ -42.607044424, -22.127048751 ], [ -42.617802112, -22.133347736 ], [ -42.609153564, -22.1405617 ], [ -42.577237995, -22.140700573 ], [ -42.573418262, -22.163494389 ], [ -42.559383717, -22.160849499 ], [ -42.555369473, -22.173161447 ], [ -42.573854708, -22.181207557 ], [ -42.593457672, -22.178011617 ], [ -42.611448933, -22.196399234 ], [ -42.641770574, -22.187253895 ], [ -42.642730933, -22.210046551 ], [ -42.659396641, -22.209887278 ], [ -42.677585174, -22.242597933 ], [ -42.710868209, -22.266733892 ], [ -42.715858138, -22.253441258 ], [ -42.744007204, -22.233871508 ], [ -42.732958897, -22.224910956 ], [ -42.732482806, -22.209438817 ], [ -42.74251385, -22.192191062 ], [ -42.751617004, -22.191308524 ], [ -42.744954945, -22.176159085 ], [ -42.755898837, -22.15154494 ], [ -42.744600228, -22.127325957 ], [ -42.760576853, -22.105032892 ], [ -42.73450986, -22.094835101 ], [ -42.733992244, -22.067807479 ], [ -42.742868252, -22.047608608 ], [ -42.717460825, -22.05237329 ], [ -42.710708161, -22.032860243 ], [ -42.71532205, -22.025369485 ], [ -42.696986975, -22.000633717 ], [ -42.7024386, -21.993061668 ], [ -42.698172227, -21.979375508 ], [ -42.6872584, -21.970112219 ] ] ] } },
{ "type": "Feature", "properties": { "CD_MUN": "3305752", "NM_MUN": "Tanguá", "SIGLA_UF": "RJ", "AREA_KM2": 143.007 }, "geometry": { "type": "Polygon", "coordinates": [ [ [ -42.747222037, -22.686532583 ], [ -42.70014242, -22.727119722 ], [ -42.690338176, -22.76174177 ], [ -42.675747816, -22.770569887 ], [ -42.688101011, -22.792899381 ], [ -42.658205367, -22.800921175 ], [ -42.669970035, -22.811632012 ], [ -42.668260229, -22.821979805 ], [ -42.656157454, -22.828427409 ], [ -42.668914418, -22.84464167 ], [ -42.645714056, -22.844726908 ], [ -42.645125705, -22.854897538 ], [ -42.716249851, -22.853678337 ], [ -42.748518377, -22.822937411 ], [ -42.736303151, -22.806640884 ], [ -42.757647032, -22.796658157 ], [ -42.784139547, -22.80401524 ], [ -42.801580976, -22.797450743 ], [ -42.805211703, -22.789720911 ], [ -42.789831591, -22.787315468 ], [ -42.783306624, -22.775261678 ], [ -42.791224616, -22.771857862 ], [ -42.787643246, -22.755937417 ], [ -42.798722219, -22.755114921 ], [ -42.803243, -22.735505073 ], [ -42.763420942, -22.739303717 ], [ -42.761150609, -22.718285292 ], [ -42.745787378, -22.702979826 ], [ -42.747222037, -22.686532583 ] ] ] } },
{ "type": "Feature", "properties": { "CD_MUN": "3305802", "NM_MUN": "Teresópolis", "SIGLA_UF": "RJ", "AREA_KM2": 773.338 }, "geometry": { "type": "Polygon", "coordinates": [ [ [ -42.777148629, -22.130489681 ], [ -42.744668743, -22.127698738 ], [ -42.755898837, -22.15154494 ], [ -42.744954945, -22.176159085 ], [ -42.751617004, -22.191308524 ], [ -42.74251385, -22.192191062 ], [ -42.732482806, -22.209438817 ], [ -42.732958897, -22.224910956 ], [ -42.744007204, -22.233871508 ], [ -42.715858138, -22.253441258 ], [ -42.713689296, -22.26508637 ], [ -42.717988949, -22.278573208 ], [ -42.711008895, -22.287278736 ], [ -42.726291373, -22.31719093 ], [ -42.717739883, -22.328010604 ], [ -42.726653863, -22.335853451 ], [ -42.722515173, -22.352710259 ], [ -42.740026071, -22.361002932 ], [ -42.73900976, -22.370495613 ], [ -42.767177006, -22.384254436 ], [ -42.803412555, -22.378687364 ], [ -42.802298631, -22.387046983 ], [ -42.815176648, -22.39150029 ], [ -42.810537869, -22.405231642 ], [ -42.852403776, -22.416917253 ], [ -42.850683521, -22.425841464 ], [ -42.868855534, -22.431926276 ], [ -42.873808978, -22.449377429 ], [ -42.890248446, -22.458708875 ], [ -42.930178008, -22.447999082 ], [ -42.970586445, -22.471172404 ], [ -42.999820983, -22.459674739 ], [ -43.016491168, -22.467101977 ], [ -43.028843055, -22.461251243 ], [ -43.022184227, -22.44111486 ], [ -43.037958207, -22.415027504 ], [ -43.028431426, -22.395260732 ], [ -43.034677679, -22.38967707 ], [ -43.028303116, -22.378374684 ], [ -43.035378939, -22.372356219 ], [ -43.021435765, -22.355207182 ], [ -43.031148656, -22.344640244 ], [ -43.030236643, -22.331302262 ], [ -43.046255265, -22.326412607 ], [ -43.042856406, -22.315032003 ], [ -43.014080067, -22.301993001 ], [ -43.016697082, -22.290519661 ], [ -42.989818211, -22.278436995 ], [ -42.970255388, -22.254241185 ], [ -42.955584284, -22.25353001 ], [ -42.942138764, -22.233854976 ], [ -42.906551364, -22.224950556 ], [ -42.892183834, -22.189705856 ], [ -42.859564126, -22.18678647 ], [ -42.847517302, -22.174739268 ], [ -42.814951423, -22.163523369 ], [ -42.777148629, -22.130489681 ] ] ] } },
{ "type": "Feature", "properties": { "CD_MUN": "3305901", "NM_MUN": "Trajano de Moraes", "SIGLA_UF": "RJ", "AREA_KM2": 591.151 }, "geometry": { "type": "Polygon", "coordinates": [ [ [ -42.173562862, -22.004361811 ], [ -42.153851416, -22.010287939 ], [ -42.14658418, -22.024664005 ], [ -42.137007728, -22.019609132 ], [ -42.136837008, -22.033103177 ], [ -42.09926441, -22.030296497 ], [ -42.103678165, -22.04991125 ], [ -42.052809861, -22.058563154 ], [ -41.988107447, -22.057760012 ], [ -41.961765605, -22.077873387 ], [ -41.957939681, -22.117645166 ], [ -41.966864701, -22.131995854 ], [ -41.983477719, -22.128117618 ], [ -42.027200135, -22.157955365 ], [ -42.087779766, -22.170465654 ], [ -42.09680118, -22.183148995 ], [ -42.093345939, -22.202666259 ], [ -42.158978038, -22.215068327 ], [ -42.183361416, -22.244508513 ], [ -42.197620166, -22.246646627 ], [ -42.22709629, -22.274017269 ], [ -42.232947899, -22.288121232 ], [ -42.244605769, -22.290348919 ], [ -42.250362553, -22.305839634 ], [ -42.26567191, -22.307026732 ], [ -42.294538662, -22.284289469 ], [ -42.252002355, -22.25635983 ], [ -42.250263491, -22.237356614 ], [ -42.233461263, -22.22465689 ], [ -42.265128049, -22.216773735 ], [ -42.286081492, -22.20082692 ], [ -42.27803569, -22.193306368 ], [ -42.29761932, -22.151268747 ], [ -42.290998824, -22.139655295 ], [ -42.279831238, -22.141710934 ], [ -42.277067732, -22.131885052 ], [ -42.294043186, -22.114539123 ], [ -42.262923529, -22.119188648 ], [ -42.278834373, -22.095503171 ], [ -42.267697072, -22.088761228 ], [ -42.270128586, -22.068933481 ], [ -42.26107856, -22.06479727 ], [ -42.260436783, -22.045931051 ], [ -42.240109584, -22.034589561 ], [ -42.250839839, -22.028250163 ], [ -42.241112745, -22.0236989 ], [ -42.233020345, -22.029399009 ], [ -42.217826646, -22.008056673 ], [ -42.186159731, -22.017473505 ], [ -42.173562862, -22.004361811 ] ] ] } },
{ "type": "Feature", "properties": { "CD_MUN": "3306008", "NM_MUN": "Três Rios", "SIGLA_UF": "RJ", "AREA_KM2": 322.843 }, "geometry": { "type": "Polygon", "coordinates": [ [ [ -43.002214232, -22.032836558 ], [ -43.010030479, -22.039181478 ], [ -43.003888357, -22.048435019 ], [ -43.010097041, -22.056027546 ], [ -43.00658211, -22.070405806 ], [ -43.016271959, -22.085848899 ], [ -42.969593939, -22.088405022 ], [ -42.973859204, -22.097240734 ], [ -42.954975382, -22.138870544 ], [ -43.001504108, -22.153953203 ], [ -43.017217624, -22.148267032 ], [ -43.047757299, -22.208605315 ], [ -43.05893952, -22.189904453 ], [ -43.042626075, -22.179901478 ], [ -43.033986526, -22.166739344 ], [ -43.039179546, -22.162828221 ], [ -43.103005574, -22.187661812 ], [ -43.109380756, -22.199948661 ], [ -43.155348746, -22.190622786 ], [ -43.198392204, -22.200747022 ], [ -43.200747382, -22.177342353 ], [ -43.258820746, -22.103327968 ], [ -43.215219633, -22.070962254 ], [ -43.144609272, -22.048076641 ], [ -43.140630971, -22.039868436 ], [ -43.130649776, -22.035020575 ], [ -43.133374726, -22.058409675 ], [ -43.154735756, -22.077542241 ], [ -43.142257991, -22.104446907 ], [ -43.129404246, -22.106922886 ], [ -43.122240917, -22.089399448 ], [ -43.106182115, -22.082656525 ], [ -43.089696968, -22.087896913 ], [ -43.078145753, -22.083055777 ], [ -43.074129015, -22.09334934 ], [ -43.033161161, -22.065904859 ], [ -43.039152142, -22.044594499 ], [ -43.002214232, -22.032836558 ] ] ] } },
{ "type": "Feature", "properties": { "CD_MUN": "3306107", "NM_MUN": "Valença", "SIGLA_UF": "RJ", "AREA_KM2": 1300.767 }, "geometry": { "type": "Polygon", "coordinates": [ [ [ -43.765439968, -22.062142287 ], [ -43.755799751, -22.076240347 ], [ -43.760440108, -22.081422721 ], [ -43.735241698, -22.097141308 ], [ -43.719821775, -22.080648406 ], [ -43.691315935, -22.070858857 ], [ -43.681294092, -22.071776973 ], [ -43.673329713, -22.090260969 ], [ -43.664197031, -22.088454595 ], [ -43.661100672, -22.154740787 ], [ -43.674372999, -22.166832157 ], [ -43.657313461, -22.180737355 ], [ -43.659317719, -22.19588403 ], [ -43.65207352, -22.203730208 ], [ -43.608730231, -22.224659021 ], [ -43.611259773, -22.241981103 ], [ -43.602864211, -22.246728981 ], [ -43.608274715, -22.258839255 ], [ -43.587108018, -22.265724573 ], [ -43.5938913, -22.26619344 ], [ -43.586456512, -22.276041257 ], [ -43.595127244, -22.285216256 ], [ -43.588699611, -22.288300572 ], [ -43.605127453, -22.307132731 ], [ -43.624396171, -22.304665201 ], [ -43.640200543, -22.317749405 ], [ -43.653770767, -22.312028337 ], [ -43.667383062, -22.322997244 ], [ -43.668491965, -22.334389615 ], [ -43.661061422, -22.339770389 ], [ -43.678673332, -22.344897038 ], [ -43.674531922, -22.357685604 ], [ -43.692273449, -22.360468853 ], [ -43.703604537, -22.386289509 ], [ -43.729661757, -22.377062458 ], [ -43.74874881, -22.403200542 ], [ -43.764553221, -22.391209052 ], [ -43.774551261, -22.366680711 ], [ -43.797956441, -22.363198796 ], [ -43.798003126, -22.355233613 ], [ -43.80952544, -22.351868196 ], [ -43.819544786, -22.367807556 ], [ -43.838192826, -22.374139854 ], [ -43.83631813, -22.386255563 ], [ -43.844795299, -22.384392422 ], [ -43.847880255, -22.367907274 ], [ -43.858195332, -22.373521254 ], [ -43.857878351, -22.361735423 ], [ -43.849935569, -22.33634597 ], [ -43.829075325, -22.320655346 ], [ -43.826774851, -22.313662488 ], [ -43.834495132, -22.30911187 ], [ -43.886890027, -22.330830001 ], [ -43.892924726, -22.344964209 ], [ -43.912633025, -22.350386817 ], [ -43.910896667, -22.360787544 ], [ -43.950407769, -22.34977074 ], [ -43.96018255, -22.339419834 ], [ -43.966431459, -22.34341763 ], [ -43.972675037, -22.312664399 ], [ -44.008471419, -22.310330135 ], [ -44.022368015, -22.29413307 ], [ -44.094848542, -22.329842337 ], [ -44.119064132, -22.330099033 ], [ -44.124187264, -22.339131129 ], [ -44.148091927, -22.331386123 ], [ -44.148119836, -22.320041922 ], [ -44.158095295, -22.313526219 ], [ -44.145824089, -22.302400494 ], [ -44.147064444, -22.280350049 ], [ -44.169122031, -22.268071553 ], [ -44.156656785, -22.251576654 ], [ -44.189171803, -22.240387401 ], [ -44.177288233, -22.226563534 ], [ -44.164655513, -22.233246208 ], [ -44.153255253, -22.227035977 ], [ -44.148414423, -22.212588802 ], [ -44.141683956, -22.220386579 ], [ -44.1213924, -22.208952338 ], [ -44.123018461, -22.18734896 ], [ -44.103837581, -22.184085777 ], [ -44.100165118, -22.173035201 ], [ -44.0896455, -22.175269652 ], [ -44.08721194, -22.184594614 ], [ -44.069458012, -22.162814249 ], [ -44.041494192, -22.160823155 ], [ -44.033817416, -22.152250386 ], [ -44.014625475, -22.153688398 ], [ -44.004371337, -22.162637263 ], [ -43.964881291, -22.139352516 ], [ -43.953487805, -22.142328097 ], [ -43.942603153, -22.132494301 ], [ -43.879651375, -22.114021367 ], [ -43.879197848, -22.09951956 ], [ -43.842370494, -22.099641098 ], [ -43.776501605, -22.066035983 ], [ -43.765439968, -22.062142287 ] ] ] } },
{ "type": "Feature", "properties": { "CD_MUN": "3306156", "NM_MUN": "Varre-Sai", "SIGLA_UF": "RJ", "AREA_KM2": 201.938 }, "geometry": { "type": "Polygon", "coordinates": [ [ [ -41.775501699, -20.799870286 ], [ -41.739854509, -20.817503749 ], [ -41.736308895, -20.835913072 ], [ -41.745889794, -20.852436562 ], [ -41.738897958, -20.866150172 ], [ -41.776863454, -20.895924512 ], [ -41.811854871, -20.941838967 ], [ -41.80847043, -20.956451579 ], [ -41.789524382, -20.966045006 ], [ -41.793728878, -20.984147779 ], [ -41.809723292, -20.982114898 ], [ -41.817609781, -20.97484167 ], [ -41.811064214, -20.964927321 ], [ -41.831362144, -20.951391484 ], [ -41.837421153, -20.957053952 ], [ -41.854483877, -20.951189463 ], [ -41.866959369, -20.972850227 ], [ -41.891907645, -20.973819427 ], [ -41.90735481, -20.965386682 ], [ -41.918355438, -20.947060896 ], [ -41.91107101, -20.933774176 ], [ -41.915101694, -20.919914271 ], [ -41.901510456, -20.897180054 ], [ -41.904736019, -20.878548174 ], [ -41.896174922, -20.874996306 ], [ -41.9049424, -20.858495513 ], [ -41.860955009, -20.863768334 ], [ -41.775501699, -20.799870286 ] ] ] } },
{ "type": "Feature", "properties": { "CD_MUN": "3306206", "NM_MUN": "Vassouras", "SIGLA_UF": "RJ", "AREA_KM2": 536.073 }, "geometry": { "type": "Polygon", "coordinates": [ [ [ -43.472149125, -22.216884866 ], [ -43.426496013, -22.236049192 ], [ -43.401012318, -22.215654344 ], [ -43.32539566, -22.278720079 ], [ -43.503630369, -22.311180502 ], [ -43.50722817, -22.335343112 ], [ -43.498355907, -22.365583787 ], [ -43.487701375, -22.373558056 ], [ -43.507908934, -22.401315068 ], [ -43.491452723, -22.420000173 ], [ -43.508325019, -22.426613516 ], [ -43.503309079, -22.431654849 ], [ -43.517154791, -22.447364988 ], [ -43.531488108, -22.44240742 ], [ -43.53970014, -22.45107269 ], [ -43.554810531, -22.526479152 ], [ -43.572072404, -22.461149793 ], [ -43.582460236, -22.456823572 ], [ -43.687861269, -22.458449506 ], [ -43.686803401, -22.464149259 ], [ -43.706982709, -22.463431018 ], [ -43.715065714, -22.455024049 ], [ -43.736854721, -22.483853894 ], [ -43.760936598, -22.456603066 ], [ -43.759502564, -22.449230693 ], [ -43.777854696, -22.441871767 ], [ -43.732193514, -22.388205023 ], [ -43.731071892, -22.377729166 ], [ -43.719075871, -22.37648628 ], [ -43.705752123, -22.387422459 ], [ -43.692273449, -22.360468853 ], [ -43.676614314, -22.359944117 ], [ -43.679158355, -22.34562038 ], [ -43.663532852, -22.343157167 ], [ -43.669085778, -22.325423959 ], [ -43.653914254, -22.312091102 ], [ -43.640200543, -22.317749405 ], [ -43.624396171, -22.304665201 ], [ -43.605351324, -22.307277458 ], [ -43.562144186, -22.264853465 ], [ -43.525168231, -22.276332084 ], [ -43.514747279, -22.236460748 ], [ -43.481067637, -22.24983258 ], [ -43.472149125, -22.216884866 ] ] ] } },
{ "type": "Feature", "properties": { "CD_MUN": "3306305", "NM_MUN": "Volta Redonda", "SIGLA_UF": "RJ", "AREA_KM2": 182.105 }, "geometry": { "type": "Polygon", "coordinates": [ [ [ -44.086588465, -22.406311154 ], [ -44.00258457, -22.408029195 ], [ -44.071420857, -22.45950342 ], [ -44.056676592, -22.467653899 ], [ -44.056648352, -22.478195949 ], [ -44.030598651, -22.497138079 ], [ -44.027584273, -22.508089838 ], [ -44.031872852, -22.538195153 ], [ -44.041344693, -22.551939617 ], [ -44.054152444, -22.550333807 ], [ -44.086301544, -22.640591634 ], [ -44.087621108, -22.604427079 ], [ -44.096848949, -22.596269984 ], [ -44.091136631, -22.578891368 ], [ -44.097850397, -22.577180925 ], [ -44.084695422, -22.545394891 ], [ -44.090093475, -22.53035537 ], [ -44.135892285, -22.537909558 ], [ -44.15602792, -22.516624908 ], [ -44.154425851, -22.463313255 ], [ -44.142034758, -22.435326089 ], [ -44.086588465, -22.406311154 ] ] ] } },
{ "type": "Feature", "properties": { "CD_MUN": "3502507", "NM_MUN": "Aparecida", "SIGLA_UF": "SP", "AREA_KM2": 120.89 }, "geometry": { "type": "Polygon", "coordinates": [ [ [ -45.213671888, -22.809863811 ], [ -45.214321589, -22.829033768 ], [ -45.200218794, -22.841080697 ], [ -45.19966291, -22.852226172 ], [ -45.2083235, -22.864740868 ], [ -45.213188957, -22.937303503 ], [ -45.196692618, -22.945021134 ], [ -45.20221241, -22.960651828 ], [ -45.18854801, -22.970358534 ], [ -45.212056932, -22.98848229 ], [ -45.231521908, -22.992237253 ], [ -45.234386704, -23.001112732 ], [ -45.245559475, -22.998796416 ], [ -45.257747732, -23.008000613 ], [ -45.279020962, -22.941161518 ], [ -45.277013387, -22.929246556 ], [ -45.267883987, -22.925437666 ], [ -45.275386399, -22.912823673 ], [ -45.25499231, -22.896566166 ], [ -45.270769324, -22.886633535 ], [ -45.269610968, -22.874959534 ], [ -45.281676164, -22.859214055 ], [ -45.270787236, -22.84902521 ], [ -45.25210821, -22.857255221 ], [ -45.252132225, -22.845641468 ], [ -45.232047772, -22.815817681 ], [ -45.219551279, -22.817847702 ], [ -45.213671888, -22.809863811 ] ] ] } },
{ "type": "Feature", "properties": { "CD_MUN": "3503158", "NM_MUN": "Arapeí", "SIGLA_UF": "SP", "AREA_KM2": 156.903 }, "geometry": { "type": "Polygon", "coordinates": [ [ [ -44.390751332, -22.574051135 ], [ -44.35991436, -22.581022922 ], [ -44.37042054, -22.589746488 ], [ -44.35986161, -22.593054087 ], [ -44.359842659, -22.609386879 ], [ -44.366222123, -22.624468699 ], [ -44.384177241, -22.628231089 ], [ -44.376832049, -22.653703626 ], [ -44.395419686, -22.677297992 ], [ -44.392774526, -22.688855097 ], [ -44.415746637, -22.731126626 ], [ -44.42564813, -22.735166322 ], [ -44.427862237, -22.724922026 ], [ -44.451981345, -22.732888883 ], [ -44.453802505, -22.740436767 ], [ -44.477832507, -22.739209412 ], [ -44.513175554, -22.771911328 ], [ -44.516000567, -22.759156406 ], [ -44.53114378, -22.755863593 ], [ -44.530330636, -22.728672663 ], [ -44.459596644, -22.669043373 ], [ -44.465366272, -22.656057656 ], [ -44.452693793, -22.644559629 ], [ -44.45159843, -22.627528745 ], [ -44.466570866, -22.622355818 ], [ -44.466208149, -22.615688552 ], [ -44.431474505, -22.598651764 ], [ -44.401794236, -22.606685863 ], [ -44.409650535, -22.588430307 ], [ -44.390751332, -22.574051135 ] ] ] } },
{ "type": "Feature", "properties": { "CD_MUN": "3503505", "NM_MUN": "Areias", "SIGLA_UF": "SP", "AREA_KM2": 305.227 }, "geometry": { "type": "Polygon", "coordinates": [ [ [ -44.678537565, -22.560323087 ], [ -44.661532701, -22.550936129 ], [ -44.641623355, -22.560202437 ], [ -44.643448401, -22.600485464 ], [ -44.688786353, -22.645622435 ], [ -44.677880717, -22.652818651 ], [ -44.679590509, -22.690495186 ], [ -44.670830596, -22.715790564 ], [ -44.680863714, -22.725951543 ], [ -44.657364745, -22.728020153 ], [ -44.665528174, -22.73673279 ], [ -44.651727302, -22.756565825 ], [ -44.660021605, -22.767589533 ], [ -44.647777086, -22.782374602 ], [ -44.655773476, -22.794232427 ], [ -44.650130362, -22.798709158 ], [ -44.669826305, -22.82110924 ], [ -44.689738868, -22.819544252 ], [ -44.721675156, -22.834244349 ], [ -44.722526336, -22.824993337 ], [ -44.704488521, -22.802180234 ], [ -44.709258239, -22.797049522 ], [ -44.732991192, -22.802103207 ], [ -44.754024957, -22.7886133 ], [ -44.744686022, -22.771126226 ], [ -44.750526136, -22.760260382 ], [ -44.765763011, -22.756761523 ], [ -44.744816275, -22.733747012 ], [ -44.758015962, -22.729002993 ], [ -44.774107786, -22.703824916 ], [ -44.774014388, -22.675416123 ], [ -44.760967747, -22.647720148 ], [ -44.763600585, -22.627438631 ], [ -44.779708933, -22.605496294 ], [ -44.808136085, -22.621354263 ], [ -44.816700504, -22.613684835 ], [ -44.788514759, -22.596877635 ], [ -44.790084531, -22.586723632 ], [ -44.748882358, -22.570401516 ], [ -44.739662721, -22.578563783 ], [ -44.732528202, -22.575239709 ], [ -44.732339739, -22.562156083 ], [ -44.718536625, -22.554956306 ], [ -44.715897769, -22.539365752 ], [ -44.697797034, -22.534244836 ], [ -44.689206687, -22.521162712 ], [ -44.669894376, -22.53864147 ], [ -44.678537565, -22.560323087 ] ] ] } },
{ "type": "Feature", "properties": { "CD_MUN": "3504909", "NM_MUN": "Bananal", "SIGLA_UF": "SP", "AREA_KM2": 616.429 }, "geometry": { "type": "Polygon", "coordinates": [ [ [ -44.3432813, -22.58850049 ], [ -44.295429693, -22.598462556 ], [ -44.285690584, -22.60973098 ], [ -44.268735611, -22.598774253 ], [ -44.253388189, -22.612470885 ], [ -44.226369058, -22.604560027 ], [ -44.219364037, -22.617536627 ], [ -44.207425939, -22.612021667 ], [ -44.204367768, -22.626343751 ], [ -44.184276293, -22.637299138 ], [ -44.190126752, -22.648583983 ], [ -44.171449753, -22.659428447 ], [ -44.161365164, -22.678258449 ], [ -44.176812985, -22.692621394 ], [ -44.176061085, -22.705657948 ], [ -44.203706858, -22.71741752 ], [ -44.198960308, -22.735287341 ], [ -44.227046522, -22.73373899 ], [ -44.242499891, -22.748650856 ], [ -44.238777532, -22.755724762 ], [ -44.257105387, -22.766282989 ], [ -44.256523238, -22.787490624 ], [ -44.240140686, -22.792657986 ], [ -44.246379172, -22.803966147 ], [ -44.26131146, -22.806259213 ], [ -44.268258883, -22.829740855 ], [ -44.283364789, -22.836156704 ], [ -44.285657484, -22.828243206 ], [ -44.29652163, -22.827876578 ], [ -44.322434351, -22.84966667 ], [ -44.325273962, -22.837761236 ], [ -44.372878384, -22.857923571 ], [ -44.418195323, -22.848112311 ], [ -44.437644631, -22.873100005 ], [ -44.466609903, -22.885215632 ], [ -44.480134159, -22.866504481 ], [ -44.478720832, -22.850868156 ], [ -44.501125119, -22.838337959 ], [ -44.496205872, -22.809364712 ], [ -44.467175081, -22.782770968 ], [ -44.470558164, -22.771621422 ], [ -44.487557549, -22.776040321 ], [ -44.49260417, -22.766481443 ], [ -44.508493609, -22.769340923 ], [ -44.477832507, -22.739209412 ], [ -44.453802505, -22.740436767 ], [ -44.451981345, -22.732888883 ], [ -44.427862237, -22.724922026 ], [ -44.42564813, -22.735166322 ], [ -44.415746637, -22.731126626 ], [ -44.392774526, -22.688855097 ], [ -44.395419686, -22.677297992 ], [ -44.376832049, -22.653703626 ], [ -44.384177241, -22.628231089 ], [ -44.366222123, -22.624468699 ], [ -44.364906486, -22.610894495 ], [ -44.349588983, -22.609443207 ], [ -44.3432813, -22.58850049 ] ] ] } },
{ "type": "Feature", "properties": { "CD_MUN": "3508504", "NM_MUN": "Caçapava", "SIGLA_UF": "SP", "AREA_KM2": 368.99 }, "geometry": { "type": "Polygon", "coordinates": [ [ [ -45.725088036, -22.969445782 ], [ -45.711230273, -22.990006076 ], [ -45.713376394, -23.009778881 ], [ -45.702714669, -23.007230406 ], [ -45.697413686, -23.026500929 ], [ -45.67411979, -23.04605935 ], [ -45.665925322, -23.030577649 ], [ -45.630959569, -23.081307261 ], [ -45.636172405, -23.089946523 ], [ -45.629650878, -23.115461453 ], [ -45.593004158, -23.139959561 ], [ -45.628224408, -23.193346218 ], [ -45.64933762, -23.197411684 ], [ -45.721280011, -23.237949007 ], [ -45.759925, -23.166656999 ], [ -45.75481, -23.112560999 ], [ -45.768234, -23.116323999 ], [ -45.776043, -23.104995999 ], [ -45.778926, -23.115239999 ], [ -45.788074, -23.102394999 ], [ -45.793459, -23.107006999 ], [ -45.841785, -23.041191999 ], [ -45.820275739, -23.029327535 ], [ -45.810115916, -23.012319635 ], [ -45.748585834, -22.989466404 ], [ -45.739958902, -22.97429498 ], [ -45.725088036, -22.969445782 ] ] ] } },
{ "type": "Feature", "properties": { "CD_MUN": "3508603", "NM_MUN": "Cachoeira Paulista", "SIGLA_UF": "SP", "AREA_KM2": 287.99 }, "geometry": { "type": "Polygon", "coordinates": [ [ [ -45.103363, -22.567290775 ], [ -45.108299076, -22.573640144 ], [ -45.095703957, -22.585295319 ], [ -45.10229567, -22.590043652 ], [ -45.083414893, -22.5992194 ], [ -45.039248126, -22.597126335 ], [ -45.004018042, -22.604894198 ], [ -44.989821511, -22.639041054 ], [ -44.962652038, -22.644109322 ], [ -44.940718482, -22.660237441 ], [ -44.927718873, -22.654866088 ], [ -44.912673567, -22.680815425 ], [ -44.893179062, -22.689938755 ], [ -44.924651155, -22.697123671 ], [ -44.91360834, -22.708208692 ], [ -44.919652913, -22.726610517 ], [ -44.912194919, -22.743135348 ], [ -44.921943145, -22.753808643 ], [ -44.920016431, -22.766117729 ], [ -44.905704184, -22.787327681 ], [ -44.910000821, -22.809662559 ], [ -44.894710576, -22.844427761 ], [ -44.922432382, -22.857179179 ], [ -44.935330897, -22.847341292 ], [ -44.929057229, -22.833821939 ], [ -44.935100648, -22.828740072 ], [ -44.9488478, -22.833627591 ], [ -44.950936872, -22.809719274 ], [ -44.958686257, -22.803205705 ], [ -44.973897657, -22.811206669 ], [ -44.975458803, -22.798467922 ], [ -44.990386622, -22.795588976 ], [ -45.005723786, -22.773812238 ], [ -45.02108186, -22.741433233 ], [ -45.021836263, -22.699053442 ], [ -45.039027377, -22.695167371 ], [ -45.045616208, -22.675787075 ], [ -45.058535467, -22.681342348 ], [ -45.094953343, -22.665299059 ], [ -45.113633877, -22.632313236 ], [ -45.09461857, -22.611696363 ], [ -45.125391214, -22.58414737 ], [ -45.103363, -22.567290775 ] ] ] } },
{ "type": "Feature", "properties": { "CD_MUN": "3509700", "NM_MUN": "Campos do Jordão", "SIGLA_UF": "SP", "AREA_KM2": 289.981 }, "geometry": { "type": "Polygon", "coordinates": [ [ [ -45.473856577, -22.588894225 ], [ -45.435547153, -22.618320716 ], [ -45.412931697, -22.622215528 ], [ -45.410521092, -22.651671025 ], [ -45.3999859, -22.653680296 ], [ -45.402760354, -22.665904454 ], [ -45.421955812, -22.678026075 ], [ -45.426523671, -22.694013715 ], [ -45.445451817, -22.705048143 ], [ -45.447581254, -22.715048577 ], [ -45.477081585, -22.719965052 ], [ -45.494860861, -22.742546845 ], [ -45.541849735, -22.769277072 ], [ -45.581541579, -22.777727668 ], [ -45.585574781, -22.792678789 ], [ -45.598325224, -22.789323795 ], [ -45.61437177, -22.79709576 ], [ -45.640136674, -22.793562638 ], [ -45.643509096, -22.785976923 ], [ -45.675866498, -22.788053852 ], [ -45.65864671, -22.759042352 ], [ -45.65922094, -22.738193348 ], [ -45.616487345, -22.726102246 ], [ -45.626902552, -22.720052576 ], [ -45.611820918, -22.694787908 ], [ -45.623833276, -22.682776626 ], [ -45.601391906, -22.681618632 ], [ -45.58040831, -22.652909852 ], [ -45.539908219, -22.652579787 ], [ -45.499128486, -22.625011206 ], [ -45.488800491, -22.628785223 ], [ -45.474774244, -22.599509915 ], [ -45.481285413, -22.591195364 ], [ -45.473856577, -22.588894225 ] ] ] } },
{ "type": "Feature", "properties": { "CD_MUN": "3509957", "NM_MUN": "Canas", "SIGLA_UF": "SP", "AREA_KM2": 53.261 }, "geometry": { "type": "Polygon", "coordinates": [ [ [ -45.045616208, -22.675787075 ], [ -45.039027377, -22.695167371 ], [ -45.02094372, -22.700379829 ], [ -45.02108186, -22.741433233 ], [ -45.005723786, -22.773812238 ], [ -44.990386622, -22.795588976 ], [ -44.975458803, -22.798467922 ], [ -44.97511897, -22.80803995 ], [ -44.978940989, -22.803061206 ], [ -44.989555926, -22.810006488 ], [ -45.010869129, -22.773573909 ], [ -45.032301099, -22.760780475 ], [ -45.062145806, -22.767631372 ], [ -45.061003174, -22.750240645 ], [ -45.075242969, -22.725436862 ], [ -45.075216227, -22.678467323 ], [ -45.045616208, -22.675787075 ] ] ] } },
{ "type": "Feature", "properties": { "CD_MUN": "3510500", "NM_MUN": "Caraguatatuba", "SIGLA_UF": "SP", "AREA_KM2": 484.947 }, "geometry": { "type": "MultiPolygon", "coordinates": [ [ [ [ -45.29557467, -23.601616707 ], [ -45.280999787, -23.592816775 ], [ -45.282725352, -23.601107282 ], [ -45.29557467, -23.601616707 ] ] ], [ [ [ -45.310590763, -23.586539496 ], [ -45.309274843, -23.58605024 ], [ -45.309496855, -23.587159181 ], [ -45.310590763, -23.586539496 ] ] ], [ [ [ -45.310450598, -23.58374575 ], [ -45.312588298, -23.583907413 ], [ -45.311303792, -23.581146933 ], [ -45.310450598, -23.58374575 ] ] ], [ [ [ -45.275221041, -23.485056799 ], [ -45.270602753, -23.497738367 ], [ -45.280558134, -23.50491288 ], [ -45.273140671, -23.512462918 ], [ -45.280042519, -23.541334862 ], [ -45.26603034, -23.544316177 ], [ -45.259304974, -23.560856774 ], [ -45.27184476, -23.559992878 ], [ -45.27445, -23.578220999 ], [ -45.295965253, -23.572106407 ], [ -45.322694325, -23.581182901 ], [ -45.369032586, -23.630358552 ], [ -45.3777657, -23.624498292 ], [ -45.388254546, -23.634703498 ], [ -45.40048704, -23.623195228 ], [ -45.410554322, -23.626619357 ], [ -45.428308491, -23.657906357 ], [ -45.427482, -23.711513999 ], [ -45.453119585, -23.725896131 ], [ -45.458319938, -23.744179786 ], [ -45.476772954, -23.759923852 ], [ -45.472351514, -23.75131448 ], [ -45.485847669, -23.733648816 ], [ -45.483812001, -23.723979114 ], [ -45.506286446, -23.727986728 ], [ -45.533210297, -23.756268668 ], [ -45.544436988, -23.748873986 ], [ -45.532992101, -23.738751336 ], [ -45.565166763, -23.743793556 ], [ -45.572898179, -23.725902155 ], [ -45.602705071, -23.728066287 ], [ -45.625653147, -23.719066791 ], [ -45.649513706, -23.726479854 ], [ -45.695192289, -23.72224778 ], [ -45.663755271, -23.700040466 ], [ -45.679817188, -23.665596957 ], [ -45.709007685, -23.660514366 ], [ -45.719658348, -23.649514234 ], [ -45.713828562, -23.643039864 ], [ -45.669515756, -23.629313778 ], [ -45.666233762, -23.620274035 ], [ -45.62240247, -23.629096042 ], [ -45.631852529, -23.657147953 ], [ -45.580798562, -23.64678939 ], [ -45.544045147, -23.598264303 ], [ -45.523941648, -23.604900775 ], [ -45.487532897, -23.572480146 ], [ -45.470602161, -23.582344414 ], [ -45.455171308, -23.57770049 ], [ -45.443908281, -23.556060241 ], [ -45.424994333, -23.548302229 ], [ -45.414105491, -23.560161398 ], [ -45.384392356, -23.555334692 ], [ -45.370380569, -23.541921396 ], [ -45.355629216, -23.539881938 ], [ -45.342846155, -23.548390808 ], [ -45.308942922, -23.497326464 ], [ -45.275221041, -23.485056799 ] ] ] ] } },
{ "type": "Feature", "properties": { "CD_MUN": "3513405", "NM_MUN": "Cruzeiro", "SIGLA_UF": "SP", "AREA_KM2": 305.699 }, "geometry": { "type": "Polygon", "coordinates": [ [ [ -45.027114555, -22.469017233 ], [ -44.969848411, -22.471944639 ], [ -44.964893122, -22.484914833 ], [ -44.943984235, -22.486184676 ], [ -44.925140607, -22.508268625 ], [ -44.921111347, -22.534212348 ], [ -44.931677627, -22.568967443 ], [ -44.92614232, -22.585866632 ], [ -44.909019508, -22.601396235 ], [ -44.905491114, -22.611911926 ], [ -44.912272864, -22.620875957 ], [ -44.902473079, -22.63904112 ], [ -44.924198724, -22.654532612 ], [ -44.940718482, -22.660237441 ], [ -44.962652038, -22.644109322 ], [ -44.989360984, -22.639360066 ], [ -45.01024838, -22.602583838 ], [ -45.083414893, -22.5992194 ], [ -45.102653695, -22.589705154 ], [ -45.095703957, -22.585295319 ], [ -45.108299076, -22.573640144 ], [ -45.102767945, -22.565030456 ], [ -45.112115545, -22.541835686 ], [ -45.107914285, -22.524452958 ], [ -45.12435851, -22.497221373 ], [ -45.054928891, -22.470503962 ], [ -45.028403387, -22.463197655 ], [ -45.027114555, -22.469017233 ] ] ] } },
{ "type": "Feature", "properties": { "CD_MUN": "3513603", "NM_MUN": "Cunha", "SIGLA_UF": "SP", "AREA_KM2": 1407.25 }, "geometry": { "type": "Polygon", "coordinates": [ [ [ -44.752952028, -22.788793317 ], [ -44.732991192, -22.802103207 ], [ -44.709258239, -22.797049522 ], [ -44.704488521, -22.802180234 ], [ -44.722526336, -22.824993337 ], [ -44.724773222, -22.845851816 ], [ -44.707385459, -22.846481733 ], [ -44.701167066, -22.862187027 ], [ -44.707707307, -22.870005048 ], [ -44.692631084, -22.884810506 ], [ -44.694810241, -22.892100799 ], [ -44.679846023, -22.899401411 ], [ -44.660593761, -22.889852991 ], [ -44.65310022, -22.906713203 ], [ -44.630002641, -22.888962907 ], [ -44.623643995, -22.891501004 ], [ -44.629592974, -22.905560112 ], [ -44.658994048, -22.927931211 ], [ -44.673557666, -22.917972721 ], [ -44.687734767, -22.93677001 ], [ -44.713247267, -22.929825354 ], [ -44.743680471, -22.947061754 ], [ -44.755259533, -22.980312491 ], [ -44.791898182, -22.981875898 ], [ -44.792901406, -22.993413212 ], [ -44.802536255, -22.998777054 ], [ -44.792849936, -23.010313866 ], [ -44.802208353, -23.048780076 ], [ -44.811894561, -23.054516409 ], [ -44.807272716, -23.063792879 ], [ -44.814795507, -23.067677196 ], [ -44.818843719, -23.091458394 ], [ -44.808813331, -23.099472871 ], [ -44.816434459, -23.107831527 ], [ -44.810599789, -23.115534603 ], [ -44.8160575, -23.140315562 ], [ -44.825481476, -23.143740972 ], [ -44.824416157, -23.16268726 ], [ -44.87273247, -23.182502193 ], [ -44.874900123, -23.196746052 ], [ -44.892183375, -23.211393622 ], [ -44.916475671, -23.198734071 ], [ -44.961354074, -23.245042178 ], [ -44.984460421, -23.229598933 ], [ -44.995458663, -23.239630476 ], [ -44.994422414, -23.250630342 ], [ -45.017625491, -23.269723765 ], [ -45.010330733, -23.306819874 ], [ -45.045111778, -23.315278504 ], [ -45.067808381, -23.300317009 ], [ -45.094398804, -23.315814738 ], [ -45.102919915, -23.311461384 ], [ -45.10905403, -23.323873177 ], [ -45.12419189, -23.316757143 ], [ -45.125657049, -23.303699307 ], [ -45.10801869, -23.284026252 ], [ -45.113507742, -23.2712279 ], [ -45.1006158, -23.246087973 ], [ -45.106258672, -23.235585442 ], [ -45.123881657, -23.238841246 ], [ -45.141484335, -23.216201418 ], [ -45.133571352, -23.20396627 ], [ -45.146209488, -23.18750507 ], [ -45.13016036, -23.154601259 ], [ -45.136240424, -23.127384361 ], [ -45.152646692, -23.104462529 ], [ -45.138985896, -23.099417098 ], [ -45.127378745, -23.08263506 ], [ -45.139952523, -23.069510515 ], [ -45.124226296, -23.04896657 ], [ -45.146579678, -23.045451486 ], [ -45.154454995, -23.028553425 ], [ -45.161407329, -23.032714059 ], [ -45.160321272, -23.017442284 ], [ -45.136059165, -22.999967137 ], [ -45.125426297, -23.006374348 ], [ -45.129811863, -23.013882046 ], [ -45.11079414, -23.007736108 ], [ -45.101622952, -22.990960922 ], [ -45.094151379, -22.99210564 ], [ -45.082202465, -22.964597259 ], [ -45.061220204, -22.953174782 ], [ -45.056092161, -22.938495603 ], [ -45.063058764, -22.92938107 ], [ -45.041315712, -22.933163714 ], [ -45.029280902, -22.920666057 ], [ -45.019862858, -22.924418169 ], [ -44.987663974, -22.910086622 ], [ -44.972600438, -22.915406421 ], [ -44.962330837, -22.905797244 ], [ -44.958283395, -22.916189548 ], [ -44.948004561, -22.913865803 ], [ -44.947518912, -22.904518861 ], [ -44.936054967, -22.902961129 ], [ -44.927770827, -22.891398658 ], [ -44.910405642, -22.8855763 ], [ -44.903359493, -22.896634209 ], [ -44.83043373, -22.860463467 ], [ -44.815742086, -22.865439655 ], [ -44.796880721, -22.832111199 ], [ -44.77042612, -22.816355909 ], [ -44.780071818, -22.814874762 ], [ -44.776974471, -22.797272819 ], [ -44.752952028, -22.788793317 ] ] ] } },
{ "type": "Feature", "properties": { "CD_MUN": "3518404", "NM_MUN": "Guaratinguetá", "SIGLA_UF": "SP", "AREA_KM2": 752.636 }, "geometry": { "type": "Polygon", "coordinates": [ [ [ -45.265410849, -22.615942398 ], [ -45.253348503, -22.632036883 ], [ -45.229044243, -22.639610173 ], [ -45.223796935, -22.653344255 ], [ -45.210685087, -22.651402505 ], [ -45.203713043, -22.655783315 ], [ -45.20573841, -22.665147309 ], [ -45.189495708, -22.667554816 ], [ -45.206498039, -22.689381407 ], [ -45.179651551, -22.691176362 ], [ -45.179467626, -22.71210811 ], [ -45.145048932, -22.742748657 ], [ -45.157874019, -22.762207757 ], [ -45.13583185, -22.771683037 ], [ -45.131948591, -22.820330785 ], [ -45.118590382, -22.838825821 ], [ -45.111590568, -22.868032841 ], [ -45.080407491, -22.887149837 ], [ -45.061299904, -22.874986893 ], [ -45.062154489, -22.891225137 ], [ -45.044189402, -22.897643793 ], [ -45.030140293, -22.917075637 ], [ -45.041315712, -22.933163714 ], [ -45.063058764, -22.92938107 ], [ -45.056092161, -22.938495603 ], [ -45.061220204, -22.953174782 ], [ -45.082202465, -22.964597259 ], [ -45.094151379, -22.99210564 ], [ -45.101622952, -22.990960922 ], [ -45.123438127, -23.015287627 ], [ -45.13325462, -22.999908283 ], [ -45.155951222, -23.015428109 ], [ -45.164462279, -23.005663057 ], [ -45.181558131, -23.008310014 ], [ -45.195602068, -22.998426125 ], [ -45.234641794, -23.000631426 ], [ -45.231521908, -22.992237253 ], [ -45.212056932, -22.98848229 ], [ -45.188421455, -22.969813321 ], [ -45.20221241, -22.960651828 ], [ -45.196692618, -22.945021134 ], [ -45.213188957, -22.937303503 ], [ -45.2083235, -22.864740868 ], [ -45.19966291, -22.852226172 ], [ -45.200218794, -22.841080697 ], [ -45.214321589, -22.829033768 ], [ -45.212397966, -22.810627115 ], [ -45.220535836, -22.818150443 ], [ -45.230322095, -22.814524333 ], [ -45.237455716, -22.824305768 ], [ -45.256606983, -22.816250406 ], [ -45.269350911, -22.826211521 ], [ -45.294363379, -22.828231143 ], [ -45.302133807, -22.820874129 ], [ -45.297939607, -22.805648915 ], [ -45.31154838, -22.797067904 ], [ -45.329272806, -22.796942098 ], [ -45.350295938, -22.78511406 ], [ -45.398779044, -22.782013179 ], [ -45.405622609, -22.766388627 ], [ -45.398420698, -22.745080453 ], [ -45.421602303, -22.731044274 ], [ -45.430380895, -22.709337522 ], [ -45.440325944, -22.711227364 ], [ -45.421955812, -22.678026075 ], [ -45.381251533, -22.642309465 ], [ -45.36095818, -22.638761397 ], [ -45.327512702, -22.616387999 ], [ -45.265410849, -22.615942398 ] ] ] } },
{ "type": "Feature", "properties": { "CD_MUN": "3520400", "NM_MUN": "Ilhabela", "SIGLA_UF": "SP", "AREA_KM2": 346.389 }, "geometry": { "type": "MultiPolygon", "coordinates": [ [ [ [ -45.300233769, -23.922501949 ], [ -45.300920148, -23.922645151 ], [ -45.300342404, -23.92227974 ], [ -45.300233769, -23.922501949 ] ] ], [ [ [ -45.296625114, -23.91976842 ], [ -45.298249845, -23.920633835 ], [ -45.296564962, -23.919456523 ], [ -45.296625114, -23.91976842 ] ] ], [ [ [ -45.296036486, -23.918363923 ], [ -45.297122842, -23.918966356 ], [ -45.296243882, -23.918117024 ], [ -45.296036486, -23.918363923 ] ] ], [ [ [ -45.323748425, -23.917376327 ], [ -45.32534833, -23.917642978 ], [ -45.32256331, -23.914482672 ], [ -45.323748425, -23.917376327 ] ] ], [ [ [ -45.258545727, -23.888265968 ], [ -45.259575519, -23.889357985 ], [ -45.260023846, -23.888838684 ], [ -45.258545727, -23.888265968 ] ] ], [ [ [ -45.265024879, -23.88858177 ], [ -45.262184219, -23.8892094 ], [ -45.26446783, -23.889905693 ], [ -45.265024879, -23.88858177 ] ] ], [ [ [ -45.285809932, -23.860456243 ], [ -45.286945667, -23.860540189 ], [ -45.285637103, -23.859616787 ], [ -45.285809932, -23.860456243 ] ] ], [ [ [ -45.417915891, -23.853194271 ], [ -45.416989839, -23.853077756 ], [ -45.41689409, -23.853194602 ], [ -45.417915891, -23.853194271 ] ] ], [ [ [ -45.278984941, -23.850955697 ], [ -45.276945251, -23.850783708 ], [ -45.277269111, -23.851494853 ], [ -45.278984941, -23.850955697 ] ] ], [ [ [ -45.392283865, -23.82993764 ], [ -45.39346485, -23.829787399 ], [ -45.391807929, -23.828617313 ], [ -45.392283865, -23.82993764 ] ] ], [ [ [ -45.155092254, -23.826809748 ], [ -45.153316863, -23.828510022 ], [ -45.155892009, -23.828605003 ], [ -45.155092254, -23.826809748 ] ] ], [ [ [ -45.229437773, -23.812211566 ], [ -45.226115277, -23.813290402 ], [ -45.228326109, -23.814444703 ], [ -45.229437773, -23.812211566 ] ] ], [ [ [ -45.138765858, -23.789747855 ], [ -45.140122284, -23.797065531 ], [ -45.114932472, -23.803805916 ], [ -45.117188029, -23.812272906 ], [ -45.132418309, -23.809306945 ], [ -45.147062095, -23.817619183 ], [ -45.156449719, -23.810453727 ], [ -45.160654694, -23.80177939 ], [ -45.138765858, -23.789747855 ] ] ], [ [ [ -45.017016887, -23.739150134 ], [ -45.01669007, -23.748961348 ], [ -45.007027145, -23.751696378 ], [ -45.01475122, -23.761257728 ], [ -45.02384789, -23.746275828 ], [ -45.017016887, -23.739150134 ] ] ], [ [ [ -45.030205746, -23.736373887 ], [ -45.032852804, -23.739641888 ], [ -45.033863764, -23.738995675 ], [ -45.030205746, -23.736373887 ] ] ], [ [ [ -45.020007539, -23.735202354 ], [ -45.022516088, -23.739952574 ], [ -45.024320255, -23.739989452 ], [ -45.025379681, -23.737167539 ], [ -45.020007539, -23.735202354 ] ] ], [ [ [ -45.32897841, -23.722352103 ], [ -45.263083136, -23.741560482 ], [ -45.25759855, -23.762184574 ], [ -45.245836707, -23.761491298 ], [ -45.229833214, -23.776332734 ], [ -45.242203771, -23.807749092 ], [ -45.238817187, -23.819165196 ], [ -45.248386093, -23.824830162 ], [ -45.238280364, -23.830390476 ], [ -45.241290206, -23.838714069 ], [ -45.226807941, -23.837110976 ], [ -45.238543853, -23.843043582 ], [ -45.273881642, -23.838698998 ], [ -45.290917446, -23.866013611 ], [ -45.288854007, -23.873698041 ], [ -45.270422678, -23.874437872 ], [ -45.277864498, -23.884243477 ], [ -45.272863782, -23.892324883 ], [ -45.248478342, -23.903237203 ], [ -45.241369763, -23.892190178 ], [ -45.223195743, -23.903416498 ], [ -45.237899991, -23.908917021 ], [ -45.235754164, -23.943910743 ], [ -45.226511636, -23.942712917 ], [ -45.251518166, -23.967999659 ], [ -45.268527894, -23.965284454 ], [ -45.279515933, -23.953562722 ], [ -45.287203794, -23.941308021 ], [ -45.280125074, -23.928477046 ], [ -45.291686503, -23.910312987 ], [ -45.325804219, -23.911921268 ], [ -45.340408505, -23.925402854 ], [ -45.347502898, -23.916081748 ], [ -45.364285847, -23.930450285 ], [ -45.428061317, -23.941180774 ], [ -45.444322337, -23.934145569 ], [ -45.460388012, -23.914199709 ], [ -45.46193459, -23.888146982 ], [ -45.430072184, -23.860175589 ], [ -45.417621724, -23.859356776 ], [ -45.413754337, -23.847834982 ], [ -45.366493573, -23.811009528 ], [ -45.363513081, -23.787391896 ], [ -45.348871698, -23.765350778 ], [ -45.349389778, -23.742539861 ], [ -45.32897841, -23.722352103 ] ] ] ] } },
{ "type": "Feature", "properties": { "CD_MUN": "3524402", "NM_MUN": "Jacareí", "SIGLA_UF": "SP", "AREA_KM2": 464.272 }, "geometry": { "type": "Polygon", "coordinates": [ [ [ -46.062076, -23.173078999 ], [ -46.051576, -23.177184999 ], [ -46.052698, -23.188403999 ], [ -46.03716, -23.189503999 ], [ -46.021176, -23.202381999 ], [ -46.007362, -23.199802999 ], [ -45.997747, -23.186396999 ], [ -45.981362, -23.204689999 ], [ -45.952864, -23.204837999 ], [ -45.949338, -23.215505999 ], [ -45.9714, -23.233970999 ], [ -45.952595304, -23.257316167 ], [ -45.921214745, -23.263079669 ], [ -45.904132, -23.294781999 ], [ -45.847566, -23.306682999 ], [ -45.834374, -23.293758999 ], [ -45.793719, -23.292003999 ], [ -45.806177, -23.303297999 ], [ -45.803722, -23.340394999 ], [ -45.814597, -23.337227999 ], [ -45.825497, -23.347213999 ], [ -45.838604, -23.335352999 ], [ -45.845173, -23.355849999 ], [ -45.856652, -23.355961999 ], [ -45.86151, -23.375562999 ], [ -45.879561, -23.367168999 ], [ -45.883691, -23.375723999 ], [ -45.900501, -23.368916999 ], [ -45.894891, -23.393612999 ], [ -45.930175, -23.366211999 ], [ -45.917773, -23.391832999 ], [ -45.930873, -23.382557999 ], [ -45.931299, -23.396466999 ], [ -45.945417, -23.389149999 ], [ -45.975077, -23.401585999 ], [ -45.989793171, -23.418765787 ], [ -46.001424689, -23.386106932 ], [ -46.026283019, -23.392101453 ], [ -46.03835997, -23.387007768 ], [ -46.07370877, -23.342154613 ], [ -46.098993, -23.326003999 ], [ -46.098649, -23.309238999 ], [ -46.113814, -23.299334999 ], [ -46.113807, -23.285690999 ], [ -46.1369, -23.287428999 ], [ -46.151994, -23.272449999 ], [ -46.150568, -23.261468999 ], [ -46.129032, -23.250453999 ], [ -46.116788, -23.229976999 ], [ -46.079762, -23.205859999 ], [ -46.079691, -23.185701999 ], [ -46.062076, -23.173078999 ] ] ] } },
{ "type": "Feature", "properties": { "CD_MUN": "3524907", "NM_MUN": "Jambeiro", "SIGLA_UF": "SP", "AREA_KM2": 184.413 }, "geometry": { "type": "Polygon", "coordinates": [ [ [ -45.640079173, -23.198044387 ], [ -45.621640577, -23.205071057 ], [ -45.626164114, -23.218666973 ], [ -45.612158938, -23.247177257 ], [ -45.643709916, -23.279637918 ], [ -45.645554587, -23.291118246 ], [ -45.676819594, -23.306303051 ], [ -45.702145908, -23.326443504 ], [ -45.706233037, -23.338753275 ], [ -45.722453701, -23.333875308 ], [ -45.721097233, -23.34118673 ], [ -45.744220624, -23.352637197 ], [ -45.763822871, -23.342396633 ], [ -45.7661783, -23.352209519 ], [ -45.79006376, -23.352660924 ], [ -45.809135, -23.320049999 ], [ -45.806081, -23.303074999 ], [ -45.79522, -23.297337999 ], [ -45.776128, -23.263024999 ], [ -45.640079173, -23.198044387 ] ] ] } },
{ "type": "Feature", "properties": { "CD_MUN": "3526308", "NM_MUN": "Lagoinha", "SIGLA_UF": "SP", "AREA_KM2": 255.472 }, "geometry": { "type": "Polygon", "coordinates": [ [ [ -45.193861271, -22.999614489 ], [ -45.181558131, -23.008310014 ], [ -45.157328008, -23.009838297 ], [ -45.162853715, -23.031303947 ], [ -45.154454995, -23.028553425 ], [ -45.146400771, -23.045570515 ], [ -45.124226296, -23.04896657 ], [ -45.139952523, -23.069510515 ], [ -45.127378745, -23.08263506 ], [ -45.138985896, -23.099417098 ], [ -45.152646692, -23.104462529 ], [ -45.136115437, -23.127735606 ], [ -45.130805541, -23.167182475 ], [ -45.146209488, -23.18750507 ], [ -45.179600293, -23.197933184 ], [ -45.186807521, -23.197286509 ], [ -45.196751521, -23.167544662 ], [ -45.20436369, -23.168179362 ], [ -45.213069792, -23.152951382 ], [ -45.231984496, -23.15798152 ], [ -45.229683209, -23.12384766 ], [ -45.264311008, -23.126501378 ], [ -45.275297699, -23.089700724 ], [ -45.300115067, -23.091987051 ], [ -45.296506838, -23.085042948 ], [ -45.314051385, -23.057118984 ], [ -45.289156501, -23.046066253 ], [ -45.294223248, -23.027080352 ], [ -45.266634475, -23.01684016 ], [ -45.245559475, -22.998796416 ], [ -45.193861271, -22.999614489 ] ] ] } },
{ "type": "Feature", "properties": { "CD_MUN": "3526605", "NM_MUN": "Lavrinhas", "SIGLA_UF": "SP", "AREA_KM2": 167.067 }, "geometry": { "type": "Polygon", "coordinates": [ [ [ -44.859204737, -22.423361133 ], [ -44.8439453, -22.427803223 ], [ -44.855209988, -22.432628775 ], [ -44.849168561, -22.441986255 ], [ -44.852464318, -22.487507054 ], [ -44.840544449, -22.50725044 ], [ -44.850591834, -22.523043104 ], [ -44.827797692, -22.549132477 ], [ -44.832628008, -22.560985214 ], [ -44.852357694, -22.558978342 ], [ -44.846214329, -22.596779387 ], [ -44.873611678, -22.621826987 ], [ -44.888340245, -22.610950262 ], [ -44.905491114, -22.611911926 ], [ -44.911264316, -22.596556392 ], [ -44.92614232, -22.585866632 ], [ -44.931999444, -22.564737387 ], [ -44.921111347, -22.534212348 ], [ -44.924862665, -22.508867123 ], [ -44.93568835, -22.491409227 ], [ -44.966977757, -22.481055304 ], [ -44.940070217, -22.452669116 ], [ -44.899387652, -22.453738675 ], [ -44.889730834, -22.432123987 ], [ -44.859204737, -22.423361133 ] ] ] } },
{ "type": "Feature", "properties": { "CD_MUN": "3527207", "NM_MUN": "Lorena", "SIGLA_UF": "SP", "AREA_KM2": 414.16 }, "geometry": { "type": "Polygon", "coordinates": [ [ [ -45.132220194, -22.629549436 ], [ -45.124126764, -22.637953479 ], [ -45.112248256, -22.634701293 ], [ -45.094953343, -22.665299059 ], [ -45.06931899, -22.675664169 ], [ -45.075216227, -22.678467323 ], [ -45.075242969, -22.725436862 ], [ -45.061003174, -22.750240645 ], [ -45.061729569, -22.768206364 ], [ -45.032301099, -22.760780475 ], [ -45.010869129, -22.773573909 ], [ -44.989555926, -22.810006488 ], [ -44.978940989, -22.803061206 ], [ -44.970781309, -22.811535818 ], [ -44.957652534, -22.803533449 ], [ -44.946847901, -22.818697643 ], [ -44.9488478, -22.833627591 ], [ -44.929416278, -22.833006153 ], [ -44.935330897, -22.847341292 ], [ -44.922432382, -22.857179179 ], [ -44.895056495, -22.84453865 ], [ -44.889001921, -22.870036653 ], [ -44.947518912, -22.904518861 ], [ -44.947508702, -22.913672206 ], [ -44.958283395, -22.916189548 ], [ -44.962330837, -22.905797244 ], [ -44.969676055, -22.914490669 ], [ -44.987663974, -22.910086622 ], [ -45.019862858, -22.924418169 ], [ -45.044189402, -22.897643793 ], [ -45.062154489, -22.891225137 ], [ -45.061299904, -22.874986893 ], [ -45.080407491, -22.887149837 ], [ -45.111590568, -22.868032841 ], [ -45.118590382, -22.838825821 ], [ -45.131948591, -22.820330785 ], [ -45.13583185, -22.771683037 ], [ -45.157874019, -22.762207757 ], [ -45.145048932, -22.742748657 ], [ -45.179467626, -22.71210811 ], [ -45.179651551, -22.691176362 ], [ -45.206498039, -22.689381407 ], [ -45.189519119, -22.668114905 ], [ -45.20573841, -22.665147309 ], [ -45.203738555, -22.655917245 ], [ -45.185159289, -22.648592056 ], [ -45.174830255, -22.659410715 ], [ -45.153717226, -22.659233054 ], [ -45.153035435, -22.639770323 ], [ -45.162725312, -22.632348854 ], [ -45.132220194, -22.629549436 ] ] ] } },
{ "type": "Feature", "properties": { "CD_MUN": "3531704", "NM_MUN": "Monteiro Lobato", "SIGLA_UF": "SP", "AREA_KM2": 332.742 }, "geometry": { "type": "Polygon", "coordinates": [ [ [ -45.802849968, -22.833793362 ], [ -45.790853894, -22.858606049 ], [ -45.770319744, -22.846807396 ], [ -45.768028146, -22.835958809 ], [ -45.758228126, -22.835953452 ], [ -45.756536142, -22.868040386 ], [ -45.736857643, -22.891087461 ], [ -45.66729739, -22.877156031 ], [ -45.684329116, -22.907202046 ], [ -45.672464257, -22.923722109 ], [ -45.720668883, -22.967955603 ], [ -45.739958902, -22.97429498 ], [ -45.748585834, -22.989466404 ], [ -45.810115916, -23.012319635 ], [ -45.820275739, -23.029327535 ], [ -45.847729, -23.045381999 ], [ -45.878943, -23.028449999 ], [ -45.885344, -23.009477999 ], [ -45.923685, -23.036057999 ], [ -45.931901, -23.030082999 ], [ -45.928751, -23.013810999 ], [ -45.880575, -22.965573999 ], [ -45.895655, -22.933915999 ], [ -45.883796, -22.929514999 ], [ -45.863815, -22.892440999 ], [ -45.870385059, -22.869412974 ], [ -45.841740077, -22.833183533 ], [ -45.802849968, -22.833793362 ] ] ] } },
{ "type": "Feature", "properties": { "CD_MUN": "3532306", "NM_MUN": "Natividade da Serra", "SIGLA_UF": "SP", "AREA_KM2": 833.372 }, "geometry": { "type": "Polygon", "coordinates": [ [ [ -45.392407748, -23.280383554 ], [ -45.372515377, -23.301912636 ], [ -45.346155418, -23.303601739 ], [ -45.323349474, -23.292568564 ], [ -45.341778334, -23.324771921 ], [ -45.31493541, -23.325945329 ], [ -45.305591664, -23.334355755 ], [ -45.295954958, -23.322664264 ], [ -45.27377952, -23.318738116 ], [ -45.254680435, -23.328763925 ], [ -45.251815286, -23.318398433 ], [ -45.230664853, -23.333240924 ], [ -45.203315173, -23.306418561 ], [ -45.20328281, -23.294802824 ], [ -45.161636866, -23.287155295 ], [ -45.196778141, -23.325580822 ], [ -45.199848967, -23.377683715 ], [ -45.205921565, -23.381385506 ], [ -45.203688545, -23.396961184 ], [ -45.175038244, -23.395167979 ], [ -45.166334089, -23.410950322 ], [ -45.176871736, -23.414084979 ], [ -45.176799003, -23.440518097 ], [ -45.308942922, -23.497326464 ], [ -45.32492846, -23.529168815 ], [ -45.34223162, -23.538490177 ], [ -45.342234082, -23.548075711 ], [ -45.355629216, -23.539881938 ], [ -45.370380569, -23.541921396 ], [ -45.384392356, -23.555334692 ], [ -45.414105491, -23.560161398 ], [ -45.425444146, -23.548415528 ], [ -45.443908281, -23.556060241 ], [ -45.455595139, -23.57771733 ], [ -45.451345475, -23.561635442 ], [ -45.482991619, -23.560254657 ], [ -45.488104327, -23.540172746 ], [ -45.504203264, -23.533989926 ], [ -45.499088811, -23.509037089 ], [ -45.507562029, -23.501991029 ], [ -45.509580337, -23.484041339 ], [ -45.522969488, -23.478319631 ], [ -45.521875024, -23.458665394 ], [ -45.554224914, -23.452717155 ], [ -45.561910923, -23.442605877 ], [ -45.566905694, -23.408488805 ], [ -45.553326734, -23.401503799 ], [ -45.537006396, -23.367538479 ], [ -45.557197353, -23.37441371 ], [ -45.571008534, -23.370319012 ], [ -45.576843746, -23.348168623 ], [ -45.564570652, -23.3441953 ], [ -45.563514793, -23.331462476 ], [ -45.549668349, -23.339035509 ], [ -45.534139747, -23.326823838 ], [ -45.519053849, -23.333571092 ], [ -45.508871462, -23.315429847 ], [ -45.502128937, -23.326785334 ], [ -45.49434526, -23.316028709 ], [ -45.479532477, -23.315718237 ], [ -45.465298636, -23.329671009 ], [ -45.467963927, -23.305038256 ], [ -45.449524589, -23.312441682 ], [ -45.455508546, -23.298928279 ], [ -45.444324829, -23.292519911 ], [ -45.434610683, -23.307722147 ], [ -45.433200672, -23.293357707 ], [ -45.409867936, -23.28710967 ], [ -45.411584332, -23.280520567 ], [ -45.392407748, -23.280383554 ] ] ] } },
{ "type": "Feature", "properties": { "CD_MUN": "3535606", "NM_MUN": "Paraibuna", "SIGLA_UF": "SP", "AREA_KM2": 809.576 }, "geometry": { "type": "Polygon", "coordinates": [ [ [ -45.645554587, -23.291118246 ], [ -45.569091489, -23.323084628 ], [ -45.564117789, -23.342045218 ], [ -45.575319796, -23.342816393 ], [ -45.57287901, -23.369408881 ], [ -45.557197353, -23.37441371 ], [ -45.537832889, -23.36611932 ], [ -45.549430177, -23.396017001 ], [ -45.566905694, -23.408488805 ], [ -45.561910923, -23.442605877 ], [ -45.554224914, -23.452717155 ], [ -45.521875024, -23.458665394 ], [ -45.522969488, -23.478319631 ], [ -45.509580337, -23.484041339 ], [ -45.507562029, -23.501991029 ], [ -45.499088811, -23.509037089 ], [ -45.504203264, -23.533989926 ], [ -45.488104327, -23.540172746 ], [ -45.483426225, -23.559802416 ], [ -45.450032512, -23.564661624 ], [ -45.470153209, -23.58227606 ], [ -45.487532897, -23.572480146 ], [ -45.523941648, -23.604900775 ], [ -45.544045147, -23.598264303 ], [ -45.580798562, -23.64678939 ], [ -45.631056051, -23.657242437 ], [ -45.632928185, -23.645152731 ], [ -45.622977079, -23.628615894 ], [ -45.667025847, -23.620352094 ], [ -45.669515756, -23.629313778 ], [ -45.697913039, -23.638160132 ], [ -45.705796346, -23.601676169 ], [ -45.715327934, -23.608782961 ], [ -45.723916845, -23.598178044 ], [ -45.743752747, -23.602089345 ], [ -45.730937045, -23.574487137 ], [ -45.746127431, -23.566128339 ], [ -45.746090686, -23.539828806 ], [ -45.761943167, -23.518480453 ], [ -45.755884539, -23.511334927 ], [ -45.791148333, -23.50632711 ], [ -45.788197702, -23.489787262 ], [ -45.777021412, -23.482968472 ], [ -45.788569156, -23.468789349 ], [ -45.786134641, -23.460216146 ], [ -45.76348106, -23.439282225 ], [ -45.786733943, -23.420043097 ], [ -45.762314735, -23.402046252 ], [ -45.753984911, -23.385550602 ], [ -45.756970059, -23.374337685 ], [ -45.786736077, -23.371089233 ], [ -45.788269109, -23.362290143 ], [ -45.777628169, -23.350013887 ], [ -45.763958792, -23.350725523 ], [ -45.7650339, -23.342437418 ], [ -45.745194499, -23.352791257 ], [ -45.721097233, -23.34118673 ], [ -45.722453701, -23.333875308 ], [ -45.706233037, -23.338753275 ], [ -45.702145908, -23.326443504 ], [ -45.672290354, -23.303496232 ], [ -45.645554587, -23.291118246 ] ] ] } },
{ "type": "Feature", "properties": { "CD_MUN": "3538006", "NM_MUN": "Pindamonhangaba", "SIGLA_UF": "SP", "AREA_KM2": 731.355 }, "geometry": { "type": "Polygon", "coordinates": [ [ [ -45.439128103, -22.703407075 ], [ -45.440181329, -22.71138813 ], [ -45.426474788, -22.7131366 ], [ -45.421602303, -22.731044274 ], [ -45.398420698, -22.745080453 ], [ -45.405622609, -22.766388627 ], [ -45.398779044, -22.782013179 ], [ -45.345993977, -22.788641609 ], [ -45.364459057, -22.800139073 ], [ -45.34909662, -22.81510899 ], [ -45.341430426, -22.811580435 ], [ -45.341759759, -22.828630655 ], [ -45.331353881, -22.83610601 ], [ -45.343022619, -22.840737134 ], [ -45.346144188, -22.851940085 ], [ -45.331631613, -22.845758815 ], [ -45.323876764, -22.855646974 ], [ -45.353754702, -22.872486135 ], [ -45.331821055, -22.912390446 ], [ -45.338802858, -22.944924332 ], [ -45.321259919, -22.975651322 ], [ -45.334179343, -22.993882011 ], [ -45.327658236, -23.016316448 ], [ -45.307225616, -23.025201953 ], [ -45.327837635, -23.034314688 ], [ -45.339775423, -23.031485377 ], [ -45.35101336, -23.008588526 ], [ -45.362391703, -23.006648412 ], [ -45.438054971, -23.071455621 ], [ -45.494773651, -23.01412842 ], [ -45.510003339, -22.951383707 ], [ -45.528189255, -22.918279745 ], [ -45.5462034, -22.922622798 ], [ -45.552641237, -22.899561019 ], [ -45.595977882, -22.875526596 ], [ -45.632378387, -22.875093676 ], [ -45.653043005, -22.883287552 ], [ -45.669960049, -22.876458106 ], [ -45.633419526, -22.8431353 ], [ -45.630810045, -22.818640176 ], [ -45.61432137, -22.804901275 ], [ -45.612059561, -22.793356276 ], [ -45.584749355, -22.792398218 ], [ -45.581541579, -22.777727668 ], [ -45.541666911, -22.769184263 ], [ -45.494860861, -22.742546845 ], [ -45.477081585, -22.719965052 ], [ -45.464588473, -22.71414771 ], [ -45.454828475, -22.718812808 ], [ -45.439128103, -22.703407075 ] ] ] } },
{ "type": "Feature", "properties": { "CD_MUN": "3538501", "NM_MUN": "Piquete", "SIGLA_UF": "SP", "AREA_KM2": 175.996 }, "geometry": { "type": "Polygon", "coordinates": [ [ [ -45.128459401, -22.497110264 ], [ -45.110005984, -22.516100741 ], [ -45.112115545, -22.541835686 ], [ -45.103862557, -22.562698938 ], [ -45.125098154, -22.587508824 ], [ -45.09461857, -22.611696363 ], [ -45.113178999, -22.636474257 ], [ -45.158116574, -22.630238126 ], [ -45.162874161, -22.632912182 ], [ -45.153035435, -22.639770323 ], [ -45.151835431, -22.658352823 ], [ -45.174830255, -22.659410715 ], [ -45.185159289, -22.648592056 ], [ -45.200303488, -22.657819663 ], [ -45.223796935, -22.653344255 ], [ -45.229044243, -22.639610173 ], [ -45.265921672, -22.621725437 ], [ -45.260172905, -22.582053421 ], [ -45.178045602, -22.549876921 ], [ -45.150323283, -22.507355433 ], [ -45.128459401, -22.497110264 ] ] ] } },
{ "type": "Feature", "properties": { "CD_MUN": "3540754", "NM_MUN": "Potim", "SIGLA_UF": "SP", "AREA_KM2": 44.643 }, "geometry": { "type": "Polygon", "coordinates": [ [ [ -45.345315442, -22.789018085 ], [ -45.301022873, -22.802749591 ], [ -45.301850703, -22.82230902 ], [ -45.294363379, -22.828231143 ], [ -45.269350911, -22.826211521 ], [ -45.256949662, -22.816277996 ], [ -45.241018627, -22.819733331 ], [ -45.237455716, -22.824305768 ], [ -45.252132225, -22.845641468 ], [ -45.247934367, -22.853446409 ], [ -45.285597208, -22.852488096 ], [ -45.310376183, -22.837831183 ], [ -45.321625511, -22.849086651 ], [ -45.316506152, -22.856950497 ], [ -45.331631613, -22.845758815 ], [ -45.346144188, -22.851940085 ], [ -45.343022619, -22.840737134 ], [ -45.331353881, -22.83610601 ], [ -45.341759759, -22.828630655 ], [ -45.341430426, -22.811580435 ], [ -45.34909662, -22.81510899 ], [ -45.364459057, -22.800139073 ], [ -45.345315442, -22.789018085 ] ] ] } },
{ "type": "Feature", "properties": { "CD_MUN": "3541901", "NM_MUN": "Queluz", "SIGLA_UF": "SP", "AREA_KM2": 249.399 }, "geometry": { "type": "Polygon", "coordinates": [ [ [ -44.809436245, -22.40557082 ], [ -44.755333665, -22.415269201 ], [ -44.741445677, -22.424827632 ], [ -44.717703768, -22.467320252 ], [ -44.724968946, -22.483793771 ], [ -44.712124805, -22.493021382 ], [ -44.716220807, -22.514236191 ], [ -44.701039763, -22.51075772 ], [ -44.6880533, -22.520508265 ], [ -44.697797034, -22.534244836 ], [ -44.715897769, -22.539365752 ], [ -44.718536625, -22.554956306 ], [ -44.732339739, -22.562156083 ], [ -44.732528202, -22.575239709 ], [ -44.739662721, -22.578563783 ], [ -44.748882358, -22.570401516 ], [ -44.790084531, -22.586723632 ], [ -44.788514759, -22.596877635 ], [ -44.816206186, -22.613775843 ], [ -44.821272016, -22.599145003 ], [ -44.849640348, -22.602200105 ], [ -44.852357694, -22.558978342 ], [ -44.832628008, -22.560985214 ], [ -44.827797692, -22.549132477 ], [ -44.850591834, -22.523043104 ], [ -44.840544449, -22.50725044 ], [ -44.852464318, -22.487507054 ], [ -44.849168561, -22.441986255 ], [ -44.855209988, -22.432628775 ], [ -44.832952608, -22.430989947 ], [ -44.807983896, -22.414111215 ], [ -44.807673598, -22.409666101 ], [ -44.809405628, -22.407362786 ], [ -44.809436245, -22.40557082 ] ] ] } },
{ "type": "Feature", "properties": { "CD_MUN": "3542305", "NM_MUN": "Redenção da Serra", "SIGLA_UF": "SP", "AREA_KM2": 309.441 }, "geometry": { "type": "Polygon", "coordinates": [ [ [ -45.588823196, -23.179400318 ], [ -45.553609777, -23.161478562 ], [ -45.545575892, -23.176216404 ], [ -45.52175369, -23.17657159 ], [ -45.520031696, -23.199454206 ], [ -45.503325354, -23.219923927 ], [ -45.478541547, -23.224442479 ], [ -45.450895008, -23.221283671 ], [ -45.442116815, -23.207685942 ], [ -45.42539372, -23.205491661 ], [ -45.403913849, -23.179917734 ], [ -45.396988433, -23.18066519 ], [ -45.39785605, -23.205129648 ], [ -45.426810386, -23.22595314 ], [ -45.412348686, -23.240058046 ], [ -45.416420176, -23.255476477 ], [ -45.373653213, -23.269319006 ], [ -45.377051333, -23.283753947 ], [ -45.381244001, -23.289025626 ], [ -45.397944025, -23.276916163 ], [ -45.411584332, -23.280520567 ], [ -45.409867936, -23.28710967 ], [ -45.433542666, -23.293688048 ], [ -45.434610683, -23.307722147 ], [ -45.444324829, -23.292519911 ], [ -45.453187141, -23.29660838 ], [ -45.449524589, -23.312441682 ], [ -45.467963927, -23.305038256 ], [ -45.465298636, -23.329671009 ], [ -45.479532477, -23.315718237 ], [ -45.49434526, -23.316028709 ], [ -45.502128937, -23.326785334 ], [ -45.508871462, -23.315429847 ], [ -45.519053849, -23.333571092 ], [ -45.534139747, -23.326823838 ], [ -45.548938121, -23.339043029 ], [ -45.632819379, -23.2911897 ], [ -45.644132029, -23.295134058 ], [ -45.643709916, -23.279637918 ], [ -45.612158938, -23.247177257 ], [ -45.626164114, -23.218666973 ], [ -45.621640577, -23.205071057 ], [ -45.63540652, -23.204658571 ], [ -45.640750188, -23.196031613 ], [ -45.61614313, -23.180951399 ], [ -45.620418776, -23.174049777 ], [ -45.609479422, -23.163502706 ], [ -45.588823196, -23.179400318 ] ] ] } },
{ "type": "Feature", "properties": { "CD_MUN": "3544301", "NM_MUN": "Roseira", "SIGLA_UF": "SP", "AREA_KM2": 129.847 }, "geometry": { "type": "Polygon", "coordinates": [ [ [ -45.307540827, -22.838155364 ], [ -45.278062678, -22.852017811 ], [ -45.281676164, -22.859214055 ], [ -45.269610968, -22.874959534 ], [ -45.270769324, -22.886633535 ], [ -45.25499231, -22.896566166 ], [ -45.275386399, -22.912823673 ], [ -45.267883987, -22.925437666 ], [ -45.277013387, -22.929246556 ], [ -45.279020962, -22.941161518 ], [ -45.257549761, -23.010447576 ], [ -45.294223248, -23.027080352 ], [ -45.329230428, -23.013143172 ], [ -45.334188974, -22.993771259 ], [ -45.321259919, -22.975651322 ], [ -45.338802858, -22.944924332 ], [ -45.331821055, -22.912390446 ], [ -45.353754702, -22.872486135 ], [ -45.338418836, -22.859787267 ], [ -45.316127941, -22.856739288 ], [ -45.321424126, -22.848605291 ], [ -45.307540827, -22.838155364 ] ] ] } },
{ "type": "Feature", "properties": { "CD_MUN": "3545001", "NM_MUN": "Salesópolis", "SIGLA_UF": "SP", "AREA_KM2": 424.997 }, "geometry": { "type": "Polygon", "coordinates": [ [ [ -45.837815999, -23.473767211 ], [ -45.813339505, -23.499670137 ], [ -45.795204083, -23.491215076 ], [ -45.788014792, -23.493584688 ], [ -45.788442911, -23.509150678 ], [ -45.756026953, -23.51115951 ], [ -45.761943167, -23.518480453 ], [ -45.746090686, -23.539828806 ], [ -45.746127431, -23.566128339 ], [ -45.730937045, -23.574487137 ], [ -45.743752747, -23.602089345 ], [ -45.723916845, -23.598178044 ], [ -45.715327934, -23.608782961 ], [ -45.705947055, -23.601590025 ], [ -45.696841957, -23.6222041 ], [ -45.694984154, -23.631227144 ], [ -45.707498199, -23.644773223 ], [ -45.777657, -23.683060999 ], [ -45.830231, -23.674749999 ], [ -45.838004, -23.669132999 ], [ -45.831143, -23.651561999 ], [ -45.845377, -23.643534999 ], [ -45.857677, -23.655256999 ], [ -45.899555, -23.655855999 ], [ -45.916139, -23.666903999 ], [ -45.921706515, -23.655844929 ], [ -45.938300509, -23.658228058 ], [ -45.928458106, -23.63900798 ], [ -45.932177911, -23.632763479 ], [ -45.960205027, -23.633450135 ], [ -45.931678709, -23.611294296 ], [ -45.930822568, -23.592929575 ], [ -45.945007785, -23.581594189 ], [ -45.965248298, -23.580801281 ], [ -45.965331, -23.543666999 ], [ -45.988825, -23.537628999 ], [ -45.981101, -23.529447999 ], [ -45.992664, -23.519915999 ], [ -45.961913133, -23.497051212 ], [ -45.939377682, -23.494365524 ], [ -45.911335742, -23.506834204 ], [ -45.837815999, -23.473767211 ] ] ] } },
{ "type": "Feature", "properties": { "CD_MUN": "3546009", "NM_MUN": "Santa Branca", "SIGLA_UF": "SP", "AREA_KM2": 272.238 }, "geometry": { "type": "Polygon", "coordinates": [ [ [ -45.80304, -23.329388999 ], [ -45.782332178, -23.35556943 ], [ -45.786961617, -23.370880422 ], [ -45.757558533, -23.374012525 ], [ -45.754033472, -23.380871405 ], [ -45.762314735, -23.402046252 ], [ -45.786733943, -23.420043097 ], [ -45.763448887, -23.435729257 ], [ -45.786134641, -23.460216146 ], [ -45.780671323, -23.487030997 ], [ -45.813339505, -23.499670137 ], [ -45.840262689, -23.472111697 ], [ -45.904063855, -23.505310415 ], [ -45.939377682, -23.494365524 ], [ -45.961241027, -23.498648194 ], [ -45.956984014, -23.488829185 ], [ -45.968353421, -23.475452236 ], [ -45.956904441, -23.468607186 ], [ -45.95186465, -23.451350177 ], [ -45.967046841, -23.427366863 ], [ -45.987384942, -23.419775957 ], [ -45.980209, -23.405421999 ], [ -45.945417, -23.389149999 ], [ -45.931847, -23.396773999 ], [ -45.930013, -23.382273999 ], [ -45.917773, -23.391832999 ], [ -45.930175, -23.366211999 ], [ -45.894891, -23.393612999 ], [ -45.900501, -23.368916999 ], [ -45.883691, -23.375723999 ], [ -45.879561, -23.367168999 ], [ -45.86151, -23.375562999 ], [ -45.856652, -23.355961999 ], [ -45.845173, -23.355849999 ], [ -45.838604, -23.335352999 ], [ -45.82431, -23.347278999 ], [ -45.814597, -23.337227999 ], [ -45.804031, -23.340722999 ], [ -45.80304, -23.329388999 ] ] ] } },
{ "type": "Feature", "properties": { "CD_MUN": "3548203", "NM_MUN": "Santo Antônio do Pinhal", "SIGLA_UF": "SP", "AREA_KM2": 133.008 }, "geometry": { "type": "Polygon", "coordinates": [ [ [ -45.710645433, -22.766962691 ], [ -45.67165722, -22.790930077 ], [ -45.643509096, -22.785976923 ], [ -45.640136674, -22.793562638 ], [ -45.616507578, -22.79558942 ], [ -45.614078839, -22.804056006 ], [ -45.629475193, -22.816280649 ], [ -45.633093115, -22.842493576 ], [ -45.642978535, -22.84528155 ], [ -45.651963102, -22.866167194 ], [ -45.711824395, -22.889103429 ], [ -45.736857643, -22.891087461 ], [ -45.756536142, -22.868040386 ], [ -45.754067773, -22.847670098 ], [ -45.758733423, -22.835521292 ], [ -45.768028146, -22.835958809 ], [ -45.770945138, -22.805926762 ], [ -45.748644513, -22.792296364 ], [ -45.741706877, -22.807916706 ], [ -45.717161742, -22.817023108 ], [ -45.713044696, -22.810615699 ], [ -45.729990406, -22.799843243 ], [ -45.729028964, -22.785237528 ], [ -45.710645433, -22.766962691 ] ] ] } },
{ "type": "Feature", "properties": { "CD_MUN": "3548609", "NM_MUN": "São Bento do Sapucaí", "SIGLA_UF": "SP", "AREA_KM2": 252.579 }, "geometry": { "type": "Polygon", "coordinates": [ [ [ -45.65988277, -22.580081801 ], [ -45.658859594, -22.598110064 ], [ -45.681078344, -22.636335684 ], [ -45.667502042, -22.650642586 ], [ -45.618128055, -22.637914132 ], [ -45.576519593, -22.601702747 ], [ -45.555355438, -22.626440968 ], [ -45.581988298, -22.644666669 ], [ -45.590161355, -22.673782839 ], [ -45.611701065, -22.685723465 ], [ -45.623833276, -22.682776626 ], [ -45.611820918, -22.694787908 ], [ -45.626902552, -22.720052576 ], [ -45.616487345, -22.726102246 ], [ -45.65922094, -22.738193348 ], [ -45.65864671, -22.759042352 ], [ -45.676313615, -22.787584901 ], [ -45.687673329, -22.787697413 ], [ -45.695731137, -22.773456175 ], [ -45.712210174, -22.769843643 ], [ -45.728140305, -22.723683628 ], [ -45.756463756, -22.721039983 ], [ -45.795633911, -22.739021394 ], [ -45.815188507, -22.730194622 ], [ -45.819927819, -22.722718611 ], [ -45.811641029, -22.69870766 ], [ -45.787858892, -22.693356526 ], [ -45.742806738, -22.659166862 ], [ -45.716182813, -22.661992422 ], [ -45.693992663, -22.651709888 ], [ -45.717469436, -22.621009825 ], [ -45.728845022, -22.62047956 ], [ -45.737428896, -22.608538737 ], [ -45.718454773, -22.577991391 ], [ -45.6954392, -22.586338563 ], [ -45.679721392, -22.573418787 ], [ -45.65988277, -22.580081801 ] ] ] } },
{ "type": "Feature", "properties": { "CD_MUN": "3549607", "NM_MUN": "São José do Barreiro", "SIGLA_UF": "SP", "AREA_KM2": 570.685 }, "geometry": { "type": "Polygon", "coordinates": [ [ [ -44.572213811, -22.601431907 ], [ -44.564086764, -22.611992722 ], [ -44.550278978, -22.603761208 ], [ -44.537537845, -22.61819409 ], [ -44.526303901, -22.619291592 ], [ -44.53781249, -22.633038415 ], [ -44.532445706, -22.639697203 ], [ -44.532271782, -22.630727716 ], [ -44.515599965, -22.63010656 ], [ -44.508588432, -22.640947014 ], [ -44.484820839, -22.603872068 ], [ -44.45159843, -22.627528745 ], [ -44.452693793, -22.644559629 ], [ -44.465366272, -22.656057656 ], [ -44.459596644, -22.669043373 ], [ -44.497247453, -22.704700511 ], [ -44.521172755, -22.716021133 ], [ -44.53315105, -22.74074339 ], [ -44.530796713, -22.756589158 ], [ -44.516000567, -22.759156406 ], [ -44.513175554, -22.771911328 ], [ -44.49260417, -22.766481443 ], [ -44.487557549, -22.776040321 ], [ -44.472176262, -22.768595012 ], [ -44.467175081, -22.782770968 ], [ -44.496205872, -22.809364712 ], [ -44.501125119, -22.838337959 ], [ -44.494643508, -22.84678657 ], [ -44.538895983, -22.873696859 ], [ -44.543651558, -22.884945075 ], [ -44.555953404, -22.888091728 ], [ -44.575729535, -22.878017522 ], [ -44.599778732, -22.890768518 ], [ -44.607310766, -22.885236959 ], [ -44.629477704, -22.904919373 ], [ -44.623643995, -22.891501004 ], [ -44.630002641, -22.888962907 ], [ -44.65310022, -22.906713203 ], [ -44.660593761, -22.889852991 ], [ -44.682552396, -22.898619988 ], [ -44.707707307, -22.870005048 ], [ -44.701167066, -22.862187027 ], [ -44.707385459, -22.846481733 ], [ -44.724773222, -22.845851816 ], [ -44.723759794, -22.833307862 ], [ -44.689738868, -22.819544252 ], [ -44.669997371, -22.82119073 ], [ -44.650196287, -22.799084253 ], [ -44.655773476, -22.794232427 ], [ -44.647777086, -22.782374602 ], [ -44.660021605, -22.767589533 ], [ -44.651727302, -22.756565825 ], [ -44.665528174, -22.73673279 ], [ -44.657364745, -22.728020153 ], [ -44.680863714, -22.725951543 ], [ -44.670830596, -22.715790564 ], [ -44.679590509, -22.690495186 ], [ -44.677880717, -22.652818651 ], [ -44.688536115, -22.644614969 ], [ -44.647421954, -22.603792896 ], [ -44.622987208, -22.605123427 ], [ -44.612658762, -22.617368492 ], [ -44.602076008, -22.607771539 ], [ -44.583656655, -22.626213227 ], [ -44.572213811, -22.601431907 ] ] ] } },
{ "type": "Feature", "properties": { "CD_MUN": "3549904", "NM_MUN": "São José dos Campos", "SIGLA_UF": "SP", "AREA_KM2": 1099.409 }, "geometry": { "type": "Polygon", "coordinates": [ [ [ -45.905214, -22.818947999 ], [ -45.909035, -22.829604999 ], [ -45.893673, -22.838953999 ], [ -45.888977, -22.875804999 ], [ -45.870978, -22.871492999 ], [ -45.863815, -22.892440999 ], [ -45.883796, -22.929514999 ], [ -45.895645, -22.933865999 ], [ -45.880611, -22.965667999 ], [ -45.928443, -23.013316999 ], [ -45.931901, -23.030082999 ], [ -45.923327, -23.036074999 ], [ -45.885238, -23.009499999 ], [ -45.878943, -23.028449999 ], [ -45.852739, -23.044620999 ], [ -45.841785, -23.041191999 ], [ -45.793459, -23.107006999 ], [ -45.788074, -23.102394999 ], [ -45.778564, -23.115291999 ], [ -45.776043, -23.104995999 ], [ -45.768234, -23.116323999 ], [ -45.755354, -23.111926999 ], [ -45.759925, -23.166656999 ], [ -45.721280011, -23.237949007 ], [ -45.748287, -23.255130999 ], [ -45.763726, -23.251646999 ], [ -45.793719, -23.292003999 ], [ -45.834374, -23.293758999 ], [ -45.847308, -23.306652999 ], [ -45.904132, -23.294781999 ], [ -45.921214745, -23.263079669 ], [ -45.953709089, -23.256269478 ], [ -45.971425, -23.233861999 ], [ -45.949338, -23.215505999 ], [ -45.953678, -23.204308999 ], [ -45.981264, -23.204729999 ], [ -45.997747, -23.186396999 ], [ -46.007362, -23.199802999 ], [ -46.021176, -23.202381999 ], [ -46.03716, -23.189503999 ], [ -46.052698, -23.188403999 ], [ -46.057793, -23.172510999 ], [ -46.074803, -23.180872999 ], [ -46.077027, -23.169767999 ], [ -46.09281, -23.171598999 ], [ -46.102627, -23.157115999 ], [ -46.09144, -23.143006999 ], [ -46.101062, -23.125571999 ], [ -46.093171, -23.120763999 ], [ -46.103901, -23.117267999 ], [ -46.099782, -23.109459999 ], [ -46.10777, -23.094601999 ], [ -46.104852, -23.084452999 ], [ -46.090727, -23.078883999 ], [ -46.091688, -23.066234999 ], [ -46.076237, -23.037247999 ], [ -46.080756, -23.025636999 ], [ -46.065493, -22.998132999 ], [ -46.082585, -22.985488999 ], [ -46.050711, -22.966222999 ], [ -46.053231, -22.949977999 ], [ -46.041, -22.915444999 ], [ -46.050675, -22.896974999 ], [ -46.027192, -22.884898999 ], [ -46.007734, -22.889382999 ], [ -45.990384, -22.876020999 ], [ -45.993092, -22.869809999 ], [ -45.97455, -22.867998999 ], [ -45.951145, -22.845878999 ], [ -45.932492, -22.841570999 ], [ -45.918988, -22.820676999 ], [ -45.905214, -22.818947999 ] ] ] } },
{ "type": "Feature", "properties": { "CD_MUN": "3550001", "NM_MUN": "São Luiz do Paraitinga", "SIGLA_UF": "SP", "AREA_KM2": 617.315 }, "geometry": { "type": "Polygon", "coordinates": [ [ [ -45.328433746, -23.084923439 ], [ -45.279562899, -23.087232706 ], [ -45.264311008, -23.126501378 ], [ -45.230048206, -23.123501447 ], [ -45.231984496, -23.15798152 ], [ -45.213069792, -23.152951382 ], [ -45.20436369, -23.168179362 ], [ -45.196751521, -23.167544662 ], [ -45.186611452, -23.197484301 ], [ -45.146209488, -23.18750507 ], [ -45.133571352, -23.20396627 ], [ -45.141484335, -23.216201418 ], [ -45.128905428, -23.234157652 ], [ -45.101284643, -23.241649038 ], [ -45.103056558, -23.259232727 ], [ -45.113507742, -23.2712279 ], [ -45.10801869, -23.284026252 ], [ -45.125657049, -23.303699307 ], [ -45.124670864, -23.316406113 ], [ -45.10905403, -23.323873177 ], [ -45.102919915, -23.311461384 ], [ -45.094744899, -23.315912133 ], [ -45.074227585, -23.304234121 ], [ -45.070473227, -23.323439801 ], [ -45.077779514, -23.327639999 ], [ -45.068333944, -23.348142241 ], [ -45.076080443, -23.344968636 ], [ -45.098489979, -23.359053465 ], [ -45.139713901, -23.360157494 ], [ -45.145744615, -23.37853612 ], [ -45.164303635, -23.392097783 ], [ -45.203142717, -23.397077626 ], [ -45.196778141, -23.325580822 ], [ -45.161636866, -23.287155295 ], [ -45.20328281, -23.294802824 ], [ -45.203315173, -23.306418561 ], [ -45.230766863, -23.333253751 ], [ -45.251815286, -23.318398433 ], [ -45.254680435, -23.328763925 ], [ -45.27377952, -23.318738116 ], [ -45.295954958, -23.322664264 ], [ -45.305591664, -23.334355755 ], [ -45.31493541, -23.325945329 ], [ -45.341505325, -23.324947786 ], [ -45.323731599, -23.292340476 ], [ -45.346155418, -23.303601739 ], [ -45.373206645, -23.301673505 ], [ -45.380970504, -23.288999974 ], [ -45.371778556, -23.271925221 ], [ -45.381364409, -23.262791904 ], [ -45.416420176, -23.255476477 ], [ -45.412348686, -23.240058046 ], [ -45.426802422, -23.225803076 ], [ -45.394881824, -23.200521742 ], [ -45.39858083, -23.189087427 ], [ -45.387770322, -23.158889681 ], [ -45.354102839, -23.137395968 ], [ -45.343750691, -23.109054051 ], [ -45.347490331, -23.098492729 ], [ -45.328433746, -23.084923439 ] ] ] } },
{ "type": "Feature", "properties": { "CD_MUN": "3550704", "NM_MUN": "São Sebastião", "SIGLA_UF": "SP", "AREA_KM2": 402.395 }, "geometry": { "type": "MultiPolygon", "coordinates": [ [ [ [ -45.701609986, -24.095859579 ], [ -45.702286489, -24.09558799 ], [ -45.701807505, -24.09548923 ], [ -45.701609986, -24.095859579 ] ] ], [ [ [ -45.704235978, -24.093536427 ], [ -45.705061153, -24.0939673 ], [ -45.705377138, -24.093776447 ], [ -45.704235978, -24.093536427 ] ] ], [ [ [ -45.68981051, -24.091711016 ], [ -45.679929733, -24.097798083 ], [ -45.706276964, -24.113172075 ], [ -45.703983691, -24.105907081 ], [ -45.68981051, -24.091711016 ] ] ], [ [ [ -45.658411147, -24.088964568 ], [ -45.659098925, -24.088946408 ], [ -45.658313786, -24.088689633 ], [ -45.658411147, -24.088964568 ] ] ], [ [ [ -45.663184706, -24.082539534 ], [ -45.663474359, -24.083654466 ], [ -45.663388323, -24.082519458 ], [ -45.663184706, -24.082539534 ] ] ], [ [ [ -45.716559718, -24.079346977 ], [ -45.717009074, -24.080260503 ], [ -45.717216469, -24.080112364 ], [ -45.716559718, -24.079346977 ] ] ], [ [ [ -45.716702919, -24.076670592 ], [ -45.718100367, -24.076606399 ], [ -45.716702919, -24.076152105 ], [ -45.716702919, -24.076670592 ] ] ], [ [ [ -45.654292444, -24.075807921 ], [ -45.656335855, -24.075659923 ], [ -45.654344172, -24.074779676 ], [ -45.654292444, -24.075807921 ] ] ], [ [ [ -45.77475782, -23.858890355 ], [ -45.776554231, -23.86827469 ], [ -45.786976207, -23.86846717 ], [ -45.784654494, -23.859699676 ], [ -45.77475782, -23.858890355 ] ] ], [ [ [ -45.526521832, -23.850059593 ], [ -45.520277189, -23.847721517 ], [ -45.525206214, -23.856346857 ], [ -45.526521832, -23.850059593 ] ] ], [ [ [ -45.443991161, -23.831347902 ], [ -45.443005145, -23.831606675 ], [ -45.443594078, -23.832249147 ], [ -45.443991161, -23.831347902 ] ] ], [ [ [ -45.413045893, -23.827979141 ], [ -45.412714694, -23.828246648 ], [ -45.41336945, -23.82836639 ], [ -45.413045893, -23.827979141 ] ] ], [ [ [ -45.542540685, -23.827741434 ], [ -45.541179894, -23.828374983 ], [ -45.542683457, -23.82886576 ], [ -45.542540685, -23.827741434 ] ] ], [ [ [ -45.469844096, -23.823752523 ], [ -45.470195678, -23.823806025 ], [ -45.469920527, -23.823500302 ], [ -45.469844096, -23.823752523 ] ] ], [ [ [ -45.406269038, -23.816180788 ], [ -45.406363302, -23.81639989 ], [ -45.406477948, -23.81626741 ], [ -45.406269038, -23.816180788 ] ] ], [ [ [ -45.407527597, -23.814873823 ], [ -45.406732717, -23.814927325 ], [ -45.406480496, -23.815431767 ], [ -45.407527597, -23.814873823 ] ] ], [ [ [ -45.406304705, -23.81369679 ], [ -45.405751857, -23.813842009 ], [ -45.405774786, -23.814247091 ], [ -45.406304705, -23.81369679 ] ] ], [ [ [ -45.67141005, -23.805558056 ], [ -45.669291656, -23.806375342 ], [ -45.671480114, -23.807278743 ], [ -45.67141005, -23.805558056 ] ] ], [ [ [ -45.726185282, -23.802295677 ], [ -45.714807156, -23.803365083 ], [ -45.716305169, -23.806270214 ], [ -45.726185282, -23.802295677 ] ] ], [ [ [ -45.711093017, -23.787159849 ], [ -45.704739152, -23.788956908 ], [ -45.717662554, -23.793544916 ], [ -45.711093017, -23.787159849 ] ] ], [ [ [ -45.799013889, -23.773307492 ], [ -45.800400057, -23.772856711 ], [ -45.798933813, -23.772804564 ], [ -45.799013889, -23.773307492 ] ] ], [ [ [ -45.746442254, -23.771691208 ], [ -45.747253449, -23.771880064 ], [ -45.746636034, -23.771326039 ], [ -45.746442254, -23.771691208 ] ] ], [ [ [ -45.753476482, -23.76941333 ], [ -45.753761401, -23.769755285 ], [ -45.7538449, -23.76960447 ], [ -45.753476482, -23.76941333 ] ] ], [ [ [ -45.719623876, -23.648911738 ], [ -45.680125063, -23.665388346 ], [ -45.668968975, -23.679315186 ], [ -45.67277237, -23.690514913 ], [ -45.664004305, -23.7022895 ], [ -45.694868266, -23.722630353 ], [ -45.649513706, -23.726479854 ], [ -45.625653147, -23.719066791 ], [ -45.602705071, -23.728066287 ], [ -45.572898179, -23.725902155 ], [ -45.565166763, -23.743793556 ], [ -45.532992101, -23.738751336 ], [ -45.544436988, -23.748873986 ], [ -45.534248416, -23.75609655 ], [ -45.506286446, -23.727986728 ], [ -45.483812001, -23.723979114 ], [ -45.485847669, -23.733648816 ], [ -45.472351514, -23.75131448 ], [ -45.476772954, -23.759923852 ], [ -45.457808682, -23.74342142 ], [ -45.455878686, -23.728689995 ], [ -45.427043711, -23.708417767 ], [ -45.41929415, -23.726160775 ], [ -45.397134364, -23.723662552 ], [ -45.412482716, -23.753669234 ], [ -45.396867973, -23.780571517 ], [ -45.396579996, -23.810712002 ], [ -45.406529717, -23.809592083 ], [ -45.408777228, -23.815476011 ], [ -45.404922233, -23.819981593 ], [ -45.432256226, -23.833134601 ], [ -45.439787733, -23.826659769 ], [ -45.446362668, -23.833066621 ], [ -45.46697685, -23.819068217 ], [ -45.490073591, -23.830065581 ], [ -45.491441572, -23.83754603 ], [ -45.514329065, -23.842159422 ], [ -45.512561585, -23.831723418 ], [ -45.539704588, -23.828831959 ], [ -45.53462285, -23.818307162 ], [ -45.554741102, -23.810405221 ], [ -45.560195487, -23.792531638 ], [ -45.587557823, -23.792674379 ], [ -45.623106821, -23.805081301 ], [ -45.625515724, -23.787101208 ], [ -45.642130478, -23.784578694 ], [ -45.64360354, -23.777592356 ], [ -45.665931353, -23.785950073 ], [ -45.664077994, -23.778985824 ], [ -45.672756214, -23.774801775 ], [ -45.692612966, -23.782735435 ], [ -45.709324702, -23.770686362 ], [ -45.717524844, -23.774634753 ], [ -45.740119254, -23.767659741 ], [ -45.752332753, -23.767652997 ], [ -45.757041032, -23.770635512 ], [ -45.767515788, -23.762432342 ], [ -45.804108888, -23.769872575 ], [ -45.807711354, -23.759107223 ], [ -45.842402278, -23.758195993 ], [ -45.794878, -23.715683999 ], [ -45.796058, -23.682971999 ], [ -45.741692466, -23.668168659 ], [ -45.719623876, -23.648911738 ] ] ] ] } },
{ "type": "Feature", "properties": { "CD_MUN": "3552007", "NM_MUN": "Silveiras", "SIGLA_UF": "SP", "AREA_KM2": 414.782 }, "geometry": { "type": "Polygon", "coordinates": [ [ [ -44.820385196, -22.600021008 ], [ -44.813135222, -22.620501304 ], [ -44.779708933, -22.605496294 ], [ -44.763600585, -22.627438631 ], [ -44.760967747, -22.647720148 ], [ -44.774014388, -22.675416123 ], [ -44.774186867, -22.703217371 ], [ -44.758015962, -22.729002993 ], [ -44.745436671, -22.730987291 ], [ -44.765763011, -22.756761523 ], [ -44.750526136, -22.760260382 ], [ -44.745857368, -22.7759099 ], [ -44.754445951, -22.788994488 ], [ -44.776974471, -22.797272819 ], [ -44.780071818, -22.814874762 ], [ -44.77042612, -22.816355909 ], [ -44.809932238, -22.847193028 ], [ -44.806736871, -22.859389605 ], [ -44.855321079, -22.869402479 ], [ -44.881443559, -22.890444315 ], [ -44.885802907, -22.88619071 ], [ -44.907835314, -22.896860139 ], [ -44.910405642, -22.8855763 ], [ -44.889001921, -22.870036653 ], [ -44.88914665, -22.856964553 ], [ -44.910000821, -22.809662559 ], [ -44.905704184, -22.787327681 ], [ -44.920016431, -22.766117729 ], [ -44.921943145, -22.753808643 ], [ -44.912194919, -22.743135348 ], [ -44.919652913, -22.726610517 ], [ -44.91360834, -22.708208692 ], [ -44.924651155, -22.697123671 ], [ -44.893033731, -22.690232191 ], [ -44.912673567, -22.680815425 ], [ -44.927718873, -22.654866088 ], [ -44.90255236, -22.639461768 ], [ -44.910804547, -22.613268897 ], [ -44.893635048, -22.609443529 ], [ -44.873611678, -22.621826987 ], [ -44.849640348, -22.602200105 ], [ -44.820385196, -22.600021008 ] ] ] } },
{ "type": "Feature", "properties": { "CD_MUN": "3554102", "NM_MUN": "Taubaté", "SIGLA_UF": "SP", "AREA_KM2": 625.003 }, "geometry": { "type": "Polygon", "coordinates": [ [ [ -45.704673162, -22.947963541 ], [ -45.633890249, -23.001196041 ], [ -45.570045018, -22.987245777 ], [ -45.545835803, -22.99866504 ], [ -45.50181001, -22.979714068 ], [ -45.494353244, -23.014766435 ], [ -45.439019799, -23.071456389 ], [ -45.362391703, -23.006648412 ], [ -45.35101336, -23.008588526 ], [ -45.339775423, -23.031485377 ], [ -45.327837635, -23.034314688 ], [ -45.298237149, -23.022742444 ], [ -45.289156501, -23.046066253 ], [ -45.314051385, -23.057118984 ], [ -45.29668644, -23.086614991 ], [ -45.301308209, -23.09358132 ], [ -45.328433746, -23.084923439 ], [ -45.347275461, -23.098261567 ], [ -45.343750691, -23.109054051 ], [ -45.354102839, -23.137395968 ], [ -45.387770322, -23.158889681 ], [ -45.390437687, -23.173231283 ], [ -45.42539372, -23.205491661 ], [ -45.442116815, -23.207685942 ], [ -45.451188818, -23.221387327 ], [ -45.49912354, -23.221771264 ], [ -45.520031696, -23.199454206 ], [ -45.522249813, -23.176307732 ], [ -45.545575892, -23.176216404 ], [ -45.554063618, -23.161154075 ], [ -45.568833723, -23.159862299 ], [ -45.589465824, -23.179386871 ], [ -45.608542684, -23.16557205 ], [ -45.593763282, -23.134081505 ], [ -45.629650878, -23.115461453 ], [ -45.636172405, -23.089946523 ], [ -45.630959569, -23.081307261 ], [ -45.639837292, -23.063115735 ], [ -45.666264217, -23.030328242 ], [ -45.67411979, -23.04605935 ], [ -45.697413686, -23.026500929 ], [ -45.702714669, -23.007230406 ], [ -45.713376394, -23.009778881 ], [ -45.711230273, -22.990006076 ], [ -45.725088036, -22.969445782 ], [ -45.704673162, -22.947963541 ] ] ] } },
{ "type": "Feature", "properties": { "CD_MUN": "3554805", "NM_MUN": "Tremembé", "SIGLA_UF": "SP", "AREA_KM2": 191.094 }, "geometry": { "type": "Polygon", "coordinates": [ [ [ -45.665732226, -22.880928047 ], [ -45.597355182, -22.875147968 ], [ -45.582974471, -22.888274299 ], [ -45.5659983, -22.888528204 ], [ -45.552641237, -22.899561019 ], [ -45.5462034, -22.922622798 ], [ -45.528189255, -22.918279745 ], [ -45.503634343, -22.978992931 ], [ -45.545835803, -22.99866504 ], [ -45.570045018, -22.987245777 ], [ -45.633890249, -23.001196041 ], [ -45.649443904, -22.984999412 ], [ -45.678438805, -22.975518539 ], [ -45.704673162, -22.947963541 ], [ -45.672464257, -22.923722109 ], [ -45.684171516, -22.906890888 ], [ -45.665732226, -22.880928047 ] ] ] } },
{ "type": "Feature", "properties": { "CD_MUN": "3555406", "NM_MUN": "Ubatuba", "SIGLA_UF": "SP", "AREA_KM2": 708.105 }, "geometry": { "type": "MultiPolygon", "coordinates": [ [ [ [ -45.079287912, -23.563118155 ], [ -45.075869048, -23.563302579 ], [ -45.078771948, -23.564705067 ], [ -45.079287912, -23.563118155 ] ] ], [ [ [ -45.155873353, -23.560170964 ], [ -45.146385865, -23.567265112 ], [ -45.144926128, -23.571089871 ], [ -45.16268031, -23.569962929 ], [ -45.155873353, -23.560170964 ] ] ], [ [ [ -45.151949464, -23.559169864 ], [ -45.150772856, -23.558227753 ], [ -45.150976513, -23.559660328 ], [ -45.151949464, -23.559169864 ] ] ], [ [ [ -45.15504731, -23.550020316 ], [ -45.155580611, -23.550538804 ], [ -45.155244829, -23.549921557 ], [ -45.15504731, -23.550020316 ] ] ], [ [ [ -45.024429204, -23.549649831 ], [ -45.024580354, -23.550052898 ], [ -45.024731504, -23.549966274 ], [ -45.024429204, -23.549649831 ] ] ], [ [ [ -45.21813909, -23.549621855 ], [ -45.215715708, -23.55041609 ], [ -45.218821646, -23.550856273 ], [ -45.21813909, -23.549621855 ] ] ], [ [ [ -45.154860511, -23.546897636 ], [ -45.154404547, -23.548334015 ], [ -45.155852107, -23.547230712 ], [ -45.154860511, -23.546897636 ] ] ], [ [ [ -45.031496948, -23.546586046 ], [ -45.026164382, -23.547625333 ], [ -45.032985404, -23.548219412 ], [ -45.031496948, -23.546586046 ] ] ], [ [ [ -45.022798355, -23.543418238 ], [ -45.023144014, -23.543403424 ], [ -45.022808231, -23.543319479 ], [ -45.022798355, -23.543418238 ] ] ], [ [ [ -45.154059714, -23.533922505 ], [ -45.154365868, -23.533868187 ], [ -45.153827629, -23.533512652 ], [ -45.154059714, -23.533922505 ] ] ], [ [ [ -45.214075663, -23.531764904 ], [ -45.21044755, -23.533441043 ], [ -45.214273644, -23.532418274 ], [ -45.214075663, -23.531764904 ] ] ], [ [ [ -45.078776312, -23.52753094 ], [ -45.069872231, -23.539613982 ], [ -45.059201931, -23.526856203 ], [ -45.050848192, -23.527663296 ], [ -45.039262732, -23.534301873 ], [ -45.04081068, -23.541187137 ], [ -45.077700556, -23.561239391 ], [ -45.083577749, -23.538767552 ], [ -45.078776312, -23.52753094 ] ] ], [ [ [ -45.041069151, -23.518281179 ], [ -45.041452647, -23.516574163 ], [ -45.039897464, -23.516971188 ], [ -45.041069151, -23.518281179 ] ] ], [ [ [ -45.101950264, -23.499020967 ], [ -45.102618985, -23.499286167 ], [ -45.102508688, -23.498653648 ], [ -45.101950264, -23.499020967 ] ] ], [ [ [ -45.052199568, -23.468388034 ], [ -45.052753385, -23.468375229 ], [ -45.052177159, -23.468082314 ], [ -45.052199568, -23.468388034 ] ] ], [ [ [ -45.058701315, -23.467888638 ], [ -45.0584084, -23.468346417 ], [ -45.058797352, -23.468136735 ], [ -45.058701315, -23.467888638 ] ] ], [ [ [ -44.901362708, -23.424167339 ], [ -44.904209829, -23.427588693 ], [ -44.905829212, -23.426571851 ], [ -44.901362708, -23.424167339 ] ] ], [ [ [ -44.861230864, -23.422059668 ], [ -44.860116314, -23.423310385 ], [ -44.861484963, -23.423593067 ], [ -44.861230864, -23.422059668 ] ] ], [ [ [ -45.00803185, -23.413285937 ], [ -45.008623092, -23.413687338 ], [ -45.008457902, -23.413014224 ], [ -45.00803185, -23.413285937 ] ] ], [ [ [ -44.935697007, -23.412527594 ], [ -44.93593099, -23.412324809 ], [ -44.935541019, -23.412285812 ], [ -44.935697007, -23.412527594 ] ] ], [ [ [ -44.85219202, -23.410130454 ], [ -44.849541264, -23.420977195 ], [ -44.859642115, -23.425129902 ], [ -44.854364111, -23.420119714 ], [ -44.85219202, -23.410130454 ] ] ], [ [ [ -44.849391623, -23.404001723 ], [ -44.850502477, -23.405202726 ], [ -44.850193727, -23.4037435 ], [ -44.849391623, -23.404001723 ] ] ], [ [ [ -44.897834743, -23.402726328 ], [ -44.89694821, -23.403155296 ], [ -44.897057401, -23.403420476 ], [ -44.897834743, -23.402726328 ] ] ], [ [ [ -44.854868983, -23.399458083 ], [ -44.855731768, -23.398779104 ], [ -44.854734254, -23.399118372 ], [ -44.854868983, -23.399458083 ] ] ], [ [ [ -44.847188357, -23.39452792 ], [ -44.850621823, -23.403039017 ], [ -44.852538815, -23.402899077 ], [ -44.847188357, -23.39452792 ] ] ], [ [ [ -44.938357908, -23.390912813 ], [ -44.938715381, -23.390790622 ], [ -44.938368307, -23.390850418 ], [ -44.938357908, -23.390912813 ] ] ], [ [ [ -44.888025914, -23.388186343 ], [ -44.888252745, -23.389536375 ], [ -44.888884494, -23.38891783 ], [ -44.888025914, -23.388186343 ] ] ], [ [ [ -44.938134287, -23.3869583 ], [ -44.936401511, -23.388345461 ], [ -44.93893535, -23.388848838 ], [ -44.938134287, -23.3869583 ] ] ], [ [ [ -44.935165347, -23.384613485 ], [ -44.934884568, -23.384891664 ], [ -44.935284938, -23.384912462 ], [ -44.935165347, -23.384613485 ] ] ], [ [ [ -44.888988257, -23.383827538 ], [ -44.887454911, -23.38469474 ], [ -44.889305633, -23.38556429 ], [ -44.888988257, -23.383827538 ] ] ], [ [ [ -44.946581501, -23.382779889 ], [ -44.940386269, -23.383432996 ], [ -44.950744201, -23.38856763 ], [ -44.946581501, -23.382779889 ] ] ], [ [ [ -44.906587579, -23.377745003 ], [ -44.89765782, -23.37620092 ], [ -44.907121409, -23.380237011 ], [ -44.906587579, -23.377745003 ] ] ], [ [ [ -44.893051081, -23.352852291 ], [ -44.892512639, -23.353159026 ], [ -44.892887111, -23.353366152 ], [ -44.893051081, -23.352852291 ] ] ], [ [ [ -44.904878247, -23.352447778 ], [ -44.903018384, -23.352608207 ], [ -44.904318184, -23.35318002 ], [ -44.904878247, -23.352447778 ] ] ], [ [ [ -44.908196879, -23.336534432 ], [ -44.908878875, -23.337388156 ], [ -44.908938179, -23.336407536 ], [ -44.908196879, -23.336534432 ] ] ], [ [ [ -44.916180723, -23.198581138 ], [ -44.892911168, -23.211486392 ], [ -44.882645335, -23.202712707 ], [ -44.885950801, -23.235790337 ], [ -44.870647659, -23.249565059 ], [ -44.836431316, -23.255834917 ], [ -44.839993088, -23.263389624 ], [ -44.823758905, -23.280692338 ], [ -44.8267208, -23.291621355 ], [ -44.807149799, -23.283485517 ], [ -44.778374429, -23.31503532 ], [ -44.777150156, -23.338498795 ], [ -44.759944001, -23.341227521 ], [ -44.756428209, -23.350207859 ], [ -44.723987201, -23.368606869 ], [ -44.750571832, -23.366038806 ], [ -44.785062842, -23.378034195 ], [ -44.784565675, -23.370466519 ], [ -44.796592102, -23.368981213 ], [ -44.806126122, -23.379176553 ], [ -44.84201058, -23.388144767 ], [ -44.836865133, -23.369588056 ], [ -44.849870452, -23.361074724 ], [ -44.865167849, -23.356958834 ], [ -44.890683796, -23.37247958 ], [ -44.882841043, -23.346393992 ], [ -44.908010601, -23.334071645 ], [ -44.92102993, -23.350919576 ], [ -44.94215038, -23.357061446 ], [ -44.949334112, -23.378644317 ], [ -44.960763354, -23.380454411 ], [ -44.977653016, -23.400621885 ], [ -44.992774827, -23.397309178 ], [ -45.008856512, -23.405932562 ], [ -45.013520618, -23.418258786 ], [ -45.032270973, -23.413851627 ], [ -45.043940605, -23.425609063 ], [ -45.048903037, -23.417345497 ], [ -45.061396429, -23.420221614 ], [ -45.059386587, -23.430090672 ], [ -45.069377314, -23.437131273 ], [ -45.060043908, -23.456311228 ], [ -45.037577422, -23.447879211 ], [ -45.03488341, -23.459669538 ], [ -45.01794498, -23.460855454 ], [ -45.062681158, -23.467946397 ], [ -45.081421887, -23.521333785 ], [ -45.087643304, -23.493529991 ], [ -45.104426189, -23.498097904 ], [ -45.106793506, -23.488693656 ], [ -45.124066755, -23.502879475 ], [ -45.107532186, -23.507906374 ], [ -45.105717443, -23.523645984 ], [ -45.112663062, -23.52644328 ], [ -45.113168993, -23.519620675 ], [ -45.138725731, -23.510931498 ], [ -45.137798386, -23.501516015 ], [ -45.169081719, -23.492789193 ], [ -45.174899848, -23.50065934 ], [ -45.162692307, -23.516868906 ], [ -45.166024416, -23.529330852 ], [ -45.157655868, -23.529435506 ], [ -45.162013226, -23.541894467 ], [ -45.185646067, -23.541069982 ], [ -45.190413276, -23.521619204 ], [ -45.206958214, -23.522412252 ], [ -45.22429228, -23.532624572 ], [ -45.230614789, -23.5475821 ], [ -45.214378519, -23.556052138 ], [ -45.219045163, -23.559911595 ], [ -45.209571809, -23.564757777 ], [ -45.215406839, -23.568620862 ], [ -45.210802405, -23.582624765 ], [ -45.230557904, -23.581689208 ], [ -45.244224985, -23.593728612 ], [ -45.257260189, -23.589599673 ], [ -45.262497877, -23.596665248 ], [ -45.264015271, -23.588839178 ], [ -45.278421647, -23.588254364 ], [ -45.272731823, -23.561202312 ], [ -45.259250841, -23.560653101 ], [ -45.26603034, -23.544316177 ], [ -45.280042519, -23.541334862 ], [ -45.273435203, -23.483132949 ], [ -45.176079255, -23.440036224 ], [ -45.176871736, -23.414084979 ], [ -45.16631032, -23.410441179 ], [ -45.175038244, -23.395167979 ], [ -45.14734085, -23.380163372 ], [ -45.139713901, -23.360157494 ], [ -45.098489979, -23.359053465 ], [ -45.076080443, -23.344968636 ], [ -45.068748679, -23.348457599 ], [ -45.077779514, -23.327639999 ], [ -45.070473227, -23.323439801 ], [ -45.074227585, -23.304234121 ], [ -45.067808381, -23.300317009 ], [ -45.044511585, -23.315317945 ], [ -45.010330733, -23.306819874 ], [ -45.017625491, -23.269723765 ], [ -44.994422414, -23.250630342 ], [ -44.995267838, -23.239383282 ], [ -44.98396839, -23.229492186 ], [ -44.961354074, -23.245042178 ], [ -44.931709252, -23.209301228 ], [ -44.916180723, -23.198581138 ] ] ] ] } }
]
}
